# Blender 4.3.2
# www.blender.org
mtllib hypersonic.mtl
o Mesh0
v -0.795942 0.000980 0.182793
v -0.824721 0.000980 0.176347
v -0.810702 0.000980 0.180636
v -0.750130 0.000980 0.184437
v -0.750540 0.000980 0.181613
v -0.978966 0.000980 0.007313
v -0.745316 0.000980 0.178042
v -0.735014 0.000980 0.178023
v -0.867756 0.000980 0.168384
v -0.892742 0.000980 0.161001
v -0.634688 0.000980 0.153072
v -0.339468 0.000980 -0.087274
v -0.325419 0.000980 -0.086192
v 0.922966 0.000979 -0.008826
v -0.853288 0.012256 0.039123
v -0.780855 0.088418 -0.030024
v -0.789211 0.084410 -0.031107
v -0.778612 0.099897 -0.032469
v -0.777453 0.097085 -0.022997
v -0.979958 0.002226 0.006966
v -0.867528 0.004640 0.140823
v -0.889685 0.003486 0.147714
v -0.808452 0.127378 -0.033581
v -0.895634 0.001977 0.158228
v -0.793482 0.133286 -0.030370
v -0.975291 0.036096 -0.032755
v -0.979443 0.036437 -0.018451
v -0.977391 0.039225 -0.033706
v -0.978801 0.037173 -0.022044
v -0.792124 0.172483 -0.038300
v -0.795093 0.179262 -0.038195
v -0.792215 0.183885 -0.038739
v -0.811854 0.010875 -0.042716
v -0.815593 0.008190 0.000025
v -0.814603 0.011121 -0.006561
v -0.812979 0.023945 -0.021561
v -0.733114 0.389229 -0.059598
v -0.734104 0.380941 -0.055544
v -0.736206 0.411926 -0.059997
v -0.729860 0.419029 -0.060304
v -0.724844 0.414391 -0.058201
v -0.718587 0.441135 -0.061230
v -0.719073 0.444668 -0.065511
v -0.369803 0.055878 0.038856
v -0.371533 0.062801 0.038188
v -0.364698 0.062255 0.042590
v -0.695851 0.456110 -0.061141
v -0.716278 0.464228 -0.065514
v -0.355294 0.052803 0.036649
v -0.377425 0.095828 -0.004854
v -0.708930 0.474668 -0.067803
v -0.372404 0.107867 -0.007236
v -0.699438 0.486622 -0.068995
v -0.362279 0.105983 -0.005154
v -0.362510 0.103074 -0.008177
v -0.611316 0.490736 -0.064515
v -0.553774 0.465390 -0.060974
v -0.550387 0.466359 -0.060993
v -0.526961 0.452900 -0.058264
v -0.535360 0.457257 -0.060519
v -0.399799 0.417364 -0.054677
v -0.398122 0.418344 -0.050862
v -0.422413 0.423154 -0.054570
v -0.364686 0.404873 -0.050583
v -0.359773 0.401915 -0.052864
v -0.356457 0.409471 -0.046780
v -0.113211 0.231517 -0.036385
v -0.120014 0.238959 -0.037875
v -0.143092 0.171845 -0.021184
v -0.122564 0.241020 -0.036482
v -0.117017 0.241032 -0.035083
v -0.026622 0.085129 -0.009931
v -0.009612 0.080770 -0.010756
v 0.107422 0.062223 -0.001744
v 0.108306 0.058635 -0.001539
v 0.113158 0.057276 0.001673
v 0.113597 0.060281 -0.002364
v 0.103706 0.052340 0.014665
v 0.127606 0.058480 -0.000999
v 0.111357 0.055531 0.012385
v 0.635553 0.004842 -0.021708
v 0.634788 0.005183 -0.016329
v 0.641341 0.004850 -0.015303
v 0.642054 0.004584 -0.021315
v 0.695910 0.003457 -0.014673
v 0.707577 0.004861 -0.011360
v 0.690602 0.069104 0.002222
v 0.691014 0.071233 0.006873
v -0.771472 0.000980 0.186041
v -0.775992 0.002158 0.181506
v -0.776046 0.002676 0.176427
v -0.793814 0.002546 0.175634
v -0.810280 0.002468 0.172430
v -0.828963 0.002177 0.172040
v -0.850599 0.002845 0.165997
v -0.849099 0.002248 0.170281
v -0.829811 0.002812 0.166559
v -0.759504 0.002276 0.177428
v -0.760157 0.001566 0.181615
v -0.754861 0.002749 0.173075
v -0.970609 0.008190 0.008263
v -0.968352 0.008031 0.006305
v -0.721900 0.000980 0.177511
v -0.716928 0.002766 0.166338
v -0.735984 0.002976 0.166838
v -0.756141 0.003269 0.165114
v -0.883887 0.000980 0.165678
v -0.879026 0.002235 0.163023
v -0.887300 0.002462 0.157929
v -0.893487 0.002580 0.155210
v -0.901867 0.001786 0.158306
v -0.913464 0.001737 0.149403
v -0.625039 0.006356 0.137987
v -0.644887 0.006447 0.136541
v -0.645446 0.005027 0.147763
v -0.447993 0.006500 0.112726
v -0.463770 0.006410 0.115330
v -0.429364 0.006627 0.110349
v -0.341145 0.011874 -0.083688
v -0.326479 0.012031 -0.082498
v -0.358929 0.000980 -0.088715
v -0.359368 0.011683 -0.084392
v -0.308848 0.012073 -0.082030
v -0.309274 0.000980 -0.084684
v -0.397464 0.000980 0.109737
v -0.397755 0.006640 0.106306
v -0.412256 0.006836 0.108158
v -0.252327 0.011947 -0.079217
v -0.235994 0.012086 -0.077860
v -0.216470 0.011580 -0.077842
v -0.198386 0.012018 -0.076687
v -0.179172 0.012258 -0.075905
v -0.084859 0.009575 0.079797
v -0.101084 0.009087 0.080994
v -0.065319 0.000980 0.080815
v -0.064880 0.010167 0.078221
v 0.690721 0.004890 -0.016313
v 0.697102 0.004334 -0.018092
v 0.923523 0.004101 -0.006588
v 0.940373 0.003210 -0.005691
v 0.940388 0.000979 -0.007358
v 0.905739 0.000979 -0.009708
v 0.906090 0.004524 -0.007285
v -0.835170 0.000980 0.049139
v -0.858405 0.000980 0.038596
v -0.833759 0.006758 0.050023
v -0.829641 0.010040 0.050876
v -0.835138 0.016207 0.044099
v -0.849607 0.030321 0.035166
v -0.870620 0.030630 0.029274
v -0.777883 0.076040 -0.054501
v -0.790671 0.074819 -0.056169
v -0.803975 0.102454 -0.030058
v -0.796110 0.108313 -0.032959
v -0.781264 0.095757 -0.031130
v -0.763203 0.083440 -0.035976
v -0.761795 0.080530 -0.044358
v -0.808500 0.080289 -0.041745
v -0.808288 0.082280 -0.022359
v -0.788862 0.082369 -0.015439
v -0.772206 0.081101 -0.008636
v -0.773090 0.086642 -0.019164
v -0.764941 0.093798 -0.032422
v -0.785584 0.110241 -0.034379
v -0.768499 0.106395 -0.034726
v -0.796152 0.110415 -0.026667
v -0.755817 0.084409 -0.015034
v -0.757551 0.093913 -0.020906
v -0.758236 0.104350 -0.021613
v -0.776476 0.107434 -0.023645
v -0.792054 0.116723 -0.026931
v -0.881398 0.004720 0.137706
v -0.877498 0.003904 0.144499
v -0.866115 0.003653 0.149417
v -0.860357 0.005929 0.133880
v -0.867416 0.006380 0.123412
v -0.877345 0.006146 0.127678
v -0.850921 0.003942 0.149210
v -0.849131 0.005081 0.141723
v -0.850969 0.003459 0.155443
v -0.884353 0.003515 0.148496
v -0.886334 0.003906 0.143051
v -0.892868 0.003739 0.144331
v -0.891569 0.003123 0.151101
v -0.884971 0.003092 0.153418
v -0.897338 0.003257 0.148276
v -0.788794 0.127133 -0.037058
v -0.794262 0.152587 -0.038156
v -0.786218 0.149301 -0.039043
v -0.800817 0.129745 -0.030602
v -0.792311 0.152068 -0.032734
v -0.865885 0.003010 0.161464
v -0.876631 0.003127 0.156981
v -0.899542 0.002681 0.152693
v -0.785907 0.125780 -0.027717
v -0.777572 0.144061 -0.029009
v -0.785390 0.148568 -0.030925
v -0.976746 0.036652 -0.037606
v -0.976866 0.032191 -0.047541
v -0.974135 0.031097 -0.046989
v -0.969359 0.035258 -0.033998
v -0.968524 0.035243 -0.023075
v -0.973809 0.035281 -0.020897
v -0.969187 0.030463 -0.047164
v -0.975338 0.036663 -0.015369
v -0.981401 0.037819 -0.026229
v -0.970294 0.039834 -0.016036
v -0.972138 0.041438 -0.024945
v -0.971856 0.041355 -0.036736
v -0.971532 0.036405 -0.051483
v -0.976040 0.034502 -0.049183
v -0.787121 0.171804 -0.034840
v -0.781137 0.190949 -0.036217
v -0.786458 0.189654 -0.037733
v -0.765473 0.190178 -0.042523
v -0.768255 0.167657 -0.041089
v -0.775976 0.217384 -0.044205
v -0.768974 0.217298 -0.044606
v -0.812243 0.012871 -0.036939
v -0.812303 0.018312 -0.040046
v -0.812062 0.013655 -0.046434
v -0.811740 0.006471 -0.043636
v -0.812235 0.007071 -0.035307
v -0.811645 0.007685 -0.049954
v -0.818932 0.000980 0.001684
v -0.815926 0.000980 -0.000862
v -0.814001 0.000980 -0.006162
v -0.818796 0.010136 0.001773
v -0.818178 0.017125 -0.002850
v -0.813460 0.000980 -0.011402
v -0.813542 0.009678 -0.013152
v -0.816852 0.026175 -0.008242
v -0.814011 0.021707 -0.012065
v -0.813185 0.018407 -0.017552
v -0.812776 0.023559 -0.026655
v -0.812822 0.016893 -0.022974
v -0.813436 0.028555 -0.019860
v -0.813117 0.029786 -0.028280
v -0.732459 0.380615 -0.058754
v -0.736237 0.380687 -0.057494
v -0.735485 0.390612 -0.058636
v -0.730117 0.395650 -0.060456
v -0.727175 0.382058 -0.059462
v -0.737283 0.373062 -0.057020
v -0.726439 0.374043 -0.052911
v -0.722125 0.397697 -0.055573
v -0.729146 0.403407 -0.057303
v -0.724045 0.400272 -0.061163
v -0.733172 0.430960 -0.063653
v -0.720876 0.433715 -0.063930
v -0.719818 0.421152 -0.063094
v -0.716404 0.404160 -0.061996
v -0.717340 0.426772 -0.059047
v -0.717582 0.416121 -0.057685
v -0.708689 0.429032 -0.058332
v -0.708180 0.441578 -0.060218
v -0.705897 0.451471 -0.061192
v -0.712175 0.454508 -0.062565
v -0.711273 0.446777 -0.065919
v -0.710958 0.437284 -0.065185
v -0.378362 0.050144 0.038852
v -0.379165 0.040781 0.042228
v -0.370842 0.044814 0.046250
v -0.361187 0.047574 0.050168
v -0.363306 0.061548 0.050726
v -0.370523 0.058627 0.037294
v -0.378837 0.055954 0.035495
v -0.363603 0.057521 0.037016
v -0.362976 0.060430 0.034991
v -0.364673 0.080748 0.045479
v -0.372561 0.076288 0.038561
v -0.373425 0.072808 0.031164
v -0.379531 0.061042 0.032055
v -0.379521 0.069368 0.025741
v -0.364516 0.076492 0.029882
v -0.364526 0.078834 0.035703
v -0.360375 0.080847 0.039354
v -0.359478 0.065298 0.044774
v -0.357712 0.054847 0.044898
v -0.359964 0.050155 0.039586
v -0.362259 0.066184 0.031665
v -0.361114 0.074937 0.024305
v -0.701141 0.460516 -0.062133
v -0.697604 0.449404 -0.060099
v -0.688213 0.461067 -0.061462
v -0.691381 0.468569 -0.062433
v -0.686909 0.452084 -0.060409
v -0.720918 0.461190 -0.065263
v -0.708597 0.469953 -0.064693
v -0.715472 0.461815 -0.065955
v -0.725974 0.459374 -0.066457
v -0.727081 0.464189 -0.066649
v -0.706872 0.469025 -0.067953
v -0.349339 0.038917 0.041958
v -0.345304 0.038777 0.042344
v -0.345079 0.051828 0.036397
v -0.347271 0.062157 0.031154
v -0.356073 0.061010 0.032460
v -0.385240 0.095922 -0.006472
v -0.386470 0.086571 0.004599
v -0.377362 0.088052 0.005566
v -0.372755 0.094575 0.010126
v -0.372745 0.101519 -0.002712
v -0.382015 0.104570 -0.010909
v -0.700028 0.482765 -0.069093
v -0.697715 0.477571 -0.069079
v -0.697985 0.478620 -0.064315
v -0.700387 0.482983 -0.065795
v -0.352294 0.053779 0.045808
v -0.371360 0.107688 0.000125
v -0.363547 0.112271 0.001428
v -0.365235 0.112531 -0.008606
v -0.379996 0.113746 -0.012702
v -0.681478 0.491387 -0.065428
v -0.682740 0.495161 -0.066523
v -0.682186 0.492878 -0.069531
v -0.362995 0.104024 -0.000775
v -0.362699 0.100066 -0.003472
v -0.357967 0.102381 -0.008943
v -0.357879 0.105697 -0.005040
v -0.358485 0.105753 0.000545
v -0.358776 0.097896 -0.005981
v -0.616679 0.485453 -0.063388
v -0.595208 0.478555 -0.061749
v -0.593034 0.485030 -0.062384
v -0.603871 0.494413 -0.064509
v -0.566868 0.466559 -0.062919
v -0.571927 0.469011 -0.060720
v -0.543880 0.455376 -0.061983
v -0.570854 0.463479 -0.063655
v -0.551627 0.459136 -0.058416
v -0.510166 0.447275 -0.056784
v -0.510118 0.444949 -0.059296
v -0.524546 0.447423 -0.060158
v -0.532951 0.447147 -0.056345
v -0.513629 0.441562 -0.054908
v -0.433664 0.428030 -0.054237
v -0.410453 0.417534 -0.051222
v -0.393907 0.414410 -0.050507
v -0.396430 0.412489 -0.054700
v -0.429737 0.413482 -0.055566
v -0.440261 0.426091 -0.052671
v -0.390516 0.410765 -0.049962
v -0.373319 0.409714 -0.051481
v -0.376025 0.404794 -0.053130
v -0.375311 0.404646 -0.048918
v -0.366470 0.402707 -0.051921
v -0.382120 0.399525 -0.053986
v -0.380557 0.401375 -0.048310
v -0.363777 0.391263 -0.053229
v -0.392924 0.383783 -0.053383
v -0.386187 0.393151 -0.054056
v -0.332328 0.406659 -0.050679
v -0.340297 0.396085 -0.057185
v -0.366890 0.396716 -0.047055
v -0.354570 0.398517 -0.044064
v -0.113017 0.228882 -0.041152
v -0.127614 0.234517 -0.044281
v -0.126009 0.239494 -0.040932
v -0.101108 0.219079 -0.031144
v -0.099601 0.220720 -0.035092
v -0.117798 0.233174 -0.033730
v -0.119205 0.226653 -0.031929
v -0.111215 0.220663 -0.031140
v -0.122439 0.239489 -0.038708
v -0.157597 0.178152 -0.025008
v -0.161278 0.164083 -0.022585
v -0.140947 0.160511 -0.019036
v -0.134200 0.182227 -0.022314
v -0.147793 0.192918 -0.026955
v -0.125588 0.169102 -0.019423
v -0.141840 0.249397 -0.042666
v -0.141127 0.252056 -0.036974
v -0.127989 0.242053 -0.035398
v -0.120073 0.237776 -0.034023
v -0.021380 0.083613 -0.009010
v -0.017067 0.081261 -0.009722
v -0.033091 0.080193 -0.008672
v -0.040355 0.089137 -0.015489
v -0.039158 0.087100 -0.010612
v -0.022667 0.090395 -0.016381
v -0.040303 0.095650 -0.017176
v -0.007813 0.085105 -0.014031
v -0.031258 0.075460 -0.012757
v -0.013323 0.077996 -0.011138
v -0.007111 0.080908 -0.001481
v 0.010044 0.079435 -0.006684
v 0.010025 0.078831 -0.009715
v 0.010016 0.078562 -0.011067
v -0.011204 0.079235 -0.006983
v -0.013841 0.080989 -0.006662
v -0.014493 0.075161 -0.012164
v -0.003745 0.077327 -0.009411
v -0.002870 0.076709 -0.005292
v -0.013206 0.077381 -0.002433
v -0.015297 0.078339 -0.004445
v -0.012745 0.079721 -0.007765
v 0.103854 0.062531 -0.002193
v 0.103901 0.062323 -0.007316
v 0.109400 0.061709 -0.005689
v 0.108691 0.061119 0.001832
v 0.103953 0.061531 0.003277
v 0.103696 0.058203 -0.000943
v 0.106947 0.055523 0.005102
v 0.116451 0.057539 0.007662
v 0.120973 0.056646 0.005368
v 0.120469 0.057800 0.000588
v 0.120165 0.058827 -0.002776
v 0.120748 0.058560 0.002642
v 0.115458 0.059064 0.004311
v 0.110159 0.059097 0.006795
v 0.100787 0.054867 0.006615
v 0.092235 0.054927 0.006926
v 0.093560 0.051445 0.015111
v 0.093847 0.049826 0.023844
v 0.102155 0.049776 0.021910
v 0.104140 0.054034 0.016690
v 0.104688 0.056668 0.013226
v 0.099793 0.053633 0.018626
v 0.124644 0.057772 0.001528
v 0.124671 0.058224 0.001899
v 0.104586 0.059533 0.008383
v 0.603029 0.000979 -0.023829
v 0.635551 0.000979 -0.021698
v 0.634604 0.000979 -0.016422
v 0.602940 0.005170 -0.023759
v 0.602269 0.006129 -0.017618
v 0.641688 0.000979 -0.015327
v 0.600469 0.017665 -0.014351
v 0.626766 0.015087 -0.013006
v 0.643342 0.011977 -0.012803
v 0.644042 0.000979 -0.021307
v 0.659553 0.009614 -0.012338
v 0.658891 0.005146 -0.015852
v 0.658406 0.004460 -0.021376
v 0.657764 0.000979 -0.021309
v 0.679469 0.004651 -0.015561
v 0.680133 0.006561 -0.011984
v 0.682673 0.011555 -0.010027
v 0.701878 0.000979 -0.018481
v 0.711919 0.000979 -0.018382
v 0.735373 0.000979 -0.016323
v 0.683393 0.018311 -0.008320
v 0.709722 0.012287 -0.008333
v 0.735839 0.008541 -0.008196
v 0.734745 0.003837 -0.012799
v 0.678395 0.075282 0.004422
v 0.700272 0.062854 0.007903
v 0.687809 0.051576 -0.001702
v 0.660726 0.056028 -0.002812
v 0.660849 0.068224 0.000243
v 0.719978 0.067142 0.006385
v 0.714628 0.048207 -0.000589
v 0.721296 0.058385 0.009382
v 0.674085 0.063241 0.008579
v 0.688751 0.058508 0.009321
v 0.702447 0.054920 0.010065
v 1.021321 0.004488 0.015625
v 1.011049 0.010566 0.011863
v 1.007707 0.012869 0.015219
v 1.011341 0.010780 0.017563
v 0.997794 0.016706 0.018781
v 0.997667 0.015748 0.020523
v 1.011810 0.010288 0.018169
v 1.022330 0.005170 0.014582
v 0.997599 0.016536 0.016475
v 0.980734 0.020662 0.017014
v 0.980770 0.020579 0.019332
v 0.997151 0.015737 0.014389
v 0.980375 0.019436 0.015034
v 0.961967 0.022497 0.014937
v 0.962382 0.024056 0.016585
v 0.996732 0.014953 0.012446
v 0.980020 0.018168 0.012990
v 0.961521 0.020640 0.012922
v 0.943477 0.024665 0.013068
v 0.944037 0.026443 0.014465
v 0.979684 0.016434 0.011026
v 0.961062 0.018744 0.010997
v 0.942778 0.022583 0.011039
v 0.926082 0.026330 0.010882
v 0.926567 0.029374 0.012353
v 0.960579 0.016782 0.009124
v 0.942070 0.020031 0.009154
v 0.925544 0.023314 0.009375
v 0.909583 0.027349 0.010054
v 0.909945 0.029706 0.011745
v 0.941426 0.017487 0.007256
v 0.924868 0.020246 0.007372
v 0.908860 0.024663 0.008555
v 0.892045 0.034333 0.011330
v 0.893014 0.034647 0.015151
v 0.924270 0.017224 0.005332
v 0.907616 0.021097 0.006485
v 0.890553 0.030752 0.009424
v 0.870859 0.043353 0.010953
v 0.869896 0.040730 0.012918
v 0.906629 0.017461 0.004118
v 0.887985 0.024082 0.006919
v 0.868317 0.030806 0.006985
v 0.846306 0.033011 0.005646
v 0.847840 0.046544 0.010779
v 0.886299 0.017913 0.003670
v 0.866351 0.020864 0.003587
v 0.845120 0.021341 0.002340
v 0.823804 0.021827 0.001030
v 0.824404 0.034410 0.004367
v 0.865473 0.014246 -0.000735
v 0.844787 0.014014 -0.002088
v 0.823858 0.013728 -0.003186
v 0.802757 0.013012 -0.004320
v 0.802069 0.022644 -0.000129
v 0.844847 0.010065 -0.005726
v 0.824102 0.009832 -0.006656
v 0.803376 0.009332 -0.007772
v 0.781007 0.007689 -0.008301
v 0.780756 0.012535 -0.005012
v 0.824334 0.005786 -0.009649
v 0.803986 0.005704 -0.010864
v 0.781641 0.005621 -0.012819
v 0.758329 0.005341 -0.013045
v 0.758051 0.007695 -0.007661
v 0.804412 0.000979 -0.013236
v 0.782021 0.000979 -0.015038
v 0.758456 0.000979 -0.015535
v 0.553962 0.000979 -0.027697
v 0.576928 0.000979 -0.025458
v 0.553827 0.005116 -0.027359
v 0.577024 0.005185 -0.025082
v 0.553634 0.007580 -0.020981
v 0.576630 0.006651 -0.018781
v 0.553779 0.021831 -0.017313
v 0.576390 0.019785 -0.015966
v 0.554465 0.036623 -0.014487
v 0.576643 0.032814 -0.013390
v 0.599600 0.029224 -0.012401
v 0.577161 0.045026 -0.011380
v 0.599473 0.040875 -0.010214
v 0.621735 0.035463 -0.009368
v 0.623507 0.024734 -0.011470
v 0.641560 0.029307 -0.009111
v 0.642712 0.019971 -0.010823
v 0.660866 0.023897 -0.008719
v 0.660451 0.016275 -0.010289
v 0.640966 0.039771 -0.007451
v 0.660873 0.032664 -0.006788
v 0.685521 0.026170 -0.006519
v 0.660964 0.044013 -0.005152
v 0.686540 0.037327 -0.004530
v 0.711962 0.031922 -0.003959
v 0.710798 0.020534 -0.006137
v 0.735852 0.027677 -0.003313
v 0.735084 0.016206 -0.005663
v 0.758130 0.024454 -0.002366
v 0.757875 0.013766 -0.005052
v 0.780316 0.023042 -0.001119
v 0.759578 0.041454 0.001062
v 0.780711 0.038803 0.002116
v 0.802545 0.036553 0.003243
v 0.782529 0.058293 0.007369
v 0.804189 0.052883 0.008377
v 0.826134 0.049632 0.010347
v 0.803811 0.048404 0.011271
v 0.825714 0.046101 0.012016
v 0.847312 0.043375 0.012588
v 0.825076 0.042119 0.013608
v 0.846877 0.040268 0.014050
v 0.869489 0.038664 0.014556
v 0.846505 0.037113 0.015152
v 0.868941 0.036179 0.015416
v 0.891690 0.032953 0.016430
v 0.868164 0.033070 0.016482
v 0.890512 0.031265 0.016881
v 0.910185 0.031149 0.013443
v 0.889431 0.029127 0.017402
v 0.909535 0.029313 0.016413
v 0.926963 0.030202 0.015045
v 0.908851 0.027072 0.017999
v 0.926511 0.028498 0.016900
v 0.944268 0.027434 0.017084
v 0.925953 0.025966 0.018772
v 0.943572 0.025345 0.018697
v 0.962165 0.022679 0.018885
v 0.942916 0.023111 0.020505
v 0.961818 0.021111 0.020857
v 0.980542 0.019314 0.021353
v 0.961495 0.019536 0.022837
v 0.980331 0.018061 0.023350
v 0.997527 0.014820 0.022199
v 0.980154 0.016548 0.025203
v 0.997449 0.013758 0.023856
v 1.011978 0.009020 0.020028
v 1.011888 0.009734 0.019111
v 1.021779 0.004508 0.014400
v 1.022111 0.004888 0.014457
v 1.011070 0.008465 0.009427
v 1.011242 0.009198 0.010345
v 1.011349 0.009842 0.011136
v 0.996472 0.013743 0.011092
v 0.996293 0.012514 0.009644
v 0.979439 0.014711 0.009355
v 0.996095 0.011326 0.008214
v 0.979210 0.013085 0.007779
v 0.960212 0.014886 0.007320
v 0.979069 0.011325 0.006039
v 0.959949 0.012911 0.005436
v 0.941005 0.015220 0.005272
v 0.959698 0.010925 0.003544
v 0.940663 0.012936 0.003191
v 0.923919 0.014695 0.003154
v 0.940429 0.010510 0.000940
v 0.923695 0.011928 0.000682
v 0.906068 0.014078 0.001281
v 0.923641 0.009423 -0.001721
v 0.905846 0.010787 -0.001749
v 0.885576 0.013139 -0.000480
v 0.905960 0.007821 -0.004592
v 0.885244 0.009356 -0.003913
v 0.865205 0.010207 -0.004282
v 0.885039 0.005268 -0.006960
v 0.865200 0.005831 -0.007259
v 0.844989 0.005854 -0.008785
v 0.865197 0.000979 -0.008949
v 0.845097 0.000979 -0.010577
v 0.824439 0.000979 -0.011635
v 0.508577 0.000979 -0.029159
v 0.531183 0.000979 -0.028513
v 0.508652 0.005312 -0.028721
v 0.531238 0.005113 -0.028330
v 0.508377 0.009482 -0.023182
v 0.530812 0.007558 -0.022256
v 0.509113 0.025777 -0.019818
v 0.531210 0.023960 -0.018524
v 0.510477 0.043262 -0.016488
v 0.532342 0.040355 -0.015400
v 0.512093 0.058320 -0.013108
v 0.533611 0.053859 -0.012748
v 0.555296 0.049416 -0.012243
v 0.534807 0.064016 -0.010698
v 0.556062 0.059748 -0.009895
v 0.577708 0.055595 -0.009039
v 0.556768 0.068638 -0.008046
v 0.578312 0.064899 -0.007483
v 0.600255 0.061118 -0.006499
v 0.599728 0.051706 -0.008397
v 0.621346 0.056810 -0.005498
v 0.621156 0.046615 -0.007902
v 0.640790 0.050974 -0.005239
v 0.621895 0.065040 -0.003889
v 0.641131 0.060842 -0.003296
v 0.622556 0.072060 -0.001999
v 0.641631 0.069454 -0.001099
v 0.623224 0.077760 0.000033
v 0.641464 0.076546 0.000986
v 0.659228 0.076811 0.004355
v 0.640182 0.074099 0.004777
v 0.657140 0.068090 0.006926
v 0.638338 0.066502 0.007020
v 0.655698 0.060814 0.008497
v 0.672591 0.056076 0.009561
v 0.654769 0.054451 0.009573
v 0.671714 0.050459 0.010410
v 0.687513 0.047239 0.011496
v 0.687936 0.052228 0.010678
v 0.703371 0.043993 0.012220
v 0.703081 0.048965 0.011306
v 0.721697 0.040472 0.013253
v 0.721562 0.045311 0.012301
v 0.721493 0.051056 0.011117
v 0.740958 0.042744 0.013057
v 0.740929 0.048310 0.011913
v 0.741132 0.055293 0.010161
v 0.761131 0.046506 0.012392
v 0.761097 0.054183 0.010239
v 0.761847 0.062080 0.007271
v 0.741710 0.064363 0.007683
v 0.738639 0.047170 0.000831
v 0.782396 0.051035 0.011185
v 0.782032 0.045262 0.012831
v 0.803394 0.043867 0.013036
v 0.781916 0.040517 0.013965
v 0.803154 0.039727 0.014352
v 0.824673 0.038538 0.014787
v 0.803081 0.035795 0.015339
v 0.824411 0.034879 0.015725
v 0.846199 0.033879 0.016078
v 0.824261 0.031311 0.016590
v 0.845908 0.030451 0.016942
v 0.867630 0.030239 0.017088
v 0.845677 0.027011 0.017771
v 0.867173 0.027183 0.017751
v 0.888293 0.026804 0.017967
v 0.866778 0.023519 0.018745
v 0.887438 0.024034 0.018965
v 0.907932 0.024562 0.019089
v 0.887034 0.021006 0.020143
v 0.907213 0.021873 0.020434
v 0.925426 0.023449 0.020530
v 0.906721 0.019392 0.021931
v 0.924902 0.020945 0.022240
v 0.942512 0.021048 0.022492
v 0.924532 0.018999 0.024075
v 0.942181 0.019169 0.024478
v 0.961242 0.017870 0.024777
v 0.941938 0.017493 0.026648
v 0.961026 0.016255 0.026716
v 0.979984 0.015005 0.026997
v 0.960845 0.014438 0.028618
v 0.979835 0.013454 0.028819
v 0.997350 0.011477 0.027026
v 0.997413 0.012628 0.025468
v 1.012116 0.007471 0.022076
v 1.012077 0.008220 0.021058
v 1.021015 0.003686 0.014396
v 1.021384 0.004078 0.014382
v 1.010865 0.006850 0.007966
v 1.010869 0.007632 0.008631
v 0.996072 0.010033 0.006801
v 1.010867 0.005957 0.007209
v 0.996197 0.008734 0.005462
v 0.978990 0.009679 0.004407
v 0.996299 0.007447 0.004129
v 0.978911 0.008141 0.002881
v 0.959671 0.009092 0.001744
v 0.978973 0.006343 0.001149
v 0.959770 0.007000 -0.000325
v 0.940313 0.008222 -0.001257
v 0.959866 0.005115 -0.002074
v 0.940161 0.005718 -0.003588
v 0.923463 0.006609 -0.004465
v 0.960015 0.002886 -0.003961
v 0.979190 0.004575 -0.000473
v 0.979424 0.002817 -0.002076
v 0.979587 0.000979 -0.003066
v 0.960113 0.000979 -0.005351
v 0.884871 0.000979 -0.008870
v 0.466591 0.000979 -0.032669
v 0.487016 0.000979 -0.029812
v 0.466196 0.007177 -0.030107
v 0.486898 0.006238 -0.029018
v 0.465741 0.013724 -0.026327
v 0.486800 0.012742 -0.024972
v 0.465798 0.026717 -0.022902
v 0.487339 0.026783 -0.021265
v 0.467215 0.045931 -0.018716
v 0.488690 0.044923 -0.017185
v 0.469730 0.064202 -0.015185
v 0.490998 0.061827 -0.013976
v 0.471933 0.076036 -0.013020
v 0.493156 0.073061 -0.012003
v 0.513688 0.068848 -0.011179
v 0.494988 0.081417 -0.010887
v 0.515273 0.076777 -0.009691
v 0.535866 0.072273 -0.008851
v 0.516795 0.083058 -0.008498
v 0.536788 0.078508 -0.007660
v 0.557277 0.076127 -0.006363
v 0.537675 0.084429 -0.006180
v 0.557623 0.082123 -0.004852
v 0.579302 0.078855 -0.003977
v 0.578820 0.072597 -0.005472
v 0.601332 0.075220 -0.002906
v 0.600804 0.068677 -0.004615
v 0.579845 0.084336 -0.002185
v 0.601783 0.081016 -0.001038
v 0.580218 0.088684 0.000100
v 0.602721 0.086116 0.001945
v 0.623873 0.083664 0.002387
v 0.599975 0.077413 0.004288
v 0.620514 0.073347 0.005547
v 0.598033 0.068585 0.006135
v 0.618313 0.064875 0.007119
v 0.636757 0.059595 0.008321
v 0.616847 0.057541 0.008035
v 0.635682 0.053509 0.009356
v 0.653978 0.048914 0.010317
v 0.634923 0.047934 0.010167
v 0.653265 0.043986 0.010993
v 0.670566 0.040519 0.012144
v 0.671081 0.045300 0.011362
v 0.687027 0.037892 0.012785
v 0.687221 0.042484 0.012167
v 0.703608 0.035181 0.013824
v 0.703524 0.039471 0.013055
v 0.721884 0.032042 0.014725
v 0.721824 0.036161 0.013988
v 0.741190 0.029633 0.015280
v 0.741180 0.033720 0.014484
v 0.741081 0.037942 0.013884
v 0.761164 0.032666 0.015183
v 0.761143 0.036680 0.014442
v 0.761079 0.041228 0.013576
v 0.781994 0.036215 0.014910
v 0.782064 0.032190 0.015713
v 0.803115 0.031863 0.016230
v 0.782004 0.028571 0.016425
v 0.803127 0.028157 0.017025
v 0.824165 0.027574 0.017283
v 0.802947 0.024634 0.017886
v 0.824097 0.023982 0.018197
v 0.845505 0.023683 0.018521
v 0.824036 0.021190 0.020097
v 0.845365 0.020946 0.020359
v 0.866522 0.020657 0.020102
v 0.845265 0.018906 0.023103
v 0.866359 0.018712 0.022724
v 0.886689 0.018582 0.021879
v 0.866265 0.016901 0.025399
v 0.886499 0.017247 0.024563
v 0.906358 0.017176 0.023595
v 0.886405 0.015799 0.027086
v 0.906123 0.016012 0.026071
v 0.924305 0.016999 0.026069
v 0.905899 0.014861 0.028519
v 0.924148 0.015125 0.028234
v 0.941770 0.015824 0.028812
v 0.924040 0.013381 0.030322
v 0.941688 0.013904 0.030828
v 0.960721 0.012457 0.030307
v 0.941707 0.012002 0.032812
v 0.960655 0.010659 0.031821
v 0.979722 0.009808 0.031771
v 0.979786 0.011498 0.030406
v 0.997410 0.008285 0.029735
v 0.997440 0.009625 0.028780
v 1.012740 0.005788 0.023582
v 1.012476 0.006692 0.022749
v 1.020871 0.003544 0.014618
v 1.020879 0.003479 0.014280
v 1.010834 0.005098 0.006469
v 1.020931 0.003397 0.014147
v 1.010714 0.004336 0.005782
v 0.996388 0.006186 0.002856
v 1.010952 0.003132 0.005346
v 0.996647 0.004209 0.001624
v 1.011120 0.001898 0.004907
v 0.996775 0.002608 0.000744
v 1.011213 0.000979 0.004566
v 0.996916 0.000979 -0.000151
v 0.423519 0.000979 -0.036218
v 0.444992 0.000979 -0.034415
v 0.423359 0.007817 -0.033458
v 0.444906 0.007364 -0.031711
v 0.423157 0.014917 -0.029974
v 0.444695 0.014259 -0.028080
v 0.423291 0.027948 -0.026143
v 0.444768 0.027032 -0.024749
v 0.424562 0.048189 -0.021103
v 0.445952 0.046781 -0.020276
v 0.427081 0.068221 -0.017447
v 0.448345 0.066101 -0.016350
v 0.429404 0.081978 -0.015406
v 0.450589 0.078886 -0.014231
v 0.431277 0.091746 -0.014101
v 0.452487 0.088218 -0.012956
v 0.473862 0.084979 -0.011976
v 0.454136 0.095910 -0.011632
v 0.475507 0.092413 -0.010987
v 0.496691 0.088412 -0.009523
v 0.476810 0.098738 -0.009585
v 0.498088 0.094637 -0.007873
v 0.518376 0.089167 -0.007202
v 0.499327 0.101311 -0.005614
v 0.520306 0.095201 -0.004994
v 0.538143 0.090353 -0.003970
v 0.520944 0.097794 -0.000697
v 0.538343 0.092981 -0.000284
v 0.558177 0.093558 -0.001586
v 0.558039 0.087914 -0.003295
v 0.537590 0.087535 0.001605
v 0.557098 0.085439 0.002093
v 0.578511 0.081402 0.003324
v 0.556059 0.078192 0.003587
v 0.577127 0.073077 0.004727
v 0.555149 0.070484 0.004636
v 0.575987 0.065216 0.005991
v 0.596761 0.060858 0.007250
v 0.575200 0.058460 0.007092
v 0.595861 0.054314 0.008054
v 0.615871 0.051164 0.009094
v 0.595187 0.048535 0.008755
v 0.615174 0.045624 0.010018
v 0.634369 0.042805 0.010817
v 0.614594 0.040606 0.010603
v 0.633823 0.037953 0.011510
v 0.652067 0.034898 0.012651
v 0.652640 0.039316 0.011690
v 0.669776 0.031887 0.013736
v 0.670151 0.036066 0.012825
v 0.686707 0.029710 0.014957
v 0.686892 0.033521 0.013392
v 0.703580 0.028051 0.016831
v 0.703639 0.031055 0.014517
v 0.721880 0.025637 0.018399
v 0.721857 0.028164 0.015501
v 0.741083 0.023964 0.019551
v 0.741148 0.026096 0.016353
v 0.760993 0.023212 0.020164
v 0.761124 0.025577 0.017290
v 0.761164 0.028761 0.015887
v 0.781912 0.025019 0.017344
v 0.781764 0.022888 0.019999
v 0.802702 0.022073 0.020020
v 0.781634 0.020947 0.023028
v 0.802531 0.020347 0.022762
v 0.823902 0.019515 0.022963
v 0.802495 0.018931 0.025928
v 0.823800 0.018038 0.025810
v 0.845249 0.017329 0.025851
v 0.823794 0.016667 0.028525
v 0.845294 0.016106 0.028652
v 0.866293 0.015718 0.028114
v 0.845344 0.014638 0.031036
v 0.866376 0.014311 0.030680
v 0.886436 0.014342 0.029374
v 0.866506 0.012672 0.032844
v 0.886592 0.012557 0.031524
v 0.905782 0.013105 0.030768
v 0.886742 0.010801 0.033603
v 0.905743 0.011063 0.033052
v 0.923904 0.011548 0.032622
v 0.905745 0.008814 0.034699
v 0.923989 0.009046 0.034085
v 0.941800 0.009406 0.034396
v 0.924099 0.006512 0.035598
v 0.941920 0.006743 0.035670
v 0.960761 0.006094 0.034218
v 0.960678 0.008523 0.033090
v 0.979598 0.005718 0.034171
v 0.979641 0.007984 0.033244
v 0.997521 0.004814 0.031983
v 0.997446 0.006496 0.030988
v 1.013534 0.003613 0.025187
v 1.013095 0.004704 0.024432
v 1.020962 0.003249 0.013466
v 1.013946 0.002510 0.025910
v 1.021693 0.002370 0.013147
v 1.014369 0.000979 0.026575
v 1.022392 0.000979 0.013039
v 0.380132 0.000979 -0.039706
v 0.401805 0.000979 -0.037886
v 0.380114 0.008549 -0.037120
v 0.401716 0.008114 -0.035306
v 0.380120 0.016607 -0.033693
v 0.401594 0.015627 -0.031932
v 0.380510 0.031340 -0.029396
v 0.401878 0.029467 -0.028147
v 0.382016 0.052752 -0.023648
v 0.403238 0.050306 -0.022518
v 0.384603 0.074201 -0.019798
v 0.405834 0.070910 -0.018838
v 0.387251 0.089552 -0.017681
v 0.408294 0.085354 -0.016281
v 0.389278 0.099487 -0.015673
v 0.410298 0.095465 -0.014908
v 0.391191 0.107871 -0.014407
v 0.412089 0.103668 -0.013616
v 0.432975 0.099725 -0.012672
v 0.413650 0.110747 -0.012187
v 0.434505 0.106523 -0.011158
v 0.455540 0.102406 -0.010227
v 0.436019 0.113636 -0.008824
v 0.456839 0.108890 -0.008220
v 0.478118 0.105282 -0.006768
v 0.457635 0.112942 -0.005826
v 0.478645 0.108966 -0.003365
v 0.499933 0.104181 -0.003065
v 0.477457 0.103515 -0.001671
v 0.498624 0.099041 -0.000971
v 0.518858 0.093031 0.000896
v 0.496996 0.092723 0.000456
v 0.516789 0.086802 0.001699
v 0.536380 0.081322 0.002786
v 0.514998 0.080602 0.002369
v 0.535105 0.075058 0.003614
v 0.513397 0.074025 0.003319
v 0.533844 0.068600 0.004313
v 0.554398 0.063589 0.005451
v 0.532830 0.061724 0.004968
v 0.553756 0.057012 0.006421
v 0.574629 0.052481 0.007797
v 0.553343 0.050897 0.007279
v 0.574171 0.046979 0.008312
v 0.594631 0.043462 0.009525
v 0.573755 0.041478 0.008886
v 0.594103 0.038554 0.010328
v 0.614060 0.035925 0.011285
v 0.593633 0.034985 0.012751
v 0.613504 0.032522 0.014021
v 0.632766 0.030989 0.015981
v 0.633251 0.033645 0.012889
v 0.651159 0.028939 0.017628
v 0.651548 0.031010 0.013925
v 0.668926 0.027478 0.019813
v 0.669348 0.028736 0.015929
v 0.686142 0.025887 0.022206
v 0.686476 0.027313 0.018213
v 0.703395 0.024232 0.024115
v 0.703480 0.025686 0.020206
v 0.721773 0.022701 0.025839
v 0.721847 0.023738 0.022060
v 0.741055 0.021130 0.026891
v 0.741002 0.022326 0.023148
v 0.760599 0.020167 0.026725
v 0.760759 0.021501 0.023330
v 0.781623 0.019672 0.026122
v 0.760802 0.018693 0.029919
v 0.781613 0.018477 0.028903
v 0.802561 0.017932 0.029007
v 0.781696 0.016958 0.032009
v 0.802710 0.016310 0.032044
v 0.823859 0.015148 0.031012
v 0.802798 0.014702 0.034930
v 0.824038 0.013182 0.033221
v 0.845415 0.012832 0.033062
v 0.824210 0.011242 0.035409
v 0.845459 0.010997 0.035118
v 0.866604 0.010919 0.034862
v 0.845476 0.008669 0.036556
v 0.866656 0.008593 0.036195
v 0.886807 0.008480 0.035054
v 0.866703 0.006243 0.037509
v 0.886854 0.006142 0.036458
v 0.905798 0.006330 0.036101
v 0.886873 0.003645 0.037264
v 0.905840 0.003758 0.037141
v 0.924184 0.003883 0.036820
v 0.905879 0.000979 0.037726
v 0.924214 0.000979 0.037450
v 0.942062 0.000979 0.037038
v 0.942008 0.003901 0.036555
v 0.960928 0.000979 0.035727
v 0.960883 0.003631 0.035376
v 0.979528 0.000979 0.035451
v 0.979538 0.003342 0.035107
v 0.997789 0.000979 0.033014
v 0.997627 0.002841 0.032521
v 0.337395 0.000979 -0.042740
v 0.358402 0.000979 -0.041241
v 0.337359 0.009057 -0.040178
v 0.358401 0.008854 -0.039112
v 0.337472 0.019512 -0.036858
v 0.358574 0.017751 -0.035548
v 0.338112 0.037185 -0.031663
v 0.359235 0.034360 -0.030702
v 0.339730 0.058625 -0.025581
v 0.360781 0.055633 -0.024400
v 0.342658 0.080888 -0.022504
v 0.363557 0.077593 -0.020988
v 0.345274 0.097313 -0.019074
v 0.366219 0.093510 -0.018502
v 0.347436 0.108407 -0.017816
v 0.368351 0.104271 -0.017034
v 0.349433 0.117606 -0.016739
v 0.370298 0.112674 -0.015275
v 0.351204 0.125463 -0.015227
v 0.372130 0.120038 -0.013986
v 0.392920 0.115014 -0.013134
v 0.373878 0.127054 -0.012276
v 0.394456 0.121831 -0.010953
v 0.415244 0.118190 -0.009943
v 0.395617 0.127096 -0.008634
v 0.416250 0.122442 -0.006329
v 0.436666 0.117177 -0.005732
v 0.414885 0.117515 -0.004005
v 0.435516 0.112613 -0.003501
v 0.456537 0.108456 -0.002767
v 0.433835 0.105893 -0.002097
v 0.454858 0.101541 -0.001394
v 0.476029 0.097154 -0.000398
v 0.453327 0.094966 -0.000663
v 0.474515 0.090793 0.000507
v 0.495262 0.086213 0.001251
v 0.472948 0.083730 0.001070
v 0.493509 0.079268 0.001924
v 0.471454 0.075860 0.001481
v 0.491949 0.071573 0.002909
v 0.512073 0.066724 0.004092
v 0.490797 0.063571 0.004061
v 0.511209 0.059180 0.004844
v 0.532148 0.054902 0.006187
v 0.510687 0.051748 0.005668
v 0.531809 0.048177 0.007020
v 0.552991 0.044888 0.008088
v 0.531522 0.041491 0.007892
v 0.552593 0.039152 0.009066
v 0.573288 0.036701 0.010656
v 0.552177 0.035670 0.013058
v 0.572816 0.034053 0.015039
v 0.593163 0.032642 0.016963
v 0.572327 0.032573 0.020319
v 0.592689 0.031589 0.021788
v 0.612574 0.030306 0.023058
v 0.613025 0.031275 0.018500
v 0.631747 0.028525 0.024504
v 0.632303 0.029429 0.020107
v 0.650197 0.027467 0.026518
v 0.650731 0.027846 0.022017
v 0.668159 0.025713 0.028562
v 0.668519 0.026837 0.024304
v 0.685721 0.023299 0.030358
v 0.685876 0.024666 0.026268
v 0.703448 0.021593 0.031954
v 0.703384 0.022903 0.027963
v 0.721897 0.019851 0.033154
v 0.721810 0.021348 0.029475
v 0.741435 0.017983 0.033986
v 0.741201 0.019604 0.030572
v 0.761288 0.017266 0.033065
v 0.741537 0.015816 0.036416
v 0.761539 0.015113 0.035741
v 0.781814 0.015024 0.034890
v 0.761652 0.012775 0.038140
v 0.781871 0.012680 0.037134
v 0.802874 0.012408 0.037013
v 0.781914 0.009974 0.038912
v 0.802952 0.009789 0.038715
v 0.824270 0.008887 0.036906
v 0.803010 0.007000 0.040020
v 0.824342 0.006393 0.038325
v 0.845484 0.006240 0.037860
v 0.824416 0.003762 0.039355
v 0.845492 0.003686 0.039001
v 0.866727 0.003649 0.038174
v 0.845522 0.000979 0.039517
v 0.866780 0.000979 0.038707
v 0.886905 0.000979 0.037820
v 0.294981 0.000979 -0.045762
v 0.316399 0.000979 -0.044362
v 0.294923 0.011066 -0.042742
v 0.316345 0.009763 -0.041646
v 0.295081 0.024464 -0.039534
v 0.316416 0.022124 -0.038081
v 0.295766 0.042836 -0.033472
v 0.317065 0.040139 -0.032567
v 0.297405 0.064005 -0.027538
v 0.318653 0.061491 -0.026737
v 0.300244 0.086032 -0.024254
v 0.321463 0.083576 -0.023082
v 0.303109 0.104352 -0.021707
v 0.324237 0.100956 -0.020537
v 0.305457 0.117165 -0.020242
v 0.326476 0.112895 -0.018672
v 0.307246 0.126107 -0.018986
v 0.328328 0.122007 -0.017584
v 0.308797 0.133844 -0.017834
v 0.329975 0.129906 -0.016494
v 0.310196 0.141264 -0.016120
v 0.331413 0.137196 -0.014756
v 0.352828 0.132575 -0.013405
v 0.332366 0.142768 -0.011887
v 0.354111 0.138229 -0.011550
v 0.375169 0.132655 -0.010118
v 0.352895 0.134167 -0.008008
v 0.373823 0.128628 -0.006394
v 0.394436 0.122997 -0.005395
v 0.371695 0.120957 -0.004785
v 0.392393 0.115563 -0.003921
v 0.413060 0.110647 -0.002467
v 0.390502 0.108309 -0.003283
v 0.411301 0.103541 -0.002260
v 0.432176 0.099072 -0.001663
v 0.409525 0.095599 -0.002193
v 0.430510 0.091510 -0.001404
v 0.451751 0.087644 0.000086
v 0.429017 0.083165 -0.000346
v 0.450287 0.079659 0.000881
v 0.427509 0.073521 0.000766
v 0.448901 0.070712 0.001430
v 0.470113 0.067360 0.002579
v 0.447880 0.061459 0.002630
v 0.469248 0.058838 0.004025
v 0.490095 0.055526 0.004806
v 0.468711 0.050799 0.004676
v 0.489609 0.048018 0.005821
v 0.510287 0.044657 0.006517
v 0.489149 0.041114 0.008030
v 0.509984 0.038537 0.008732
v 0.531173 0.036641 0.011111
v 0.509727 0.036189 0.014984
v 0.530715 0.035320 0.017236
v 0.551666 0.034058 0.018973
v 0.530255 0.033790 0.024094
v 0.551183 0.032349 0.025267
v 0.571904 0.031605 0.026019
v 0.550981 0.029795 0.032276
v 0.571636 0.029202 0.032512
v 0.591969 0.028179 0.032635
v 0.592292 0.030500 0.026666
v 0.611723 0.026882 0.033465
v 0.612114 0.028869 0.027651
v 0.630902 0.025185 0.034728
v 0.631238 0.027223 0.029355
v 0.649641 0.023249 0.035737
v 0.649809 0.025794 0.031065
v 0.667746 0.021145 0.036978
v 0.667867 0.023752 0.032700
v 0.685651 0.018739 0.038306
v 0.685640 0.021339 0.034449
v 0.703728 0.016603 0.038828
v 0.703610 0.019515 0.035558
v 0.722084 0.014920 0.039014
v 0.721980 0.017505 0.036001
v 0.741615 0.013492 0.039062
v 0.722161 0.011702 0.041218
v 0.741671 0.010645 0.041049
v 0.761724 0.009957 0.039891
v 0.741716 0.007680 0.042797
v 0.761816 0.007168 0.041650
v 0.781975 0.007069 0.040263
v 0.761866 0.004164 0.042657
v 0.782016 0.004063 0.041160
v 0.803068 0.004033 0.041030
v 0.782057 0.000979 0.041653
v 0.803115 0.000979 0.041553
v 0.824452 0.000979 0.039915
v 0.252220 0.000980 -0.049288
v 0.273613 0.000979 -0.047314
v 0.252046 0.010490 -0.046413
v 0.273521 0.011297 -0.044422
v 0.252184 0.025823 -0.042669
v 0.273631 0.025600 -0.040776
v 0.252980 0.046194 -0.035938
v 0.274380 0.044827 -0.034650
v 0.254687 0.067985 -0.029948
v 0.276084 0.066095 -0.028622
v 0.257463 0.090466 -0.026572
v 0.278853 0.088355 -0.025715
v 0.260622 0.110267 -0.024054
v 0.281863 0.107408 -0.022433
v 0.263031 0.123411 -0.022353
v 0.284254 0.120449 -0.021328
v 0.264973 0.133304 -0.021452
v 0.286145 0.130084 -0.020564
v 0.266683 0.141746 -0.020386
v 0.287726 0.138065 -0.019320
v 0.268171 0.149257 -0.018373
v 0.289220 0.145429 -0.017271
v 0.269317 0.155392 -0.015198
v 0.290412 0.151571 -0.014759
v 0.311273 0.147144 -0.013232
v 0.289373 0.148076 -0.009750
v 0.310290 0.143237 -0.008980
v 0.331440 0.139011 -0.008196
v 0.308565 0.135390 -0.007327
v 0.329650 0.131110 -0.006278
v 0.350840 0.126392 -0.005779
v 0.327871 0.123250 -0.005662
v 0.348860 0.118727 -0.005147
v 0.369653 0.113490 -0.004399
v 0.346893 0.110230 -0.005450
v 0.367646 0.105187 -0.004394
v 0.388618 0.100102 -0.002869
v 0.365622 0.094866 -0.003648
v 0.386663 0.090336 -0.002518
v 0.407800 0.086394 -0.001682
v 0.384852 0.078968 -0.001477
v 0.406179 0.076035 -0.000229
v 0.383625 0.067851 0.000159
v 0.405034 0.065610 0.000952
v 0.426448 0.063551 0.001711
v 0.404315 0.056287 0.001934
v 0.425815 0.054518 0.002830
v 0.447344 0.052966 0.003917
v 0.425373 0.046174 0.004049
v 0.446884 0.044991 0.004972
v 0.468282 0.043266 0.005690
v 0.446397 0.040468 0.009979
v 0.467736 0.039004 0.011270
v 0.488774 0.037428 0.013150
v 0.467223 0.037037 0.018789
v 0.488372 0.035862 0.020436
v 0.509366 0.035102 0.022301
v 0.487997 0.033877 0.028176
v 0.509093 0.032477 0.029699
v 0.530065 0.031050 0.031300
v 0.509034 0.028575 0.038250
v 0.530056 0.026995 0.039338
v 0.550958 0.025692 0.040036
v 0.529987 0.020168 0.046606
v 0.550887 0.019028 0.046619
v 0.571533 0.018196 0.046302
v 0.571583 0.024730 0.040010
v 0.591735 0.017413 0.045773
v 0.591799 0.023795 0.039722
v 0.611389 0.016428 0.045239
v 0.611446 0.022592 0.039939
v 0.630651 0.015344 0.044811
v 0.630719 0.021046 0.040165
v 0.649435 0.014109 0.044450
v 0.649538 0.019299 0.040470
v 0.667591 0.012573 0.044266
v 0.667641 0.017341 0.041001
v 0.685569 0.010914 0.044146
v 0.685597 0.015192 0.041613
v 0.703778 0.009506 0.043866
v 0.703761 0.013193 0.041614
v 0.722242 0.008389 0.043261
v 0.703795 0.005339 0.045163
v 0.722279 0.004733 0.044381
v 0.741756 0.004332 0.043840
v 0.722333 0.000980 0.045227
v 0.741793 0.000980 0.044549
v 0.761930 0.000979 0.043428
v 0.703811 0.000980 0.045864
v 0.685575 0.000980 0.046560
v 0.667559 0.000980 0.047405
v 0.649398 0.000980 0.048390
v 0.630654 0.000980 0.049355
v 0.611412 0.000980 0.050349
v 0.591737 0.000980 0.051241
v 0.571537 0.000980 0.052149
v 0.550823 0.000980 0.052841
v 0.529925 0.000980 0.053457
v 0.508937 0.000980 0.054128
v 0.209957 0.000980 -0.052902
v 0.231199 0.000980 -0.051276
v 0.209747 0.012315 -0.048784
v 0.230969 0.010804 -0.047962
v 0.209872 0.028275 -0.045197
v 0.230976 0.026176 -0.044013
v 0.210572 0.049344 -0.038436
v 0.231751 0.047597 -0.037388
v 0.212158 0.071430 -0.031796
v 0.233392 0.069678 -0.030898
v 0.214927 0.094334 -0.029310
v 0.236228 0.092405 -0.027475
v 0.218153 0.115323 -0.026361
v 0.239350 0.112878 -0.025345
v 0.220721 0.129741 -0.025152
v 0.241870 0.126591 -0.024045
v 0.222815 0.140121 -0.024506
v 0.243891 0.136632 -0.023218
v 0.224755 0.149180 -0.023306
v 0.245712 0.145340 -0.021931
v 0.226434 0.157113 -0.020953
v 0.247298 0.153065 -0.019608
v 0.227763 0.163868 -0.017707
v 0.248571 0.159538 -0.016096
v 0.227113 0.162219 -0.013128
v 0.247721 0.156958 -0.012073
v 0.268468 0.152360 -0.010951
v 0.245964 0.149213 -0.010434
v 0.266725 0.144472 -0.008908
v 0.287650 0.140010 -0.008215
v 0.265007 0.136389 -0.008605
v 0.285971 0.132137 -0.007958
v 0.306893 0.127549 -0.006619
v 0.284168 0.123276 -0.008318
v 0.305100 0.118975 -0.006757
v 0.326064 0.114797 -0.005872
v 0.303062 0.108193 -0.007214
v 0.323921 0.103737 -0.006054
v 0.344761 0.099326 -0.005486
v 0.321528 0.088587 -0.005426
v 0.342494 0.085272 -0.003450
v 0.363568 0.081932 -0.002447
v 0.341003 0.071981 -0.002264
v 0.362212 0.069772 -0.001181
v 0.340082 0.061234 -0.001067
v 0.361593 0.059842 0.000460
v 0.382935 0.058213 0.001169
v 0.361113 0.050614 0.001395
v 0.382431 0.049430 0.002740
v 0.403723 0.047717 0.003210
v 0.381897 0.042837 0.007680
v 0.403264 0.041259 0.008159
v 0.424904 0.040450 0.008787
v 0.402951 0.040019 0.016204
v 0.424441 0.039371 0.016756
v 0.445884 0.038491 0.017590
v 0.424114 0.037371 0.024789
v 0.445524 0.036305 0.025517
v 0.466809 0.035219 0.026764
v 0.445516 0.032088 0.036254
v 0.466630 0.031022 0.036694
v 0.487833 0.030053 0.037393
v 0.466673 0.023344 0.046309
v 0.487828 0.022615 0.046149
v 0.508960 0.021614 0.046335
v 0.487885 0.012560 0.052302
v 0.508901 0.011980 0.051879
v 0.529923 0.011210 0.051627
v 0.550823 0.010548 0.051170
v 0.571475 0.010055 0.050581
v 0.591687 0.009593 0.049761
v 0.611355 0.009098 0.048900
v 0.630616 0.008494 0.048078
v 0.649379 0.007799 0.047372
v 0.667574 0.006962 0.046614
v 0.685570 0.006088 0.045905
v 0.487964 0.000980 0.054808
v 0.466921 0.000980 0.055744
v 0.466822 0.013078 0.053213
v 0.445661 0.013475 0.053990
v 0.445727 0.000980 0.056817
v 0.445606 0.024150 0.046711
v 0.424425 0.025044 0.047058
v 0.424473 0.013952 0.054536
v 0.424226 0.033071 0.035951
v 0.402688 0.034105 0.035799
v 0.402982 0.025890 0.047638
v 0.402665 0.038739 0.024448
v 0.381111 0.039315 0.024287
v 0.381080 0.034895 0.035913
v 0.381459 0.040746 0.015747
v 0.360033 0.041788 0.015207
v 0.359585 0.039828 0.024084
v 0.360573 0.044030 0.006704
v 0.338934 0.044831 0.006025
v 0.338543 0.043302 0.014974
v 0.339393 0.051655 0.000660
v 0.317844 0.053230 -0.000217
v 0.317242 0.045843 0.005272
v 0.318683 0.063245 -0.002136
v 0.297140 0.065434 -0.002829
v 0.296220 0.055157 -0.001952
v 0.319749 0.074523 -0.003021
v 0.298427 0.077194 -0.004812
v 0.277205 0.080942 -0.006003
v 0.275541 0.068239 -0.004367
v 0.300492 0.092757 -0.006212
v 0.279597 0.097285 -0.008127
v 0.258559 0.101452 -0.009573
v 0.255925 0.084480 -0.007186
v 0.282229 0.112604 -0.008746
v 0.261222 0.117074 -0.009272
v 0.240237 0.121549 -0.010653
v 0.237354 0.105276 -0.010603
v 0.263246 0.127736 -0.008852
v 0.242283 0.132147 -0.010088
v 0.221536 0.136940 -0.011938
v 0.219400 0.125922 -0.012455
v 0.244112 0.140868 -0.009856
v 0.223354 0.145713 -0.011483
v 0.202483 0.150274 -0.012081
v 0.200682 0.141421 -0.012482
v 0.225197 0.154099 -0.011649
v 0.204368 0.158923 -0.012067
v 0.183457 0.163259 -0.013654
v 0.181620 0.154295 -0.013591
v 0.206348 0.167219 -0.013689
v 0.185226 0.171518 -0.015062
v 0.164136 0.175696 -0.016174
v 0.162377 0.167378 -0.015028
v 0.206853 0.168565 -0.019209
v 0.185822 0.172921 -0.020437
v 0.164605 0.176635 -0.021445
v 0.143469 0.180893 -0.023374
v 0.143021 0.180342 -0.017574
v 0.184518 0.165518 -0.024556
v 0.163354 0.169303 -0.025772
v 0.142161 0.173226 -0.027304
v 0.120848 0.177264 -0.029128
v 0.122111 0.185095 -0.024507
v 0.161628 0.160295 -0.027665
v 0.140425 0.164231 -0.028982
v 0.119145 0.167917 -0.030907
v 0.097747 0.171109 -0.032086
v 0.099398 0.180651 -0.030653
v 0.138411 0.153907 -0.029534
v 0.117139 0.157194 -0.031442
v 0.095728 0.159929 -0.032256
v 0.074467 0.162492 -0.034286
v 0.076469 0.174079 -0.034178
v 0.114686 0.143385 -0.032146
v 0.093186 0.145046 -0.032774
v 0.071767 0.146068 -0.035380
v 0.050170 0.146523 -0.036210
v 0.053149 0.164745 -0.035601
v 0.089795 0.123872 -0.035081
v 0.068284 0.123647 -0.036733
v 0.046713 0.123170 -0.037993
v 0.025207 0.122513 -0.040178
v 0.028750 0.146111 -0.038279
v 0.065138 0.100263 -0.038611
v 0.043606 0.100014 -0.040713
v 0.022062 0.099317 -0.041528
v 0.000507 0.098525 -0.043000
v 0.003605 0.121436 -0.040989
v 0.041069 0.077212 -0.043085
v 0.019609 0.076883 -0.044674
v -0.001956 0.076465 -0.046227
v -0.023636 0.076004 -0.047981
v -0.021077 0.097620 -0.044778
v 0.018099 0.056119 -0.052516
v -0.003462 0.056089 -0.054138
v -0.025223 0.056283 -0.056117
v -0.047061 0.056391 -0.057790
v -0.045463 0.075791 -0.050022
v -0.004639 0.035797 -0.060486
v -0.026406 0.036583 -0.062229
v -0.048318 0.037168 -0.063716
v -0.070350 0.037393 -0.065085
v -0.069067 0.056471 -0.059670
v -0.027213 0.017789 -0.065885
v -0.049198 0.018481 -0.067471
v -0.071206 0.018857 -0.068757
v -0.093114 0.018563 -0.070192
v -0.092355 0.037094 -0.066877
v -0.049560 0.000980 -0.070091
v -0.071575 0.000980 -0.071109
v -0.093426 0.000980 -0.072203
v -0.115088 0.000980 -0.072768
v -0.114822 0.017147 -0.071349
v -0.157679 0.013163 -0.074971
v -0.136286 0.014889 -0.072615
v -0.157278 0.030666 -0.071685
v -0.135645 0.033736 -0.070328
v -0.114276 0.035866 -0.068092
v -0.135081 0.054446 -0.065198
v -0.113318 0.055578 -0.063284
v -0.091192 0.056300 -0.061568
v -0.111900 0.075284 -0.056113
v -0.089594 0.075548 -0.054457
v -0.067420 0.075607 -0.052181
v -0.087284 0.095281 -0.048533
v -0.065010 0.095862 -0.046766
v -0.043023 0.096699 -0.045453
v -0.061774 0.117474 -0.045166
v -0.039737 0.118803 -0.044495
v -0.018022 0.120203 -0.043037
v -0.036037 0.141720 -0.043567
v -0.014369 0.143419 -0.040830
v 0.007265 0.145024 -0.039832
v -0.010618 0.167248 -0.039577
v 0.010895 0.167487 -0.038918
v 0.032037 0.166559 -0.036851
v 0.013307 0.182322 -0.038543
v 0.034248 0.180040 -0.036904
v 0.055223 0.177022 -0.035280
v 0.035992 0.190299 -0.036264
v 0.056940 0.186891 -0.034126
v 0.078062 0.183930 -0.032889
v 0.058307 0.195628 -0.029563
v 0.079231 0.192342 -0.027937
v 0.100628 0.189101 -0.026167
v 0.079340 0.195062 -0.021158
v 0.100332 0.190455 -0.019343
v 0.121850 0.185289 -0.018938
v 0.098751 0.182314 -0.018362
v 0.119994 0.177071 -0.017283
v 0.141192 0.172041 -0.015950
v 0.118001 0.167673 -0.016928
v 0.139191 0.162492 -0.015628
v 0.160613 0.158152 -0.015305
v 0.137180 0.152156 -0.016018
v 0.158679 0.148129 -0.015764
v 0.179754 0.144919 -0.014314
v 0.156588 0.136845 -0.016156
v 0.177606 0.133204 -0.015172
v 0.198434 0.129593 -0.013115
v 0.174302 0.114133 -0.015254
v 0.195178 0.111265 -0.013445
v 0.216249 0.108483 -0.012687
v 0.192138 0.091862 -0.011693
v 0.213219 0.089731 -0.010017
v 0.234539 0.087315 -0.009161
v 0.211446 0.075370 -0.008532
v 0.232709 0.073511 -0.006847
v 0.254088 0.071154 -0.005871
v 0.231347 0.061439 -0.004317
v 0.252741 0.059859 -0.003222
v 0.274248 0.057642 -0.002824
v 0.251850 0.051376 0.003606
v 0.273415 0.049241 0.003198
v 0.295363 0.047619 0.003981
v 0.273287 0.045244 0.013400
v 0.294998 0.044426 0.013478
v 0.316851 0.043990 0.014497
v 0.294888 0.042303 0.024276
v 0.316554 0.041384 0.023957
v 0.338165 0.040461 0.024004
v 0.316590 0.037409 0.036595
v 0.338078 0.036515 0.036114
v 0.359505 0.035562 0.035956
v 0.338356 0.027700 0.049492
v 0.359865 0.027468 0.049061
v 0.381440 0.026794 0.048380
v 0.360109 0.015365 0.057827
v 0.381603 0.014915 0.056651
v 0.403124 0.014414 0.055640
v 0.381721 0.000980 0.059438
v 0.403215 0.000980 0.058726
v 0.424512 0.000980 0.057511
v 0.166501 0.000980 -0.056275
v 0.188272 0.000980 -0.054702
v 0.166524 0.016698 -0.050710
v 0.188171 0.015007 -0.049517
v 0.167084 0.034375 -0.047174
v 0.188492 0.031787 -0.046185
v 0.167943 0.053720 -0.040308
v 0.189275 0.051548 -0.039186
v 0.169599 0.074874 -0.034642
v 0.190948 0.073235 -0.033456
v 0.172394 0.097430 -0.031632
v 0.193701 0.095951 -0.030292
v 0.175806 0.119737 -0.029281
v 0.197025 0.117722 -0.028212
v 0.178686 0.135972 -0.028214
v 0.199746 0.132891 -0.026517
v 0.180885 0.147300 -0.027519
v 0.201878 0.143664 -0.025725
v 0.182838 0.156814 -0.026783
v 0.203791 0.153047 -0.024858
v 0.205466 0.161438 -0.022817
v 0.159715 0.150787 -0.028249
v 0.157453 0.139004 -0.028821
v 0.136060 0.141252 -0.030524
v 0.154401 0.121324 -0.030415
v 0.132920 0.122619 -0.032401
v 0.111306 0.123387 -0.033166
v 0.129535 0.099711 -0.034243
v 0.107943 0.100368 -0.036380
v 0.086605 0.100453 -0.037530
v 0.105348 0.077537 -0.038610
v 0.083961 0.077675 -0.040263
v 0.062552 0.077581 -0.041869
v 0.082344 0.056213 -0.046556
v 0.060950 0.056187 -0.048583
v 0.039506 0.055963 -0.050281
v 0.059997 0.035369 -0.055637
v 0.038526 0.035195 -0.057299
v 0.017015 0.035364 -0.059120
v 0.037876 0.015986 -0.060856
v 0.016290 0.016239 -0.062658
v -0.005425 0.016981 -0.064122
v 0.016038 0.000980 -0.065845
v -0.005625 0.000980 -0.067229
v -0.027550 0.000980 -0.068621
v -0.289547 0.000980 -0.083632
v -0.269974 0.000980 -0.082150
v -0.290077 0.011738 -0.080752
v -0.271087 0.012520 -0.080102
v -0.290355 0.027928 -0.078831
v -0.271275 0.028575 -0.078213
v -0.253047 0.028334 -0.076902
v -0.272154 0.050891 -0.073695
v -0.253511 0.050959 -0.072572
v -0.234805 0.050666 -0.072322
v -0.235019 0.028017 -0.076598
v -0.215672 0.050691 -0.071628
v -0.215869 0.027824 -0.075649
v -0.196509 0.050530 -0.070417
v -0.197204 0.028027 -0.074377
v -0.176849 0.051304 -0.069297
v -0.177959 0.028833 -0.073934
v -0.156371 0.052899 -0.066970
v -0.175866 0.074648 -0.061410
v -0.155146 0.074721 -0.059687
v -0.133841 0.075081 -0.057943
v -0.153530 0.095521 -0.051890
v -0.131947 0.095164 -0.050306
v -0.109756 0.095068 -0.049374
v -0.128693 0.116111 -0.048898
v -0.106359 0.115905 -0.048577
v -0.083965 0.116450 -0.047416
v -0.102365 0.136972 -0.047709
v -0.080020 0.138184 -0.046471
v -0.058064 0.139852 -0.043977
v -0.075599 0.160642 -0.044735
v -0.054068 0.163463 -0.043014
v -0.032405 0.165532 -0.042066
v -0.051143 0.183084 -0.042665
v -0.029645 0.184124 -0.041301
v -0.008067 0.183715 -0.039424
v -0.027999 0.196237 -0.041060
v -0.006273 0.194737 -0.039479
v 0.015076 0.192794 -0.037796
v -0.004853 0.204022 -0.034801
v 0.016562 0.201574 -0.033212
v 0.037472 0.198612 -0.031630
v 0.017772 0.207792 -0.027069
v 0.038448 0.204361 -0.025897
v 0.058718 0.199831 -0.022548
v 0.037345 0.199092 -0.020236
v 0.057312 0.192853 -0.020030
v 0.077709 0.187360 -0.019200
v 0.055438 0.183443 -0.018937
v 0.075827 0.177733 -0.018794
v 0.096836 0.172862 -0.018237
v 0.073802 0.167341 -0.019055
v 0.094681 0.162104 -0.018520
v 0.115885 0.157027 -0.017290
v 0.091775 0.147092 -0.019422
v 0.113164 0.142968 -0.018256
v 0.134905 0.139704 -0.016678
v 0.109299 0.121423 -0.018791
v 0.131486 0.119406 -0.017515
v 0.153401 0.117326 -0.016688
v 0.128079 0.098186 -0.015780
v 0.150199 0.096481 -0.013738
v 0.171157 0.094010 -0.013205
v 0.147864 0.081149 -0.012209
v 0.169010 0.078962 -0.010342
v 0.190129 0.077234 -0.009700
v 0.167113 0.066112 -0.007353
v 0.188489 0.064808 -0.006283
v 0.209955 0.063203 -0.005134
v 0.187185 0.055687 0.001916
v 0.208790 0.054031 0.002539
v 0.230428 0.052224 0.002922
v 0.208309 0.047603 0.013400
v 0.230018 0.046564 0.013931
v 0.251565 0.045890 0.013920
v 0.230061 0.043295 0.027299
v 0.251785 0.043004 0.026640
v 0.273425 0.042707 0.025469
v 0.252164 0.037458 0.040796
v 0.273675 0.037700 0.039249
v 0.295118 0.037896 0.037926
v 0.274160 0.028795 0.052800
v 0.295543 0.028704 0.051532
v 0.316883 0.028373 0.050404
v 0.295840 0.015970 0.060654
v 0.317160 0.015958 0.059876
v 0.338588 0.015599 0.058829
v 0.317293 0.000980 0.062826
v 0.338777 0.000980 0.061742
v 0.360210 0.000980 0.060390
v 0.123280 0.000980 -0.059179
v 0.144879 0.000980 -0.057792
v 0.123531 0.017545 -0.054213
v 0.144958 0.017422 -0.052232
v 0.124300 0.036247 -0.050277
v 0.145678 0.035792 -0.048515
v 0.125214 0.055982 -0.043106
v 0.146592 0.055070 -0.041448
v 0.126870 0.077089 -0.037680
v 0.148234 0.076100 -0.035729
v 0.150980 0.098776 -0.033330
v 0.103787 0.056237 -0.044747
v 0.102869 0.036098 -0.052058
v 0.081410 0.035710 -0.053782
v 0.102146 0.017244 -0.055914
v 0.080825 0.016759 -0.057594
v 0.059386 0.016355 -0.059358
v 0.080692 0.000980 -0.061278
v 0.059223 0.000980 -0.062817
v 0.037687 0.000980 -0.064273
v -0.399850 0.000980 -0.090266
v -0.379562 0.000980 -0.089683
v -0.399982 0.013624 -0.085715
v -0.379896 0.012511 -0.084857
v -0.400428 0.030962 -0.082968
v -0.380695 0.029293 -0.082625
v -0.361487 0.028358 -0.082076
v -0.381973 0.051122 -0.076938
v -0.363243 0.050892 -0.076759
v -0.345024 0.050584 -0.075885
v -0.343199 0.027726 -0.080881
v -0.327300 0.050565 -0.075594
v -0.326437 0.027912 -0.080708
v -0.309351 0.050655 -0.074709
v -0.308694 0.028367 -0.079435
v -0.290909 0.050994 -0.074275
v -0.310347 0.075389 -0.065662
v -0.291665 0.075469 -0.065146
v -0.272846 0.075404 -0.064915
v -0.292232 0.098366 -0.054610
v -0.273102 0.098128 -0.054386
v -0.253739 0.097612 -0.054041
v -0.253873 0.075241 -0.064532
v -0.234226 0.097020 -0.053484
v -0.234757 0.074836 -0.063912
v -0.214490 0.096292 -0.053208
v -0.215250 0.074896 -0.063638
v -0.194634 0.096196 -0.052943
v -0.195760 0.074467 -0.062328
v -0.174350 0.095925 -0.052614
v -0.192192 0.118615 -0.050266
v -0.171631 0.117888 -0.050804
v -0.150459 0.116892 -0.050405
v -0.167845 0.139273 -0.048524
v -0.146677 0.138210 -0.049637
v -0.124836 0.137113 -0.048146
v -0.141639 0.158822 -0.047548
v -0.119876 0.158074 -0.047439
v -0.097595 0.158620 -0.046755
v -0.114621 0.177283 -0.046451
v -0.093319 0.177479 -0.046020
v -0.072156 0.180228 -0.043439
v -0.090539 0.190853 -0.045478
v -0.070502 0.193611 -0.043674
v -0.049636 0.196112 -0.042543
v -0.070012 0.203263 -0.043609
v -0.048691 0.206658 -0.039750
v -0.026781 0.205920 -0.036551
v -0.048468 0.215131 -0.032957
v -0.025705 0.213595 -0.029924
v -0.003599 0.210927 -0.028400
v -0.025385 0.214905 -0.022877
v -0.003724 0.209808 -0.021875
v 0.017186 0.204608 -0.020976
v -0.004826 0.201550 -0.020589
v 0.015658 0.195608 -0.020273
v 0.035603 0.189717 -0.019290
v 0.014012 0.185340 -0.020550
v 0.033681 0.179268 -0.019306
v 0.053421 0.172852 -0.018963
v 0.031461 0.165834 -0.020058
v 0.050842 0.159103 -0.019396
v 0.071001 0.152687 -0.019628
v 0.047170 0.137058 -0.020099
v 0.066964 0.128874 -0.020343
v 0.087680 0.124099 -0.019870
v 0.062586 0.103091 -0.017712
v 0.083653 0.099737 -0.017337
v 0.105746 0.099102 -0.016740
v 0.081307 0.084764 -0.014567
v 0.103605 0.084246 -0.013897
v 0.125872 0.083704 -0.013130
v 0.101847 0.073646 -0.010221
v 0.123877 0.072337 -0.009223
v 0.145674 0.069264 -0.008278
v 0.121595 0.066336 -0.000123
v 0.143373 0.061108 0.000315
v 0.165574 0.057600 0.001294
v 0.142235 0.055185 0.010257
v 0.164811 0.050967 0.011880
v 0.186685 0.048886 0.012930
v 0.164561 0.044477 0.025664
v 0.186737 0.043904 0.026976
v 0.208445 0.043616 0.027434
v 0.187050 0.038140 0.043682
v 0.208826 0.037836 0.043216
v 0.230488 0.037512 0.042114
v 0.209480 0.028706 0.056615
v 0.231156 0.028628 0.055549
v 0.252775 0.028555 0.054237
v 0.231727 0.016087 0.064788
v 0.253233 0.016000 0.063343
v 0.274595 0.016074 0.061901
v 0.253487 0.000980 0.066145
v 0.274721 0.000980 0.064754
v 0.295956 0.000980 0.063811
v 0.102044 0.000980 -0.059702
v -0.439520 0.000980 -0.092900
v -0.419554 0.000980 -0.091257
v -0.439965 0.014446 -0.087305
v -0.419890 0.013962 -0.086508
v -0.440225 0.034010 -0.084033
v -0.420250 0.032239 -0.083406
v -0.440477 0.055642 -0.076896
v -0.420727 0.053489 -0.077075
v -0.401200 0.052342 -0.077321
v -0.420879 0.073986 -0.066795
v -0.402045 0.073992 -0.066786
v -0.383392 0.074175 -0.066638
v -0.402733 0.095509 -0.056322
v -0.384531 0.096398 -0.055842
v -0.366330 0.097198 -0.055586
v -0.364952 0.074413 -0.066443
v -0.348060 0.097806 -0.055356
v -0.346721 0.074869 -0.066241
v -0.329695 0.098158 -0.054956
v -0.328612 0.075055 -0.065856
v -0.311143 0.098388 -0.054585
v -0.330352 0.122936 -0.051325
v -0.311258 0.122816 -0.050541
v -0.292137 0.122534 -0.050324
v -0.310950 0.147124 -0.050025
v -0.291313 0.146431 -0.050041
v -0.270990 0.145275 -0.050205
v -0.272423 0.121916 -0.050411
v -0.250656 0.144081 -0.049815
v -0.252645 0.121137 -0.050472
v -0.230125 0.142834 -0.048858
v -0.232626 0.120258 -0.050308
v -0.209448 0.141553 -0.048151
v -0.212545 0.119385 -0.050179
v -0.188790 0.140395 -0.048049
v -0.205524 0.162938 -0.047889
v -0.184391 0.161396 -0.047103
v -0.163153 0.159985 -0.046862
v -0.178799 0.181501 -0.046715
v -0.157450 0.179822 -0.045953
v -0.136038 0.178171 -0.045462
v -0.150666 0.197075 -0.046028
v -0.130679 0.193573 -0.045156
v -0.110668 0.190937 -0.045349
v -0.126079 0.204200 -0.045179
v -0.107996 0.199593 -0.044946
v -0.089295 0.199553 -0.045050
v -0.105838 0.206267 -0.044595
v -0.088788 0.206755 -0.043344
v -0.070359 0.212216 -0.039456
v -0.088775 0.213295 -0.039763
v -0.071740 0.218896 -0.032306
v -0.048797 0.219664 -0.024246
v -0.072890 0.218991 -0.023032
v -0.049846 0.213463 -0.021950
v -0.026323 0.207074 -0.021189
v -0.050437 0.204543 -0.021238
v -0.027096 0.197552 -0.020910
v -0.006027 0.191554 -0.020781
v -0.027496 0.186042 -0.021319
v -0.007125 0.179381 -0.021440
v 0.012303 0.172962 -0.021209
v -0.008410 0.160088 -0.021845
v 0.010063 0.153143 -0.021677
v 0.028437 0.145401 -0.020400
v 0.007693 0.127599 -0.020171
v 0.025035 0.119849 -0.019906
v 0.043187 0.110505 -0.019400
v 0.023271 0.100566 -0.017865
v 0.040692 0.091845 -0.016556
v 0.059632 0.086799 -0.015185
v 0.036667 0.077749 -0.009607
v 0.057710 0.075583 -0.009786
v 0.079464 0.074602 -0.011485
v 0.057055 0.073304 0.002557
v 0.078153 0.071543 -0.000331
v 0.099918 0.069176 -0.000777
v 0.077708 0.067906 0.014389
v 0.098515 0.065891 0.011699
v 0.120187 0.063311 0.011146
v 0.099107 0.053748 0.026574
v 0.120423 0.051432 0.023254
v 0.142147 0.047057 0.023485
v 0.122704 0.040063 0.040661
v 0.143418 0.039548 0.041881
v 0.165106 0.038811 0.043396
v 0.144639 0.029544 0.057749
v 0.165945 0.029170 0.057656
v 0.187750 0.028773 0.057353
v 0.166832 0.016690 0.068061
v 0.188449 0.016456 0.067364
v 0.210081 0.016298 0.065891
v 0.188714 0.000980 0.069891
v 0.210432 0.000980 0.068795
v 0.231906 0.000980 0.067713
v -0.480559 0.000980 -0.092365
v -0.460309 0.000980 -0.093920
v -0.480269 0.018759 -0.088881
v -0.460096 0.015841 -0.088085
v -0.480089 0.040005 -0.084012
v -0.460108 0.036621 -0.084450
v -0.479846 0.061016 -0.074416
v -0.460315 0.058307 -0.075817
v -0.478732 0.076647 -0.061798
v -0.459028 0.075806 -0.063658
v -0.439930 0.074980 -0.066423
v -0.456322 0.089848 -0.050819
v -0.439345 0.093511 -0.057300
v -0.421104 0.094789 -0.057248
v -0.440020 0.113931 -0.049454
v -0.422044 0.116829 -0.050018
v -0.403862 0.118910 -0.050514
v -0.424003 0.140552 -0.049795
v -0.405462 0.143414 -0.050466
v -0.386930 0.145366 -0.050969
v -0.385697 0.120585 -0.050845
v -0.368283 0.146634 -0.051298
v -0.367380 0.121784 -0.051250
v -0.349584 0.147419 -0.051565
v -0.348945 0.122558 -0.051372
v -0.330567 0.147606 -0.051077
v -0.349882 0.172161 -0.052128
v -0.330192 0.171856 -0.052093
v -0.310177 0.171098 -0.050641
v -0.328969 0.195512 -0.052283
v -0.308340 0.193998 -0.051755
v -0.287193 0.192122 -0.050325
v -0.289788 0.169704 -0.049894
v -0.265909 0.189825 -0.049591
v -0.268998 0.167988 -0.049908
v -0.244078 0.187401 -0.049328
v -0.247867 0.166270 -0.049838
v -0.222405 0.185379 -0.049244
v -0.226810 0.164553 -0.049053
v -0.200643 0.183367 -0.048355
v -0.217051 0.205053 -0.048469
v -0.194549 0.202629 -0.048289
v -0.172331 0.200178 -0.047350
v -0.187847 0.219734 -0.047437
v -0.165556 0.215074 -0.047128
v -0.144590 0.209485 -0.046714
v -0.159488 0.225815 -0.046669
v -0.139316 0.218102 -0.046439
v -0.122330 0.211283 -0.045676
v -0.135170 0.224455 -0.046213
v -0.118863 0.217280 -0.045527
v -0.103423 0.212588 -0.043666
v -0.116105 0.223234 -0.044575
v -0.101144 0.218147 -0.040615
v -0.089715 0.217631 -0.033685
v -0.091997 0.217689 -0.027957
v -0.073925 0.212491 -0.021493
v -0.093768 0.216079 -0.023941
v -0.074590 0.202893 -0.021320
v -0.050411 0.193334 -0.021305
v -0.071911 0.186103 -0.021361
v -0.047865 0.175040 -0.021192
v -0.027425 0.166998 -0.021452
v -0.045442 0.145748 -0.020585
v -0.026801 0.139940 -0.021041
v -0.009367 0.133932 -0.020684
v -0.025750 0.119426 -0.019929
v -0.009451 0.114298 -0.019185
v 0.006829 0.108182 -0.018895
v -0.008874 0.101735 -0.017983
v 0.006735 0.095595 -0.017312
v 0.022387 0.087710 -0.015791
v 0.007349 0.086582 -0.015069
v 0.022986 0.079925 -0.013451
v 0.022883 0.077353 -0.004051
v 0.018977 0.067661 0.026875
v 0.037864 0.073913 0.010362
v 0.016626 0.051225 0.037655
v 0.036792 0.062008 0.030048
v 0.057305 0.067752 0.020175
v 0.037321 0.043722 0.037928
v 0.057344 0.049960 0.034614
v 0.078262 0.053137 0.030557
v 0.059652 0.034848 0.046455
v 0.080731 0.037385 0.043893
v 0.102054 0.039291 0.041509
v 0.083095 0.028201 0.059504
v 0.104126 0.029241 0.058387
v 0.124379 0.029687 0.057659
v 0.104915 0.016937 0.070337
v 0.125355 0.016984 0.069419
v 0.145785 0.016853 0.068614
v 0.125933 0.000980 0.073544
v 0.146390 0.000980 0.072517
v 0.167233 0.000980 0.071436
v -0.520609 0.000980 -0.092243
v -0.500476 0.000980 -0.091524
v -0.520457 0.022859 -0.089471
v -0.500275 0.021120 -0.089214
v -0.520311 0.045216 -0.083298
v -0.500106 0.042817 -0.083480
v -0.520046 0.064285 -0.072360
v -0.499803 0.062976 -0.073334
v -0.519362 0.077433 -0.060282
v -0.499013 0.077196 -0.060866
v -0.518567 0.087408 -0.048622
v -0.498051 0.088233 -0.049005
v -0.477455 0.088960 -0.049666
v -0.497994 0.103841 -0.046289
v -0.477749 0.105973 -0.046683
v -0.457497 0.109135 -0.046552
v -0.479670 0.126463 -0.047809
v -0.461175 0.131476 -0.048645
v -0.442559 0.136645 -0.049188
v -0.463969 0.156939 -0.048829
v -0.445084 0.161585 -0.049625
v -0.426061 0.165402 -0.050295
v -0.447163 0.187269 -0.050215
v -0.427816 0.190774 -0.050693
v -0.408336 0.193529 -0.051046
v -0.407093 0.168329 -0.050810
v -0.388732 0.195395 -0.051468
v -0.388116 0.170479 -0.051250
v -0.369381 0.196623 -0.051890
v -0.369121 0.171732 -0.051777
v -0.349597 0.196682 -0.052218
v -0.368294 0.221275 -0.051862
v -0.347629 0.220431 -0.051989
v -0.326640 0.218742 -0.052163
v -0.344224 0.244415 -0.051775
v -0.322991 0.242223 -0.051796
v -0.301392 0.239201 -0.051734
v -0.305507 0.216607 -0.052020
v -0.279160 0.235378 -0.051416
v -0.283863 0.213935 -0.051181
v -0.256553 0.231165 -0.050788
v -0.261892 0.210982 -0.049612
v -0.233391 0.226894 -0.049482
v -0.239468 0.207856 -0.048812
v -0.210566 0.223373 -0.048174
v -0.226354 0.244713 -0.049816
v -0.203442 0.239326 -0.049296
v -0.181148 0.232969 -0.047631
v -0.196545 0.252354 -0.048737
v -0.175018 0.243723 -0.048137
v -0.153879 0.233487 -0.047250
v -0.169911 0.251499 -0.048110
v -0.149215 0.239060 -0.047759
v -0.131040 0.229508 -0.045919
v -0.144926 0.244406 -0.046422
v -0.165319 0.257560 -0.048049
v -0.161447 0.263063 -0.043765
v -0.182891 0.276495 -0.045431
v -0.180097 0.281243 -0.038531
v -0.158943 0.266902 -0.037557
v -0.186473 0.269567 -0.049166
v -0.207134 0.279596 -0.049654
v -0.202603 0.287129 -0.046581
v -0.191042 0.261898 -0.048378
v -0.212128 0.271123 -0.048895
v -0.232998 0.281792 -0.050838
v -0.226418 0.291078 -0.049751
v -0.218840 0.259546 -0.049298
v -0.241505 0.267717 -0.050345
v -0.264070 0.276668 -0.052039
v -0.253259 0.294408 -0.051652
v -0.249644 0.250458 -0.050490
v -0.272862 0.256454 -0.051047
v -0.295362 0.261641 -0.051910
v -0.286058 0.284581 -0.052786
v -0.308786 0.290608 -0.052852
v -0.296088 0.314763 -0.052581
v -0.274209 0.305490 -0.051946
v -0.317494 0.266041 -0.052058
v -0.339122 0.268894 -0.052587
v -0.331351 0.294406 -0.052993
v -0.354501 0.296636 -0.052987
v -0.345708 0.323899 -0.052621
v -0.320459 0.321121 -0.053252
v -0.360692 0.270296 -0.052545
v -0.382508 0.270606 -0.052480
v -0.377141 0.296663 -0.052998
v -0.365333 0.245556 -0.051567
v -0.386588 0.245691 -0.051669
v -0.407282 0.244275 -0.051848
v -0.404229 0.269567 -0.052756
v -0.388700 0.220728 -0.051559
v -0.408379 0.218767 -0.051346
v -0.428715 0.216339 -0.051069
v -0.428157 0.242044 -0.051948
v -0.448532 0.238943 -0.051952
v -0.447143 0.264345 -0.052986
v -0.425771 0.267393 -0.053027
v -0.448237 0.213032 -0.050927
v -0.467873 0.209113 -0.050728
v -0.468808 0.235182 -0.051871
v -0.466361 0.183049 -0.049695
v -0.485177 0.178302 -0.049344
v -0.487579 0.204713 -0.050711
v -0.482348 0.151430 -0.048333
v -0.501116 0.146801 -0.047964
v -0.504061 0.173483 -0.049085
v -0.498865 0.122640 -0.047096
v -0.518971 0.119213 -0.046592
v -0.520467 0.142275 -0.047471
v -0.518432 0.102198 -0.045916
v -0.538984 0.100779 -0.045517
v -0.539101 0.116628 -0.046233
v -0.539252 0.086666 -0.049022
v -0.559741 0.086001 -0.049431
v -0.559480 0.099400 -0.045167
v -0.539832 0.077364 -0.060154
v -0.560392 0.076941 -0.060415
v -0.581004 0.076781 -0.060276
v -0.580169 0.085274 -0.049464
v -0.540393 0.064954 -0.071829
v -0.560947 0.065165 -0.071475
v -0.581653 0.065608 -0.071190
v -0.602483 0.066359 -0.070592
v -0.601709 0.077208 -0.059459
v -0.561222 0.047215 -0.082501
v -0.581934 0.048176 -0.082655
v -0.602758 0.048886 -0.082575
v -0.623590 0.049959 -0.082548
v -0.623275 0.067383 -0.069587
v -0.582004 0.025366 -0.091296
v -0.602793 0.025978 -0.091692
v -0.623587 0.026757 -0.092363
v -0.644239 0.027575 -0.092744
v -0.644328 0.051384 -0.082141
v -0.602948 0.000980 -0.095341
v -0.623736 0.000980 -0.095724
v -0.644398 0.000980 -0.096369
v -0.664206 0.000980 -0.097525
v -0.664872 0.028452 -0.093260
v -0.684529 0.000980 -0.097963
v -0.703909 0.000980 -0.097863
v -0.704031 0.029736 -0.093550
v -0.684575 0.028971 -0.093268
v -0.704652 0.054804 -0.080201
v -0.685034 0.053484 -0.080944
v -0.664887 0.052475 -0.081405
v -0.685143 0.069853 -0.065957
v -0.664743 0.068858 -0.067472
v -0.644011 0.068169 -0.068509
v -0.664266 0.077383 -0.056347
v -0.643293 0.077485 -0.057491
v -0.622437 0.077652 -0.058144
v -0.642491 0.082937 -0.047804
v -0.621490 0.083823 -0.048124
v -0.600670 0.084513 -0.048931
v -0.621251 0.093649 -0.042422
v -0.600438 0.095778 -0.043835
v -0.579945 0.097718 -0.044693
v -0.601014 0.109330 -0.044820
v -0.580293 0.112138 -0.045497
v -0.559622 0.114375 -0.045924
v -0.581180 0.130917 -0.046099
v -0.560535 0.134378 -0.046622
v -0.540251 0.138120 -0.047123
v -0.562606 0.159526 -0.048234
v -0.542663 0.164035 -0.048670
v -0.523157 0.168675 -0.048908
v -0.545527 0.190276 -0.050417
v -0.526129 0.195123 -0.050530
v -0.506814 0.199989 -0.050593
v -0.528532 0.221529 -0.051770
v -0.508964 0.226317 -0.051887
v -0.489121 0.230993 -0.051825
v -0.509866 0.252513 -0.052626
v -0.489450 0.256937 -0.052721
v -0.468357 0.260843 -0.052812
v -0.488665 0.282444 -0.053182
v -0.466787 0.286204 -0.053391
v -0.444647 0.289700 -0.053281
v -0.464103 0.311102 -0.053109
v -0.440751 0.314727 -0.052890
v -0.416994 0.318260 -0.052621
v -0.422040 0.292737 -0.053195
v -0.393273 0.321553 -0.052417
v -0.399500 0.295203 -0.053188
v -0.369713 0.323977 -0.052350
v -0.384342 0.349487 -0.052747
v -0.359261 0.353816 -0.052550
v -0.333763 0.351757 -0.053660
v -0.347732 0.380759 -0.054304
v -0.323199 0.373609 -0.054625
v -0.298337 0.359714 -0.053135
v -0.307865 0.344099 -0.053175
v -0.274120 0.346564 -0.050842
v -0.283291 0.333931 -0.052473
v -0.253550 0.330894 -0.049380
v -0.262763 0.320389 -0.050838
v -0.235691 0.313941 -0.048751
v -0.244027 0.305730 -0.050335
v -0.220520 0.298408 -0.046924
v -0.227708 0.320892 -0.041113
v -0.216798 0.302878 -0.042434
v -0.199312 0.293778 -0.038736
v -0.220488 0.299620 -0.039289
v -0.203568 0.287757 -0.037258
v -0.183843 0.275993 -0.035857
v -0.208040 0.281818 -0.035886
v -0.188468 0.270105 -0.034793
v -0.168452 0.257638 -0.033864
v -0.163576 0.262761 -0.034908
v -0.149461 0.244781 -0.032556
v -0.144906 0.248958 -0.033899
v -0.135376 0.235571 -0.032084
v -0.131779 0.239235 -0.033165
v -0.126080 0.230192 -0.031939
v -0.123155 0.234497 -0.032988
v -0.139162 0.231297 -0.031213
v -0.128587 0.225141 -0.031046
v -0.119684 0.219938 -0.030724
v -0.130820 0.219738 -0.030185
v -0.120061 0.213227 -0.030077
v -0.109639 0.208503 -0.026892
v -0.110095 0.213558 -0.029022
v -0.103706 0.208245 -0.023051
v -0.104391 0.211122 -0.026009
v -0.102840 0.212828 -0.026349
v -0.095619 0.196423 -0.021104
v -0.105997 0.169421 -0.020239
v -0.101462 0.142438 -0.019233
v -0.084577 0.151581 -0.019761
v -0.065448 0.150248 -0.020297
v -0.109668 0.201815 -0.022602
v -0.114048 0.186137 -0.020694
v -0.125753 0.195609 -0.025560
v -0.121490 0.154054 -0.019120
v -0.121187 0.206063 -0.028605
v -0.134049 0.212951 -0.029266
v -0.139522 0.204254 -0.028380
v -0.154943 0.213074 -0.028745
v -0.164162 0.202001 -0.027209
v -0.148438 0.220756 -0.030109
v -0.165356 0.229666 -0.030448
v -0.172715 0.221858 -0.029550
v -0.143324 0.226771 -0.030577
v -0.159172 0.235534 -0.031252
v -0.178978 0.246354 -0.032435
v -0.185554 0.239253 -0.031402
v -0.154304 0.240399 -0.032367
v -0.173396 0.252434 -0.033035
v -0.193554 0.264017 -0.034039
v -0.199337 0.257282 -0.032820
v -0.219437 0.268696 -0.033624
v -0.227154 0.260181 -0.033040
v -0.206497 0.249185 -0.031966
v -0.213314 0.275580 -0.035004
v -0.231038 0.289434 -0.036126
v -0.237710 0.282559 -0.035148
v -0.225364 0.295058 -0.037418
v -0.239351 0.312538 -0.038272
v -0.246157 0.306567 -0.037473
v -0.233237 0.317355 -0.039200
v -0.247512 0.338193 -0.040193
v -0.253739 0.332447 -0.038799
v -0.245631 0.338879 -0.047059
v -0.266737 0.356065 -0.049979
v -0.265477 0.358784 -0.040847
v -0.288276 0.374394 -0.045923
v -0.291867 0.369373 -0.041415
v -0.270558 0.352386 -0.039759
v -0.291551 0.369474 -0.051924
v -0.316111 0.385111 -0.054753
v -0.311417 0.391200 -0.048411
v -0.335177 0.399016 -0.042044
v -0.313999 0.386810 -0.041539
v -0.339846 0.388040 -0.041338
v -0.318905 0.377443 -0.040840
v -0.297567 0.360571 -0.040709
v -0.325214 0.364155 -0.040274
v -0.304461 0.349623 -0.039816
v -0.285316 0.333867 -0.039195
v -0.277103 0.344366 -0.039699
v -0.268595 0.317244 -0.037531
v -0.260415 0.325942 -0.038697
v -0.253505 0.299360 -0.036379
v -0.279330 0.305139 -0.035948
v -0.263202 0.288984 -0.034946
v -0.246076 0.273624 -0.033455
v -0.275336 0.275255 -0.032627
v -0.256914 0.261863 -0.031365
v -0.236945 0.249724 -0.031200
v -0.269605 0.248303 -0.029236
v -0.248719 0.237214 -0.029411
v -0.226837 0.227183 -0.029170
v -0.215474 0.239455 -0.030835
v -0.204644 0.218375 -0.028781
v -0.193453 0.230542 -0.030387
v -0.183363 0.210272 -0.028752
v -0.216092 0.204238 -0.026975
v -0.195197 0.195440 -0.027008
v -0.175568 0.187086 -0.025765
v -0.200911 0.179540 -0.024771
v -0.181199 0.171347 -0.024486
v -0.202372 0.158845 -0.021947
v -0.182274 0.152454 -0.021946
v -0.162188 0.148762 -0.018793
v -0.183040 0.137588 -0.020078
v -0.162713 0.135264 -0.018245
v -0.141858 0.134777 -0.018207
v -0.141151 0.148060 -0.018530
v -0.120734 0.136754 -0.018546
v -0.142572 0.124776 -0.018240
v -0.121627 0.124915 -0.018458
v -0.101418 0.126065 -0.018700
v -0.122288 0.116274 -0.018442
v -0.101850 0.116509 -0.018626
v -0.081718 0.116752 -0.018816
v -0.081964 0.127572 -0.019205
v -0.061775 0.115806 -0.019177
v -0.062626 0.126725 -0.019635
v -0.042270 0.112325 -0.018920
v -0.043352 0.123744 -0.019924
v -0.024391 0.107471 -0.018576
v -0.041241 0.103325 -0.018127
v -0.023303 0.098220 -0.017526
v -0.008458 0.092599 -0.016608
v -0.061503 0.106991 -0.018720
v -0.061430 0.099402 -0.018072
v -0.082072 0.101199 -0.017441
v -0.082329 0.094844 -0.015810
v -0.061155 0.092704 -0.016174
v -0.081853 0.108488 -0.018383
v -0.102314 0.108653 -0.018396
v -0.102779 0.101593 -0.017864
v -0.123520 0.101791 -0.017394
v -0.123934 0.096570 -0.014106
v -0.103232 0.095536 -0.015724
v -0.122895 0.108816 -0.018210
v -0.143830 0.109715 -0.017657
v -0.144441 0.102862 -0.016374
v -0.143224 0.116837 -0.018157
v -0.164021 0.118550 -0.018114
v -0.164723 0.111379 -0.017833
v -0.163306 0.126104 -0.018154
v -0.183733 0.128887 -0.018966
v -0.184471 0.121112 -0.018387
v -0.204739 0.123698 -0.018395
v -0.205490 0.115875 -0.017836
v -0.185209 0.113625 -0.017909
v -0.203995 0.132006 -0.019259
v -0.224033 0.135575 -0.018902
v -0.224887 0.126458 -0.018001
v -0.203278 0.141961 -0.020452
v -0.223291 0.147089 -0.020282
v -0.243451 0.152286 -0.020026
v -0.244179 0.139301 -0.018916
v -0.222581 0.166027 -0.022218
v -0.242709 0.173286 -0.023160
v -0.263218 0.180674 -0.023569
v -0.263739 0.158433 -0.019998
v -0.221931 0.188330 -0.024636
v -0.242695 0.196472 -0.024616
v -0.262929 0.204197 -0.025182
v -0.284137 0.212360 -0.025544
v -0.284140 0.188277 -0.023424
v -0.236780 0.213210 -0.027240
v -0.259824 0.223160 -0.027302
v -0.280486 0.232110 -0.027311
v -0.301657 0.241845 -0.027514
v -0.305789 0.220806 -0.026026
v -0.288969 0.259387 -0.030046
v -0.308013 0.269933 -0.031175
v -0.321131 0.250696 -0.027957
v -0.293178 0.288495 -0.033486
v -0.311160 0.300591 -0.033865
v -0.327134 0.279296 -0.031426
v -0.296406 0.319855 -0.037008
v -0.316254 0.331803 -0.037277
v -0.331222 0.308865 -0.034056
v -0.351494 0.314890 -0.035875
v -0.365928 0.292129 -0.033893
v -0.346200 0.286528 -0.031694
v -0.336913 0.341300 -0.037867
v -0.356887 0.346245 -0.039235
v -0.371158 0.319331 -0.036783
v -0.345347 0.371840 -0.041160
v -0.364792 0.372201 -0.043090
v -0.376694 0.347410 -0.040638
v -0.357183 0.388678 -0.044030
v -0.374312 0.385730 -0.045535
v -0.382852 0.371848 -0.043714
v -0.402192 0.372545 -0.044163
v -0.414025 0.353024 -0.041634
v -0.395094 0.349833 -0.040555
v -0.394657 0.385051 -0.045651
v -0.414522 0.387261 -0.046539
v -0.421637 0.375500 -0.044981
v -0.387328 0.393457 -0.046900
v -0.409043 0.395648 -0.047274
v -0.430473 0.399198 -0.047719
v -0.435453 0.391328 -0.047156
v -0.402360 0.401479 -0.048303
v -0.425545 0.404718 -0.049033
v -0.450206 0.410726 -0.050066
v -0.453777 0.404732 -0.048912
v -0.396052 0.405919 -0.049004
v -0.421145 0.409365 -0.049549
v -0.447225 0.415848 -0.050667
v -0.471730 0.424004 -0.051692
v -0.474239 0.417972 -0.051151
v -0.416214 0.413920 -0.050392
v -0.444139 0.420850 -0.051434
v -0.469504 0.429539 -0.052839
v -0.493091 0.437062 -0.054214
v -0.495047 0.430884 -0.053234
v -0.466858 0.435402 -0.054149
v -0.491169 0.443011 -0.055540
v -0.464503 0.435858 -0.056427
v -0.490808 0.442205 -0.058198
v -0.460028 0.429891 -0.056914
v -0.491000 0.436018 -0.058392
v -0.511500 0.438474 -0.059457
v -0.527143 0.441591 -0.060363
v -0.491950 0.429757 -0.058326
v -0.512953 0.432175 -0.058970
v -0.530297 0.435757 -0.060469
v -0.550538 0.441706 -0.061151
v -0.546658 0.448042 -0.061500
v -0.514213 0.425644 -0.058427
v -0.532999 0.428795 -0.060060
v -0.554022 0.434076 -0.061293
v -0.577760 0.440500 -0.061887
v -0.574715 0.448561 -0.062662
v -0.536184 0.419915 -0.058808
v -0.557752 0.423686 -0.060983
v -0.580496 0.428637 -0.062018
v -0.604446 0.433452 -0.062523
v -0.602455 0.447478 -0.064156
v -0.561559 0.409221 -0.059094
v -0.583897 0.410899 -0.060684
v -0.606650 0.413146 -0.062197
v -0.628847 0.412044 -0.062667
v -0.628018 0.434565 -0.063924
v -0.587720 0.388305 -0.059325
v -0.609519 0.389556 -0.059513
v -0.629418 0.386724 -0.060279
v -0.648984 0.381443 -0.060907
v -0.648814 0.407050 -0.062387
v -0.612329 0.363091 -0.058975
v -0.630537 0.359523 -0.058835
v -0.649742 0.354671 -0.058535
v -0.669624 0.350484 -0.058462
v -0.668009 0.376549 -0.060965
v -0.631472 0.331713 -0.057038
v -0.651176 0.327586 -0.057288
v -0.671754 0.324134 -0.057270
v -0.691406 0.322107 -0.056766
v -0.688046 0.347903 -0.058019
v -0.652479 0.300862 -0.054901
v -0.673164 0.297766 -0.054566
v -0.693549 0.295957 -0.054126
v -0.710060 0.295864 -0.053236
v -0.705831 0.321762 -0.056129
v -0.673617 0.271003 -0.053074
v -0.694521 0.269235 -0.052187
v -0.713137 0.269064 -0.051333
v -0.726044 0.269816 -0.051015
v -0.721099 0.296476 -0.053369
v -0.694689 0.242586 -0.050050
v -0.714994 0.242240 -0.049335
v -0.730594 0.243110 -0.048365
v -0.741891 0.244500 -0.047762
v -0.735636 0.271144 -0.050267
v -0.715408 0.215399 -0.046734
v -0.733581 0.216061 -0.045663
v -0.746660 0.217114 -0.045442
v -0.757207 0.217800 -0.045110
v -0.750695 0.246163 -0.047850
v -0.734885 0.189107 -0.044033
v -0.750418 0.190135 -0.043512
v -0.734863 0.162584 -0.041647
v -0.752661 0.164766 -0.041159
v -0.733565 0.136365 -0.040346
v -0.753677 0.139100 -0.039925
v -0.769992 0.143124 -0.039595
v -0.752514 0.117475 -0.037582
v -0.771494 0.121864 -0.037555
v -0.749043 0.101221 -0.034929
v -0.731557 0.114734 -0.038393
v -0.728879 0.098978 -0.035900
v -0.726764 0.088067 -0.034150
v -0.746487 0.089384 -0.033079
v -0.725874 0.082461 -0.042272
v -0.745241 0.082333 -0.039979
v -0.725304 0.078367 -0.051596
v -0.744421 0.079123 -0.049354
v -0.724645 0.071484 -0.062922
v -0.743523 0.072595 -0.060836
v -0.761129 0.074115 -0.058308
v -0.742148 0.056774 -0.078191
v -0.759698 0.057948 -0.077370
v -0.776147 0.058408 -0.077108
v -0.791665 0.056687 -0.078678
v -0.758403 0.031469 -0.093838
v -0.775194 0.030970 -0.094116
v -0.791823 0.030176 -0.094699
v -0.808827 0.028803 -0.096039
v -0.808671 0.053323 -0.082042
v -0.775196 0.000980 -0.099530
v -0.791796 0.000980 -0.100813
v -0.808959 0.000980 -0.100884
v -0.827199 0.000980 -0.101771
v -0.827190 0.027571 -0.097252
v -0.845599 0.000980 -0.098655
v -0.864649 0.000980 -0.095058
v -0.864567 0.022926 -0.091211
v -0.845616 0.025058 -0.094321
v -0.865004 0.042347 -0.081383
v -0.845826 0.045986 -0.083216
v -0.827159 0.050577 -0.084471
v -0.846192 0.061423 -0.067198
v -0.827192 0.067221 -0.066511
v -0.808405 0.071044 -0.062459
v -0.827574 0.076673 -0.047106
v -0.846437 0.070986 -0.048803
v -0.845757 0.073948 -0.028409
v -0.827324 0.078660 -0.026167
v -0.844363 0.070863 -0.007900
v -0.826520 0.074959 -0.005288
v -0.808191 0.078660 -0.002225
v -0.825380 0.065459 0.014503
v -0.808081 0.068160 0.017316
v -0.790543 0.067985 0.017929
v -0.789746 0.078084 0.000406
v -0.773016 0.066933 0.019200
v -0.772786 0.076490 0.004265
v -0.754631 0.065316 0.021575
v -0.754780 0.074815 0.008017
v -0.754924 0.080025 -0.003381
v -0.735295 0.073302 0.010843
v -0.735736 0.079428 -0.000620
v -0.736252 0.083249 -0.011824
v -0.714215 0.078843 0.001420
v -0.714369 0.083167 -0.009875
v -0.714684 0.089769 -0.018837
v -0.737072 0.091594 -0.019318
v -0.715127 0.100695 -0.020740
v -0.737805 0.102726 -0.021243
v -0.715547 0.113278 -0.021336
v -0.737787 0.114937 -0.022251
v -0.757476 0.117223 -0.023913
v -0.773196 0.120288 -0.025058
v -0.736891 0.132970 -0.024702
v -0.754973 0.136336 -0.025556
v -0.767611 0.139909 -0.026933
v -0.750900 0.159691 -0.027945
v -0.761563 0.162541 -0.029299
v -0.770030 0.165765 -0.030783
v -0.776353 0.167950 -0.032050
v -0.756423 0.186469 -0.031437
v -0.764428 0.188037 -0.032542
v -0.770631 0.189100 -0.033670
v -0.776183 0.190130 -0.034941
v -0.782081 0.170035 -0.033381
v -0.758937 0.214648 -0.034611
v -0.765070 0.216207 -0.036221
v -0.770902 0.217678 -0.037965
v -0.776972 0.219182 -0.039995
v -0.758819 0.245327 -0.039558
v -0.764697 0.247315 -0.041275
v -0.770653 0.249441 -0.043380
v -0.771503 0.249895 -0.047055
v -0.779772 0.219420 -0.043870
v -0.756168 0.274019 -0.043431
v -0.762002 0.276083 -0.045551
v -0.762691 0.276430 -0.049334
v -0.753587 0.300882 -0.047585
v -0.755102 0.301339 -0.050828
v -0.749454 0.300380 -0.051860
v -0.756673 0.275112 -0.050032
v -0.765412 0.248598 -0.047519
v -0.750193 0.273718 -0.050261
v -0.758641 0.247400 -0.047711
v -0.743494 0.272676 -0.050350
v -0.743152 0.299200 -0.052257
v -0.736883 0.298136 -0.052556
v -0.729607 0.297516 -0.052728
v -0.731187 0.324270 -0.055148
v -0.724180 0.323417 -0.055403
v -0.715997 0.322332 -0.055267
v -0.718620 0.347847 -0.057529
v -0.711145 0.347245 -0.057461
v -0.701311 0.347029 -0.058059
v -0.707387 0.369647 -0.059903
v -0.697708 0.370995 -0.059519
v -0.685134 0.372911 -0.060505
v -0.696420 0.392832 -0.062094
v -0.684176 0.396384 -0.061726
v -0.667290 0.401415 -0.061993
v -0.684612 0.418176 -0.064333
v -0.668659 0.424272 -0.064692
v -0.650081 0.430489 -0.064552
v -0.671258 0.443172 -0.066126
v -0.651237 0.448486 -0.066331
v -0.626407 0.450311 -0.065901
v -0.651670 0.460551 -0.066943
v -0.625041 0.460723 -0.066194
v -0.599969 0.456949 -0.065186
v -0.623220 0.468899 -0.066276
v -0.598256 0.464882 -0.065218
v -0.572800 0.455637 -0.063451
v -0.596609 0.472639 -0.065233
v -0.621454 0.475677 -0.066723
v -0.595048 0.479545 -0.065124
v -0.617915 0.480724 -0.066963
v -0.606173 0.488789 -0.066291
v -0.648447 0.489042 -0.068620
v -0.647547 0.495232 -0.068039
v -0.650560 0.482394 -0.068200
v -0.679098 0.480875 -0.068742
v -0.680572 0.486867 -0.069314
v -0.651008 0.476483 -0.067512
v -0.677480 0.474372 -0.068118
v -0.693436 0.465290 -0.067868
v -0.695380 0.471907 -0.068699
v -0.651745 0.469577 -0.067155
v -0.675558 0.466026 -0.067575
v -0.691204 0.457611 -0.067056
v -0.701795 0.450618 -0.066804
v -0.703103 0.457689 -0.067371
v -0.673665 0.456401 -0.066958
v -0.688771 0.448302 -0.066130
v -0.700126 0.441806 -0.066077
v -0.686492 0.435511 -0.065168
v -0.698917 0.429655 -0.064784
v -0.709981 0.425141 -0.064135
v -0.697507 0.412939 -0.063093
v -0.707551 0.408334 -0.062751
v -0.705910 0.389593 -0.060950
v -0.714474 0.386539 -0.060860
v -0.721172 0.384198 -0.060025
v -0.714997 0.368774 -0.058872
v -0.721141 0.368618 -0.058804
v -0.727196 0.368735 -0.058478
v -0.724839 0.348506 -0.057000
v -0.730903 0.349489 -0.056720
v -0.737126 0.350532 -0.056335
v -0.732849 0.369622 -0.057887
v -0.737477 0.325371 -0.054721
v -0.743762 0.326559 -0.054295
v -0.749293 0.327619 -0.053127
v -0.742335 0.352162 -0.054536
v -0.738811 0.352986 -0.052073
v -0.746605 0.326980 -0.049881
v -0.747416 0.299249 -0.045666
v -0.740075 0.324854 -0.048048
v -0.732056 0.349285 -0.050259
v -0.733920 0.323063 -0.046885
v -0.725764 0.347116 -0.049315
v -0.719707 0.370475 -0.051665
v -0.719252 0.345438 -0.048963
v -0.712681 0.369066 -0.051126
v -0.707043 0.393005 -0.053340
v -0.714958 0.394701 -0.054456
v -0.701588 0.413768 -0.055936
v -0.710045 0.414961 -0.056982
v -0.699466 0.429598 -0.058051
v -0.691578 0.412511 -0.055074
v -0.688370 0.429954 -0.057535
v -0.687146 0.442822 -0.058594
v -0.698738 0.441391 -0.059462
v -0.674483 0.430325 -0.056806
v -0.673024 0.445407 -0.058778
v -0.672717 0.456792 -0.059742
v -0.653847 0.447109 -0.059016
v -0.652717 0.458571 -0.059459
v -0.651822 0.466872 -0.061156
v -0.673873 0.466128 -0.061496
v -0.650950 0.474245 -0.062305
v -0.675517 0.474110 -0.062787
v -0.650532 0.479718 -0.062832
v -0.677625 0.480286 -0.063577
v -0.695068 0.473548 -0.063389
v -0.707676 0.463611 -0.063388
v -0.679480 0.485939 -0.064322
v -0.649977 0.484934 -0.063288
v -0.649248 0.490307 -0.064334
v -0.619986 0.480586 -0.062348
v -0.648323 0.495719 -0.066057
v -0.622229 0.475968 -0.061850
v -0.599486 0.470987 -0.061091
v -0.597446 0.475691 -0.061557
v -0.577236 0.461010 -0.058763
v -0.574767 0.465924 -0.059936
v -0.555083 0.453759 -0.057737
v -0.579209 0.456647 -0.058248
v -0.557564 0.448667 -0.057271
v -0.536606 0.441850 -0.055107
v -0.559690 0.442992 -0.056090
v -0.538950 0.436060 -0.054518
v -0.518092 0.429647 -0.053652
v -0.516098 0.435531 -0.054156
v -0.497045 0.424548 -0.052280
v -0.520568 0.422522 -0.052269
v -0.499135 0.417202 -0.051417
v -0.476954 0.411187 -0.050613
v -0.502449 0.408551 -0.050323
v -0.480514 0.403147 -0.048719
v -0.458005 0.396920 -0.047847
v -0.486260 0.391162 -0.048101
v -0.464293 0.385603 -0.046311
v -0.442551 0.380177 -0.045053
v -0.475268 0.366879 -0.044248
v -0.454310 0.361436 -0.042936
v -0.433653 0.356671 -0.042889
v -0.468718 0.339370 -0.041090
v -0.448576 0.334467 -0.040049
v -0.428957 0.329889 -0.038766
v -0.464366 0.311741 -0.037160
v -0.444649 0.307267 -0.036848
v -0.424858 0.303305 -0.036552
v -0.409828 0.325812 -0.038385
v -0.405157 0.299965 -0.035174
v -0.390606 0.322361 -0.037817
v -0.385323 0.296680 -0.034433
v -0.421634 0.276168 -0.032605
v -0.401355 0.272890 -0.032817
v -0.380583 0.268919 -0.031873
v -0.407793 0.249086 -0.029873
v -0.387263 0.245575 -0.029001
v -0.366862 0.241624 -0.027484
v -0.360679 0.263897 -0.029656
v -0.346238 0.235853 -0.026691
v -0.339831 0.257355 -0.029345
v -0.325813 0.228878 -0.026097
v -0.345301 0.210692 -0.023265
v -0.325344 0.203562 -0.022931
v -0.305029 0.195965 -0.023180
v -0.324799 0.179516 -0.020625
v -0.304658 0.172299 -0.020540
v -0.284232 0.165051 -0.020149
v -0.305425 0.151807 -0.018712
v -0.285083 0.146749 -0.018470
v -0.264515 0.142807 -0.018824
v -0.286133 0.134731 -0.016791
v -0.265490 0.132017 -0.017146
v -0.245071 0.129358 -0.017510
v -0.266538 0.122705 -0.016354
v -0.246057 0.120510 -0.016874
v -0.225760 0.118185 -0.017368
v -0.246901 0.112457 -0.015176
v -0.226535 0.110514 -0.015772
v -0.206157 0.108487 -0.016450
v -0.226784 0.106590 -0.010033
v -0.206362 0.104838 -0.010835
v -0.186134 0.102505 -0.011382
v -0.185854 0.106564 -0.016529
v -0.165596 0.100835 -0.011787
v -0.165319 0.104542 -0.016568
v -0.144848 0.098466 -0.012608
v -0.165542 0.099744 -0.004698
v -0.144743 0.097625 -0.005963
v -0.123927 0.095274 -0.007718
v -0.144658 0.096823 0.001100
v -0.123934 0.094512 -0.000762
v -0.103303 0.092768 -0.002783
v -0.103347 0.093253 -0.009628
v -0.082368 0.090508 -0.004518
v -0.082361 0.091872 -0.010990
v -0.060607 0.088581 -0.005508
v -0.060697 0.089381 -0.011555
v -0.039293 0.086182 -0.005701
v -0.060591 0.087553 0.000457
v -0.039480 0.085374 -0.000782
v -0.022766 0.083431 -0.002688
v -0.022003 0.083663 -0.005913
v -0.014803 0.081407 -0.007203
v -0.019859 0.079360 -0.006548
v -0.036611 0.080360 -0.005802
v -0.022151 0.078368 -0.002864
v -0.038532 0.079802 -0.001787
v -0.059482 0.082212 -0.002123
v -0.058082 0.082739 -0.006752
v -0.023754 0.077563 0.000842
v -0.040160 0.079073 0.002557
v -0.060796 0.081560 0.002637
v -0.081858 0.083945 0.002604
v -0.080915 0.084668 -0.002531
v -0.041598 0.078489 0.007183
v -0.061981 0.080560 0.007590
v -0.082799 0.082907 0.007951
v -0.103552 0.084985 0.008791
v -0.102665 0.085817 0.003073
v -0.063096 0.079333 0.012883
v -0.083809 0.081309 0.013589
v -0.104564 0.082873 0.014662
v -0.124643 0.084441 0.016359
v -0.123633 0.086519 0.009870
v -0.084984 0.078314 0.019334
v -0.105722 0.079806 0.020985
v -0.125962 0.080358 0.022872
v -0.145301 0.080627 0.024779
v -0.144000 0.085567 0.017874
v -0.107304 0.073836 0.027422
v -0.127815 0.073644 0.029594
v -0.146811 0.073013 0.031668
v -0.165103 0.073320 0.033290
v -0.163880 0.081006 0.026424
v -0.130105 0.063561 0.035885
v -0.148815 0.062871 0.037290
v -0.166633 0.064180 0.038631
v -0.185270 0.066036 0.038904
v -0.183887 0.074936 0.033913
v -0.151679 0.051362 0.039344
v -0.168839 0.054253 0.040226
v -0.186777 0.056637 0.041055
v -0.205592 0.058772 0.041421
v -0.204700 0.068898 0.039153
v -0.171333 0.045270 0.039273
v -0.188251 0.047513 0.040878
v -0.205865 0.048914 0.041825
v -0.223737 0.048753 0.042279
v -0.223947 0.060702 0.041945
v -0.189907 0.045580 0.034450
v -0.206605 0.043187 0.037220
v -0.223656 0.036471 0.040297
v -0.245016 0.036617 0.040323
v -0.243706 0.049874 0.042940
v -0.209474 0.050880 0.031352
v -0.226928 0.048777 0.033211
v -0.247514 0.050289 0.033196
v -0.269914 0.052385 0.032911
v -0.268112 0.037411 0.040146
v -0.230648 0.060339 0.026194
v -0.250450 0.063337 0.024662
v -0.271569 0.065967 0.023355
v -0.292858 0.067003 0.023831
v -0.291984 0.053431 0.033470
v -0.252442 0.071366 0.015877
v -0.273025 0.072893 0.015215
v -0.294013 0.073894 0.015713
v -0.313488 0.073987 0.017263
v -0.312744 0.066443 0.025767
v -0.274108 0.076921 0.009808
v -0.294905 0.077577 0.010696
v -0.313963 0.077717 0.012416
v -0.327807 0.077328 0.014432
v -0.327712 0.073319 0.019602
v -0.295744 0.081238 0.005709
v -0.314555 0.081301 0.007503
v -0.328138 0.080984 0.009284
v -0.338243 0.080490 0.010941
v -0.338450 0.076449 0.016485
v -0.315200 0.085015 0.002666
v -0.328287 0.084759 0.004162
v -0.338252 0.084440 0.005452
v -0.346643 0.084135 0.006633
v -0.346627 0.080054 0.012424
v -0.328635 0.088726 -0.000673
v -0.338160 0.088532 0.000411
v -0.346455 0.088331 0.001262
v -0.353908 0.088489 0.002528
v -0.354142 0.084314 0.008113
v -0.338237 0.092977 -0.004129
v -0.346255 0.092792 -0.003419
v -0.353358 0.092840 -0.002589
v -0.359566 0.093755 -0.000967
v -0.360350 0.089897 0.004636
v -0.346051 0.097742 -0.007393
v -0.352736 0.097604 -0.007001
v -0.345843 0.102628 -0.009826
v -0.352310 0.102603 -0.009602
v -0.345773 0.105333 -0.004771
v -0.352256 0.105532 -0.004947
v -0.346033 0.105643 0.001960
v -0.352636 0.105907 0.001364
v -0.346440 0.105191 0.008760
v -0.353128 0.105439 0.008163
v -0.359374 0.105050 0.007233
v -0.363860 0.102352 0.005420
v -0.353530 0.103454 0.015784
v -0.359941 0.103187 0.014745
v -0.364406 0.099968 0.012237
v -0.364295 0.094282 0.008488
v -0.363580 0.097213 0.002290
v -0.360351 0.098729 0.022538
v -0.364933 0.095917 0.019711
v -0.364740 0.090613 0.015083
v -0.361011 0.085953 0.010629
v -0.364729 0.089538 0.027778
v -0.364699 0.085218 0.022187
v -0.361161 0.081275 0.017094
v -0.354702 0.074542 0.020744
v -0.354335 0.079762 0.014049
v -0.346962 0.075382 0.018392
v -0.355381 0.067573 0.027675
v -0.347428 0.069515 0.025128
v -0.338497 0.071446 0.022517
v -0.338465 0.063792 0.029888
v -0.327500 0.065307 0.028105
v -0.336512 0.052602 0.035866
v -0.326759 0.053157 0.035370
v -0.312157 0.053556 0.034512
v -0.324903 0.038804 0.042087
v -0.310714 0.039069 0.041448
v -0.290386 0.038582 0.040628
v -0.308183 0.054430 0.044725
v -0.287773 0.053609 0.044578
v -0.265607 0.052045 0.044005
v -0.285591 0.068701 0.042908
v -0.263623 0.066725 0.042549
v -0.242558 0.063806 0.042271
v -0.262100 0.079430 0.036666
v -0.241383 0.076053 0.037280
v -0.222851 0.072215 0.038408
v -0.240460 0.085439 0.030132
v -0.221639 0.081544 0.031730
v -0.203363 0.077751 0.033287
v -0.220682 0.088595 0.024582
v -0.202105 0.085256 0.026308
v -0.182776 0.082473 0.027071
v -0.201045 0.090714 0.018986
v -0.181797 0.088329 0.019750
v -0.162818 0.086843 0.019458
v -0.180912 0.092261 0.012544
v -0.161993 0.089853 0.012185
v -0.143017 0.088648 0.011212
v -0.161256 0.092116 0.005390
v -0.142348 0.089654 0.004692
v -0.122818 0.087870 0.003857
v -0.141723 0.090686 -0.001494
v -0.122107 0.088776 -0.001975
v -0.101793 0.086911 -0.002407
v -0.121457 0.089343 -0.007679
v -0.100996 0.087490 -0.007810
v -0.080006 0.084929 -0.007610
v -0.100234 0.087320 -0.013521
v -0.079158 0.084643 -0.012584
v -0.056411 0.082876 -0.011236
v -0.078184 0.082904 -0.017141
v -0.053868 0.081862 -0.014490
v -0.077950 0.079286 -0.013972
v -0.054821 0.077780 -0.013385
v -0.077506 0.075745 -0.010142
v -0.055079 0.074102 -0.009703
v -0.033118 0.073090 -0.010356
v -0.055009 0.070871 -0.005974
v -0.033576 0.070188 -0.006889
v -0.015395 0.071705 -0.010010
v -0.033823 0.067014 -0.002873
v -0.016073 0.068307 -0.006254
v -0.001508 0.071484 -0.010695
v -0.004797 0.075845 -0.011932
v 0.009944 0.073943 -0.012764
v -0.003408 0.067628 -0.006191
v 0.009139 0.073328 -0.013084
v 0.023427 0.070510 -0.012477
v 0.022777 0.073908 -0.010475
v 0.023170 0.075228 -0.009647
v 0.022630 0.073162 -0.003353
v 0.023551 0.071982 0.003106
v 0.010238 0.072278 0.006111
v 0.009410 0.074906 -0.003687
v -0.002054 0.072819 0.009232
v -0.002529 0.074616 0.002778
v -0.013422 0.074828 0.006890
v -0.013195 0.076022 0.002322
v -0.002731 0.075797 -0.001136
v 0.009458 0.075198 -0.004275
v -0.013590 0.073248 0.012213
v -0.026819 0.074189 0.015124
v -0.025938 0.075729 0.009859
v -0.001439 0.070389 0.015877
v -0.013728 0.070754 0.018277
v -0.027908 0.070936 0.020390
v -0.045445 0.071720 0.022496
v -0.044113 0.075059 0.016949
v -0.014450 0.065712 0.024535
v -0.029234 0.065542 0.026226
v -0.047012 0.065897 0.028541
v -0.067350 0.065716 0.030147
v -0.065619 0.072710 0.024092
v -0.031021 0.056829 0.031390
v -0.049081 0.056389 0.033195
v -0.069067 0.055255 0.034558
v -0.090200 0.054041 0.035705
v -0.088143 0.065340 0.031592
v -0.050394 0.044006 0.034896
v -0.070694 0.042466 0.035181
v -0.092209 0.041804 0.035395
v -0.114012 0.040443 0.036372
v -0.111808 0.052729 0.037730
v -0.073435 0.054105 0.021049
v -0.095109 0.053186 0.023124
v -0.116397 0.051814 0.026070
v -0.137857 0.049648 0.029161
v -0.136075 0.038954 0.036476
v -0.096423 0.060244 0.013413
v -0.117532 0.059527 0.016626
v -0.138374 0.058124 0.021239
v -0.156836 0.055808 0.025142
v -0.155785 0.047360 0.031125
v -0.118287 0.064544 0.009463
v -0.138679 0.063567 0.013660
v -0.157523 0.062241 0.018340
v -0.175931 0.061096 0.021731
v -0.174305 0.053964 0.027654
v -0.138981 0.067816 0.007431
v -0.158045 0.067102 0.011456
v -0.176737 0.066863 0.014884
v -0.195731 0.066651 0.017136
v -0.194167 0.060234 0.023951
v -0.158431 0.071290 0.005075
v -0.177432 0.071420 0.007959
v -0.196717 0.071895 0.009938
v -0.215864 0.072746 0.010739
v -0.214658 0.067083 0.018164
v -0.177902 0.075594 0.001636
v -0.197276 0.076422 0.003136
v -0.216534 0.077386 0.003868
v -0.235275 0.078864 0.004104
v -0.234331 0.074525 0.010327
v -0.197577 0.080733 -0.002983
v -0.216971 0.081764 -0.002300
v -0.236047 0.082879 -0.001895
v -0.255632 0.084005 -0.001466
v -0.254703 0.080051 0.004101
v -0.217291 0.086300 -0.007818
v -0.236650 0.087239 -0.007296
v -0.256471 0.088162 -0.006635
v -0.276996 0.088837 -0.005312
v -0.276054 0.084770 -0.000540
v -0.237101 0.091907 -0.012090
v -0.257224 0.092636 -0.011314
v -0.277880 0.093233 -0.009705
v -0.298216 0.093247 -0.008046
v -0.297408 0.088999 -0.003688
v -0.257861 0.097312 -0.014673
v -0.278700 0.097695 -0.013304
v -0.298983 0.097875 -0.011657
v -0.316866 0.098340 -0.010017
v -0.316444 0.093217 -0.006422
v -0.279067 0.102097 -0.010898
v -0.299353 0.102266 -0.009746
v -0.317124 0.102850 -0.009326
v -0.329524 0.103010 -0.009249
v -0.329389 0.098205 -0.009097
v -0.299630 0.104250 -0.003758
v -0.317261 0.104437 -0.003455
v -0.329493 0.104719 -0.003573
v -0.338298 0.105046 -0.003920
v -0.338292 0.103403 -0.009222
v -0.317492 0.104628 0.002967
v -0.329528 0.105077 0.002887
v -0.338423 0.105399 0.002547
v -0.329743 0.104270 0.009556
v -0.338792 0.104632 0.009283
v -0.330208 0.102110 0.016286
v -0.339460 0.102544 0.016302
v -0.347066 0.103109 0.016205
v -0.340338 0.098399 0.023365
v -0.347510 0.098672 0.023668
v -0.353945 0.098986 0.023434
v -0.347971 0.091866 0.031338
v -0.354171 0.092150 0.031544
v -0.360501 0.092088 0.031039
v -0.354397 0.081464 0.039774
v -0.348368 0.081716 0.039360
v -0.348485 0.068545 0.044844
v -0.354191 0.066950 0.045493
v -0.347085 0.054424 0.046055
v -0.342202 0.068967 0.044496
v -0.341413 0.054862 0.045630
v -0.339866 0.038317 0.043229
v -0.333808 0.055031 0.045321
v -0.333316 0.039464 0.043081
v -0.323543 0.054776 0.044924
v -0.333421 0.069597 0.043891
v -0.322438 0.070018 0.043786
v -0.306451 0.069798 0.043366
v -0.321191 0.082784 0.037376
v -0.304704 0.082682 0.036750
v -0.283681 0.081676 0.036542
v -0.303190 0.091721 0.029237
v -0.282250 0.090663 0.029012
v -0.260955 0.088482 0.029160
v -0.281178 0.095790 0.021866
v -0.260115 0.094063 0.022087
v -0.239750 0.091649 0.022943
v -0.259489 0.097522 0.015204
v -0.239224 0.095881 0.016072
v -0.219974 0.093183 0.017340
v -0.238901 0.098048 0.008991
v -0.219448 0.096135 0.010259
v -0.200197 0.093937 0.011613
v -0.218951 0.097874 0.003355
v -0.199503 0.095879 0.004481
v -0.180215 0.093636 0.005311
v -0.198887 0.096955 -0.002495
v -0.179548 0.094703 -0.001600
v -0.160719 0.092781 -0.001223
v -0.178956 0.095267 -0.008261
v -0.160190 0.093186 -0.007659
v -0.141152 0.091611 -0.007536
v -0.159838 0.092066 -0.013734
v -0.140712 0.091415 -0.013694
v -0.120913 0.089156 -0.013633
v -0.140398 0.088439 -0.015222
v -0.120508 0.087064 -0.016109
v -0.099760 0.085021 -0.016512
v -0.120205 0.082857 -0.013150
v -0.099500 0.081174 -0.013963
v -0.119908 0.078809 -0.009321
v -0.099165 0.077460 -0.010225
v -0.119587 0.075106 -0.005229
v -0.098765 0.074049 -0.006230
v -0.077097 0.072467 -0.006258
v -0.098342 0.070792 -0.002083
v -0.076759 0.069278 -0.002233
v -0.054833 0.067701 -0.001910
v -0.076361 0.066102 0.002011
v -0.054770 0.064663 0.002413
v -0.034004 0.063823 0.001716
v -0.054415 0.061633 0.007238
v -0.034025 0.060906 0.006979
v -0.017214 0.060857 0.004349
v -0.016852 0.064578 -0.001377
v -0.003625 0.062233 0.001178
v -0.017200 0.057383 0.011573
v -0.003226 0.057681 0.009192
v 0.009687 0.058096 0.007068
v 0.009014 0.063964 -0.002547
v 0.024378 0.058004 0.006006
v 0.023813 0.063587 -0.003505
v 0.041880 0.057153 0.005941
v 0.042093 0.062574 -0.003388
v 0.043608 0.070646 -0.011775
v 0.060507 0.061156 -0.002716
v 0.061050 0.066635 -0.010807
v 0.061088 0.067759 -0.003944
v 0.042916 0.070772 -0.005823
v 0.074643 0.066731 -0.009916
v 0.074289 0.066442 -0.002939
v 0.074190 0.065159 0.003563
v 0.061054 0.066632 0.003303
v 0.040206 0.069614 0.001941
v 0.074381 0.063356 0.010248
v 0.061168 0.064659 0.010587
v 0.042830 0.066557 0.010908
v 0.025254 0.068374 0.011890
v 0.061132 0.061372 0.017506
v 0.043136 0.063065 0.018484
v 0.026073 0.064444 0.019830
v 0.011664 0.065276 0.021384
v 0.011082 0.069633 0.013618
v 0.042896 0.056903 0.024887
v 0.026222 0.057421 0.026473
v 0.011709 0.057634 0.027674
v -0.002197 0.057498 0.028816
v -0.001421 0.065606 0.022941
v 0.026126 0.048030 0.029775
v 0.011566 0.047879 0.030909
v -0.002114 0.047179 0.031694
v -0.016236 0.046102 0.032915
v -0.015858 0.057094 0.029875
v 0.010422 0.052987 0.017499
v -0.002725 0.052999 0.018713
v -0.016881 0.052836 0.020009
v -0.033309 0.053016 0.020566
v -0.032261 0.045407 0.033172
v -0.033829 0.057495 0.013069
v -0.053872 0.058427 0.012663
v -0.052900 0.054096 0.020098
v -0.075112 0.059942 0.012244
v -0.075836 0.063176 0.006636
v -0.097245 0.064461 0.006916
v -0.097850 0.067660 0.002290
v -0.118808 0.068211 0.004035
v -0.119232 0.071636 -0.000815
v -0.139278 0.071731 0.001892
v -0.139580 0.075333 -0.003206
v -0.158737 0.075276 -0.000595
v -0.139863 0.079174 -0.007839
v -0.159005 0.079292 -0.005791
v -0.178220 0.079597 -0.004167
v -0.159287 0.083556 -0.010531
v -0.178390 0.083982 -0.009416
v -0.197741 0.085232 -0.008562
v -0.178450 0.089040 -0.013929
v -0.197858 0.090246 -0.013587
v -0.217532 0.091131 -0.012838
v -0.197954 0.095245 -0.014624
v -0.217762 0.096471 -0.014998
v -0.237448 0.096634 -0.015165
v -0.218056 0.099480 -0.010014
v -0.237762 0.100137 -0.011216
v -0.258180 0.100665 -0.011263
v -0.238143 0.100657 -0.004322
v -0.258431 0.101534 -0.004696
v -0.279250 0.103322 -0.004414
v -0.258720 0.101165 0.001827
v -0.279504 0.102710 0.002104
v -0.300025 0.104152 0.002703
v -0.279834 0.101468 0.008570
v -0.300568 0.102835 0.009181
v -0.317817 0.103707 0.009517
v -0.301253 0.100537 0.015628
v -0.318262 0.101513 0.016100
v -0.302091 0.097137 0.022220
v -0.318890 0.097761 0.022759
v -0.330883 0.098133 0.023089
v -0.319870 0.092020 0.029741
v -0.331675 0.091843 0.030268
v -0.341327 0.091799 0.030806
v -0.332620 0.082388 0.038093
v -0.342192 0.081744 0.038810
v -0.280356 0.099243 0.015118
v -0.259028 0.099951 0.008443
v -0.238496 0.100172 0.002378
v -0.218435 0.099122 -0.003424
v -0.198313 0.097218 -0.009176
v -0.178513 0.094045 -0.014275
v -0.159617 0.088191 -0.014717
v -0.140142 0.083473 -0.012001
v 0.025244 0.052753 0.016718
v 0.043146 0.048537 0.028787
v 0.042414 0.052173 0.016500
v 0.060803 0.049389 0.028019
v 0.060346 0.051995 0.016415
v 0.060196 0.056232 0.006283
v 0.073897 0.051807 0.015954
v 0.073503 0.055720 0.006411
v 0.073638 0.060495 -0.002506
v 0.083580 0.055204 0.006666
v 0.083488 0.060046 -0.002214
v 0.084603 0.065170 -0.007825
v 0.091626 0.058579 -0.000667
v 0.091630 0.062433 -0.007220
v 0.091796 0.063726 -0.002069
v 0.084134 0.065006 -0.002328
v 0.091874 0.062935 0.003689
v 0.084039 0.063936 0.003638
v 0.092002 0.061093 0.009409
v 0.084168 0.062082 0.009804
v 0.092289 0.058319 0.014811
v 0.084304 0.059457 0.015933
v 0.074498 0.060587 0.016872
v 0.084611 0.055254 0.021447
v 0.074488 0.055828 0.022758
v 0.060855 0.056301 0.023663
v 0.074753 0.049557 0.026622
v 0.085040 0.049818 0.025141
v 0.084152 0.051460 0.015504
v 0.092852 0.054225 0.020109
v 0.098910 0.057468 0.013906
v 0.098641 0.060244 0.009016
v 0.098357 0.062176 0.003686
v 0.097939 0.062999 -0.002554
v 0.097874 0.062368 -0.007453
v 0.098536 0.058200 -0.000584
v -0.338276 0.098242 -0.007978
v -0.329044 0.093026 -0.005222
v -0.315893 0.088877 -0.002060
v -0.296579 0.085035 0.000972
v -0.275087 0.080895 0.004501
v -0.253682 0.075859 0.009866
v -0.233040 0.069105 0.017281
v -0.212309 0.059705 0.025642
v -0.192005 0.052602 0.029563
v -0.172836 0.046556 0.032946
v -0.155265 0.038314 0.036467
v -0.133233 0.051268 0.038392
v -0.109371 0.064981 0.033979
v -0.086366 0.073599 0.025514
v -0.064255 0.076909 0.018325
v -0.042902 0.077151 0.011945
v -0.025020 0.076695 0.005143
v 0.009636 0.076269 -0.006438
v 0.009773 0.077094 -0.008104
v -0.039428 0.084638 0.004310
v -0.022220 0.083086 -0.000440
v -0.039856 0.082987 0.012255
v -0.021479 0.082047 0.005709
v -0.040831 0.078564 0.021781
v -0.021176 0.080305 0.012440
v -0.005494 0.080507 0.002714
v -0.020964 0.076470 0.021720
v -0.003784 0.079331 0.008332
v 0.010061 0.079934 -0.004179
v 0.010054 0.079717 -0.005271
v -0.002786 0.076084 0.017489
v 0.010064 0.080022 -0.003738
v -0.001467 0.068618 0.029002
v -0.023905 0.056929 0.037955
v -0.023821 0.045722 0.040037
v -0.003489 0.054979 0.037411
v -0.022268 0.068287 0.031402
v -0.044191 0.059184 0.038783
v -0.044086 0.049157 0.041164
v -0.042469 0.070200 0.031907
v -0.063974 0.063606 0.038547
v -0.064887 0.052161 0.042046
v -0.062451 0.075256 0.029696
v -0.084046 0.071265 0.035167
v -0.085049 0.058431 0.041538
v -0.061346 0.083115 0.018565
v -0.082883 0.081997 0.024158
v -0.104045 0.080641 0.029017
v -0.105103 0.067546 0.039118
v -0.060632 0.086173 0.007678
v -0.082347 0.087895 0.011793
v -0.103418 0.088934 0.016338
v -0.124388 0.089103 0.020685
v -0.125091 0.078725 0.033224
v -0.082367 0.089411 0.002010
v -0.103300 0.091805 0.004455
v -0.123993 0.093471 0.007815
v -0.144702 0.095255 0.010972
v -0.145238 0.088789 0.024426
v -0.165865 0.088558 0.027913
v -0.166440 0.074864 0.039647
v -0.145829 0.076626 0.036703
v -0.165487 0.096224 0.013685
v -0.185940 0.097486 0.016396
v -0.186461 0.088074 0.030762
v -0.165447 0.098698 0.002539
v -0.185880 0.100957 0.003980
v -0.206167 0.102460 0.005456
v -0.206382 0.098354 0.018715
v -0.186029 0.101722 -0.003795
v -0.206256 0.103742 -0.002956
v -0.226583 0.105608 -0.001844
v -0.226530 0.104193 0.007066
v -0.247236 0.105613 0.008190
v -0.247823 0.099677 0.022624
v -0.226959 0.099220 0.021023
v -0.247151 0.107169 -0.000689
v -0.268081 0.109195 -0.000009
v -0.268323 0.107191 0.009082
v -0.247200 0.108487 -0.009075
v -0.267949 0.109953 -0.008345
v -0.288830 0.110758 -0.008046
v -0.289321 0.110027 0.000296
v -0.267483 0.114164 -0.014737
v -0.288184 0.116049 -0.014489
v -0.308760 0.118005 -0.013986
v -0.309826 0.111310 -0.008045
v -0.287188 0.125026 -0.015917
v -0.307660 0.127431 -0.015577
v -0.327765 0.129571 -0.015136
v -0.329169 0.119240 -0.013910
v -0.306550 0.137798 -0.016700
v -0.326458 0.141195 -0.016308
v -0.344893 0.145587 -0.015718
v -0.345870 0.132185 -0.014491
v -0.325264 0.157653 -0.018376
v -0.344332 0.163908 -0.018368
v -0.363304 0.169704 -0.019782
v -0.362899 0.150441 -0.017140
v -0.344526 0.186362 -0.021372
v -0.364229 0.192436 -0.021810
v -0.383976 0.197351 -0.022309
v -0.382433 0.174983 -0.020894
v -0.365655 0.216360 -0.025390
v -0.385791 0.221263 -0.025796
v -0.406700 0.224952 -0.025941
v -0.404434 0.200991 -0.024353
v -0.425205 0.204584 -0.024832
v -0.423199 0.182312 -0.021864
v -0.402744 0.178991 -0.020795
v -0.427803 0.228308 -0.027584
v -0.449255 0.231377 -0.028877
v -0.446559 0.207498 -0.024799
v -0.429345 0.252423 -0.030023
v -0.450658 0.256119 -0.030857
v -0.471138 0.259840 -0.032017
v -0.470467 0.234031 -0.029115
v -0.441548 0.280010 -0.033334
v -0.461310 0.284120 -0.034541
v -0.480758 0.288000 -0.035224
v -0.491045 0.262909 -0.032838
v -0.511894 0.265896 -0.032898
v -0.511683 0.239316 -0.030331
v -0.490991 0.236734 -0.029120
v -0.500828 0.292300 -0.035495
v -0.520076 0.296527 -0.037361
v -0.530804 0.269567 -0.034137
v -0.484197 0.316269 -0.039036
v -0.504253 0.321092 -0.039628
v -0.524026 0.325984 -0.040250
v -0.539020 0.300919 -0.037782
v -0.489328 0.344473 -0.041618
v -0.509916 0.349468 -0.043243
v -0.530395 0.354712 -0.044424
v -0.543724 0.330999 -0.042396
v -0.496581 0.371989 -0.045942
v -0.517962 0.377210 -0.046414
v -0.539266 0.382408 -0.047031
v -0.551064 0.360246 -0.044644
v -0.507912 0.396301 -0.048729
v -0.529636 0.401474 -0.049678
v -0.551422 0.407284 -0.051308
v -0.560825 0.387786 -0.049175
v -0.524057 0.413962 -0.051504
v -0.545424 0.420662 -0.052259
v -0.566693 0.427672 -0.054593
v -0.572877 0.413508 -0.052387
v -0.541769 0.429044 -0.053915
v -0.563118 0.436201 -0.054907
v -0.584489 0.443691 -0.056495
v -0.588328 0.434314 -0.055461
v -0.581333 0.450747 -0.057717
v -0.603048 0.459347 -0.058912
v -0.605904 0.451024 -0.058619
v -0.600826 0.465727 -0.060052
v -0.624451 0.470541 -0.061326
v -0.625869 0.464224 -0.060169
v -0.628030 0.456191 -0.058856
v -0.631084 0.445469 -0.058244
v -0.609504 0.440868 -0.056447
v -0.636046 0.427761 -0.055935
v -0.615270 0.424206 -0.055056
v -0.594298 0.419482 -0.053038
v -0.623179 0.402838 -0.052336
v -0.602937 0.398653 -0.050731
v -0.581992 0.393338 -0.049969
v -0.612422 0.375842 -0.047977
v -0.592120 0.370978 -0.047622
v -0.571695 0.365707 -0.046636
v -0.602719 0.346829 -0.045456
v -0.583082 0.341747 -0.044111
v -0.563476 0.336445 -0.042419
v -0.594255 0.316194 -0.040830
v -0.575546 0.310775 -0.040309
v -0.557048 0.305493 -0.039028
v -0.585865 0.282719 -0.037804
v -0.568518 0.277391 -0.035627
v -0.549092 0.273023 -0.035411
v -0.573001 0.249827 -0.032708
v -0.552608 0.245532 -0.031975
v -0.532369 0.242146 -0.031809
v -0.553645 0.220181 -0.029055
v -0.532247 0.216982 -0.028180
v -0.510504 0.214187 -0.028211
v -0.531799 0.193554 -0.025870
v -0.509663 0.191148 -0.024674
v -0.487727 0.188867 -0.024210
v -0.489027 0.211894 -0.027534
v -0.465834 0.186925 -0.024008
v -0.467662 0.210037 -0.025804
v -0.444531 0.184847 -0.023596
v -0.464004 0.165080 -0.020442
v -0.442477 0.163150 -0.019988
v -0.421195 0.161070 -0.019955
v -0.440638 0.142720 -0.018535
v -0.419150 0.141793 -0.017378
v -0.399389 0.140468 -0.016849
v -0.400928 0.158462 -0.019513
v -0.380695 0.138941 -0.016290
v -0.381454 0.154888 -0.017894
v -0.362955 0.135448 -0.014507
v -0.380296 0.125326 -0.014527
v -0.363267 0.123307 -0.013739
v -0.347114 0.121014 -0.013484
v -0.348960 0.112397 -0.007922
v -0.330617 0.111977 -0.007943
v -0.350070 0.112127 0.001733
v -0.332362 0.111660 0.001262
v -0.310912 0.110593 0.001264
v -0.333959 0.109571 0.013730
v -0.311996 0.109106 0.012071
v -0.289806 0.108277 0.010282
v -0.313223 0.100934 0.027828
v -0.290438 0.100712 0.026305
v -0.268839 0.100389 0.024410
v -0.291483 0.085908 0.040892
v -0.269803 0.086513 0.039103
v -0.248679 0.087078 0.037338
v -0.270595 0.068932 0.048056
v -0.249483 0.070002 0.046591
v -0.228734 0.070788 0.045421
v -0.227809 0.087449 0.035445
v -0.207961 0.072232 0.043667
v -0.207066 0.087865 0.033278
v -0.187106 0.073573 0.042143
v -0.208606 0.056788 0.048283
v -0.187796 0.058196 0.047583
v -0.167138 0.059544 0.045823
v -0.187922 0.046681 0.046746
v -0.167209 0.047951 0.046227
v -0.146493 0.049721 0.045639
v -0.146477 0.061831 0.044328
v -0.125948 0.051839 0.044507
v -0.125775 0.064430 0.041924
v -0.105657 0.054402 0.043358
v -0.125489 0.043593 0.044281
v -0.105315 0.045836 0.043651
v -0.085145 0.048309 0.043057
v -0.104706 0.037906 0.043097
v -0.084765 0.039881 0.042440
v -0.064526 0.043398 0.042029
v -0.084464 0.032530 0.044281
v -0.064076 0.035841 0.042584
v -0.043377 0.040110 0.040980
v -0.064104 0.031041 0.048474
v -0.043173 0.032658 0.045288
v -0.023055 0.036468 0.042004
v -0.043248 0.029337 0.053227
v -0.022732 0.031296 0.049959
v -0.002623 0.033447 0.045957
v -0.003293 0.042797 0.039709
v 0.017409 0.036549 0.041350
v -0.002056 0.028418 0.055796
v 0.018418 0.030638 0.052417
v 0.038926 0.032543 0.049079
v 0.019364 0.023969 0.064017
v 0.040260 0.025479 0.062130
v 0.061593 0.026973 0.060535
v 0.041475 0.014915 0.072535
v 0.062841 0.015622 0.071505
v 0.084059 0.016303 0.071189
v 0.063249 0.000980 0.075703
v 0.084389 0.000980 0.075056
v 0.105348 0.000980 0.074306
v -0.561468 0.000980 -0.093349
v -0.540882 0.000980 -0.092970
v -0.561309 0.024921 -0.090818
v -0.540746 0.023994 -0.090070
v -0.540653 0.046159 -0.082763
v -0.582150 0.000980 -0.094412
v -0.740715 0.000980 -0.099386
v -0.722533 0.000980 -0.098410
v -0.740972 0.030895 -0.093515
v -0.722772 0.030688 -0.093650
v -0.723709 0.055859 -0.079198
v -0.705093 0.070689 -0.064508
v -0.705242 0.078008 -0.053218
v -0.684837 0.077764 -0.054526
v -0.705282 0.082383 -0.043819
v -0.684415 0.082663 -0.045184
v -0.663508 0.082705 -0.046742
v -0.684395 0.088979 -0.037124
v -0.663264 0.090091 -0.040049
v -0.642402 0.091266 -0.041080
v -0.664374 0.101570 -0.040577
v -0.643082 0.103688 -0.042259
v -0.621922 0.106383 -0.043822
v -0.644191 0.119514 -0.043642
v -0.622968 0.123175 -0.044839
v -0.602040 0.127263 -0.045518
v -0.624622 0.146366 -0.045724
v -0.603718 0.150918 -0.046602
v -0.582985 0.155120 -0.047535
v -0.605878 0.176407 -0.048745
v -0.585320 0.180838 -0.049466
v -0.565229 0.185489 -0.050162
v -0.587784 0.206931 -0.050791
v -0.567837 0.211758 -0.051191
v -0.548099 0.216674 -0.051638
v -0.570091 0.238112 -0.051818
v -0.550030 0.243046 -0.052299
v -0.530130 0.247896 -0.052512
v -0.551288 0.269207 -0.052602
v -0.530722 0.273843 -0.052832
v -0.509896 0.278290 -0.052999
v -0.530635 0.299211 -0.053285
v -0.509104 0.303433 -0.053094
v -0.486983 0.307414 -0.053194
v -0.507296 0.327549 -0.054249
v -0.484287 0.331295 -0.053783
v -0.460487 0.335210 -0.053389
v -0.481238 0.354541 -0.055094
v -0.456306 0.358785 -0.054593
v -0.429358 0.363624 -0.054384
v -0.435823 0.339479 -0.053203
v -0.401293 0.368418 -0.053668
v -0.410244 0.344271 -0.053352
v -0.373169 0.375016 -0.053056
v -0.423255 0.381505 -0.053775
v -0.451692 0.379175 -0.054739
v -0.448241 0.392532 -0.054623
v -0.418754 0.391713 -0.054093
v -0.444821 0.400350 -0.055349
v -0.412493 0.398960 -0.055004
v -0.440779 0.407336 -0.056159
v -0.405169 0.405176 -0.054677
v -0.470890 0.411835 -0.057379
v -0.467321 0.418540 -0.057458
v -0.472804 0.403871 -0.056353
v -0.496620 0.405969 -0.057876
v -0.494990 0.415116 -0.058325
v -0.475025 0.393281 -0.055367
v -0.498881 0.392602 -0.056178
v -0.521541 0.390819 -0.057365
v -0.518521 0.406834 -0.058590
v -0.477930 0.376365 -0.055427
v -0.501857 0.372979 -0.055786
v -0.524987 0.369653 -0.056073
v -0.547882 0.366590 -0.056368
v -0.544049 0.388951 -0.058488
v -0.504820 0.350749 -0.055729
v -0.527800 0.347091 -0.056134
v -0.550190 0.343594 -0.056361
v -0.572410 0.340575 -0.056408
v -0.570095 0.364138 -0.057084
v -0.529750 0.323719 -0.054827
v -0.551532 0.319837 -0.055373
v -0.572840 0.316036 -0.055630
v -0.593311 0.312214 -0.055771
v -0.593895 0.338555 -0.056393
v -0.551662 0.294838 -0.053452
v -0.572319 0.290401 -0.053676
v -0.592495 0.285911 -0.054254
v -0.612362 0.281641 -0.054297
v -0.612559 0.308405 -0.055444
v -0.571650 0.264400 -0.052400
v -0.591617 0.259566 -0.052556
v -0.611668 0.255042 -0.052380
v -0.631834 0.250988 -0.051814
v -0.632421 0.277693 -0.054147
v -0.590023 0.233187 -0.051460
v -0.610183 0.228566 -0.051135
v -0.630647 0.224408 -0.050628
v -0.651419 0.220842 -0.050030
v -0.652343 0.247362 -0.051291
v -0.608145 0.202345 -0.050321
v -0.628889 0.198188 -0.049518
v -0.649876 0.194523 -0.048245
v -0.671179 0.191483 -0.046870
v -0.672657 0.217900 -0.049357
v -0.626708 0.172281 -0.047564
v -0.647806 0.168429 -0.046151
v -0.669290 0.165132 -0.045450
v -0.691058 0.162694 -0.044498
v -0.692734 0.189421 -0.045918
v -0.645823 0.142061 -0.044989
v -0.667352 0.138688 -0.044100
v -0.689198 0.136348 -0.042415
v -0.711318 0.135359 -0.041244
v -0.713046 0.161791 -0.042957
v -0.665690 0.116739 -0.042086
v -0.687458 0.114640 -0.040681
v -0.709497 0.114054 -0.039617
v -0.685797 0.099660 -0.039120
v -0.707355 0.098811 -0.037368
v -0.705669 0.088220 -0.035596
v -0.714588 0.188592 -0.045073
v -0.694086 0.216046 -0.048190
v -0.673411 0.244418 -0.050659
v -0.652841 0.274020 -0.053901
v -0.632182 0.304545 -0.055147
v -0.612984 0.335692 -0.056405
v -0.591920 0.363687 -0.057824
v -0.566091 0.387865 -0.059080
v -0.539759 0.407891 -0.058681
v -0.516238 0.417415 -0.058503
v -0.493704 0.423213 -0.058271
v -0.459498 0.424337 -0.056996
v -0.758142 0.000980 -0.099451
v -0.903612 0.000980 -0.087659
v -0.884010 0.000980 -0.091465
v -0.903790 0.019139 -0.084707
v -0.884004 0.021054 -0.087980
v -0.904280 0.035647 -0.076215
v -0.884490 0.039069 -0.078996
v -0.904693 0.048713 -0.063298
v -0.884898 0.052933 -0.065168
v -0.865294 0.057042 -0.066583
v -0.884963 0.061714 -0.048250
v -0.865510 0.066416 -0.048799
v -0.884357 0.064786 -0.029903
v -0.864745 0.069516 -0.029334
v -0.883038 0.062542 -0.011835
v -0.863072 0.066809 -0.010110
v -0.881304 0.055500 0.004364
v -0.860861 0.059095 0.007861
v -0.842330 0.062158 0.011203
v -0.857265 0.046842 0.023082
v -0.839134 0.048233 0.028001
v -0.823646 0.050300 0.031240
v -0.834047 0.032807 0.038603
v -0.821408 0.035459 0.040555
v -0.807187 0.037998 0.040719
v -0.807699 0.052527 0.032743
v -0.790815 0.039463 0.040046
v -0.790744 0.053024 0.032162
v -0.773048 0.039694 0.039804
v -0.773037 0.052613 0.032557
v -0.754241 0.039160 0.040122
v -0.754363 0.051164 0.033576
v -0.734379 0.038095 0.040969
v -0.734520 0.049284 0.034843
v -0.734859 0.062912 0.023951
v -0.713639 0.047486 0.036008
v -0.713872 0.060997 0.025985
v -0.714084 0.072272 0.013193
v -0.692437 0.059583 0.027505
v -0.692453 0.071479 0.015287
v -0.692289 0.078600 0.003385
v -0.670388 0.070880 0.017026
v -0.670078 0.078527 0.005163
v -0.669632 0.083413 -0.005995
v -0.691948 0.083201 -0.007899
v -0.669470 0.089550 -0.015157
v -0.691847 0.089002 -0.017061
v -0.669790 0.099605 -0.019360
v -0.692331 0.099717 -0.020280
v -0.670209 0.111670 -0.020758
v -0.692861 0.112475 -0.021057
v -0.670253 0.126178 -0.021959
v -0.692855 0.128302 -0.023234
v -0.715393 0.130166 -0.024233
v -0.692111 0.149884 -0.024973
v -0.714276 0.153156 -0.026124
v -0.734854 0.156396 -0.027530
v -0.712250 0.177696 -0.028818
v -0.731924 0.181533 -0.029661
v -0.746395 0.184367 -0.030519
v -0.727961 0.207789 -0.032257
v -0.741405 0.210985 -0.033214
v -0.751041 0.213376 -0.033572
v -0.735080 0.238020 -0.036127
v -0.744452 0.240863 -0.036503
v -0.752326 0.243265 -0.037894
v -0.736499 0.267227 -0.039411
v -0.743961 0.269844 -0.040259
v -0.750140 0.271861 -0.041709
v -0.735258 0.295558 -0.043172
v -0.741454 0.297442 -0.044261
v -0.727589 0.321321 -0.046122
v -0.727876 0.293380 -0.042675
v -0.720157 0.319149 -0.045720
v -0.711851 0.343629 -0.048808
v -0.711223 0.316659 -0.045016
v -0.702947 0.341631 -0.047763
v -0.694535 0.366037 -0.050120
v -0.704265 0.367753 -0.051053
v -0.686124 0.389407 -0.052618
v -0.697686 0.391391 -0.053356
v -0.678649 0.410983 -0.055016
v -0.670209 0.386709 -0.051306
v -0.661791 0.409102 -0.053880
v -0.656444 0.429923 -0.055973
v -0.642842 0.406394 -0.053120
v -0.651498 0.383378 -0.050479
v -0.632156 0.379706 -0.049961
v -0.661200 0.359259 -0.048072
v -0.641779 0.355117 -0.047751
v -0.622268 0.351275 -0.045549
v -0.651546 0.329710 -0.045142
v -0.632157 0.325403 -0.043359
v -0.613037 0.320960 -0.042791
v -0.641673 0.298390 -0.040473
v -0.622802 0.293363 -0.040169
v -0.604029 0.288206 -0.038083
v -0.630886 0.265451 -0.037375
v -0.611545 0.260284 -0.035138
v -0.592641 0.254864 -0.034979
v -0.616652 0.233327 -0.032516
v -0.596232 0.228395 -0.031679
v -0.575318 0.223764 -0.031064
v -0.598142 0.203624 -0.028606
v -0.576279 0.199872 -0.028020
v -0.554138 0.196395 -0.027579
v -0.576677 0.176834 -0.024679
v -0.554049 0.173708 -0.024030
v -0.531220 0.170943 -0.023680
v -0.553922 0.151659 -0.021542
v -0.530935 0.149290 -0.020265
v -0.507954 0.147273 -0.019523
v -0.508763 0.168555 -0.023100
v -0.485177 0.145552 -0.019313
v -0.486329 0.166587 -0.021936
v -0.462565 0.143932 -0.018845
v -0.484872 0.127296 -0.017032
v -0.462081 0.126316 -0.016229
v -0.439357 0.126121 -0.015495
v -0.462142 0.113053 -0.014910
v -0.438930 0.112999 -0.014624
v -0.416553 0.113339 -0.014234
v -0.417586 0.126017 -0.015226
v -0.397262 0.113766 -0.013411
v -0.398322 0.125772 -0.015236
v -0.415693 0.102570 -0.011875
v -0.397135 0.103767 -0.011097
v -0.415545 0.093386 -0.006267
v -0.397583 0.094059 -0.005972
v -0.416236 0.086870 0.003342
v -0.398235 0.086550 0.004321
v -0.417341 0.079824 0.013592
v -0.398827 0.078721 0.014910
v -0.387846 0.078127 0.015555
v -0.399658 0.070024 0.023996
v -0.388784 0.069353 0.024631
v -0.378561 0.079080 0.017022
v -0.373398 0.084629 0.022534
v -0.372315 0.092131 0.029764
v -0.372126 0.103845 0.014967
v -0.365048 0.097432 0.033690
v -0.364534 0.108923 0.016575
v -0.352806 0.098990 0.032282
v -0.351667 0.109519 0.015179
v -0.335303 0.100357 0.030333
v -0.353185 0.082231 0.044964
v -0.336072 0.084266 0.043922
v -0.313969 0.085153 0.042331
v -0.335688 0.064925 0.050232
v -0.314188 0.066144 0.049671
v -0.292118 0.067544 0.049047
v -0.313137 0.050716 0.050182
v -0.291779 0.051762 0.049875
v -0.270942 0.053092 0.049488
v -0.291181 0.040753 0.048063
v -0.270680 0.041648 0.047684
v -0.250016 0.043022 0.047311
v -0.250207 0.054139 0.049110
v -0.229233 0.044985 0.047263
v -0.229310 0.055342 0.048622
v -0.208501 0.045790 0.047128
v -0.228654 0.036075 0.045390
v -0.207952 0.037235 0.045238
v -0.187447 0.038469 0.045243
v -0.207629 0.029099 0.045437
v -0.186889 0.030839 0.044860
v -0.166089 0.031975 0.045001
v -0.166652 0.039793 0.045223
v -0.145219 0.033304 0.044256
v -0.145846 0.041480 0.044690
v -0.124803 0.035888 0.043514
v -0.144907 0.027952 0.049442
v -0.124214 0.029405 0.047568
v -0.104268 0.031262 0.046258
v -0.123850 0.026822 0.055421
v -0.103967 0.027975 0.053542
v -0.084470 0.029339 0.051239
v -0.103567 0.024887 0.061276
v -0.084476 0.026241 0.059124
v -0.064352 0.027668 0.056218
v -0.084360 0.022343 0.067154
v -0.064410 0.024124 0.064621
v -0.043187 0.025786 0.062025
v -0.064371 0.018252 0.072492
v -0.043027 0.019731 0.070544
v -0.021932 0.020946 0.068709
v -0.022464 0.026949 0.059207
v -0.001288 0.022597 0.066393
v -0.021507 0.012291 0.076649
v -0.000563 0.013173 0.074981
v 0.020291 0.014021 0.073675
v -0.000240 0.000980 0.078646
v 0.020672 0.000980 0.077562
v 0.041928 0.000980 0.076582
v -0.939562 0.000980 -0.080722
v -0.923306 0.000980 -0.083967
v -0.939495 0.015776 -0.078425
v -0.923353 0.017282 -0.081369
v -0.939303 0.029910 -0.071063
v -0.923826 0.032388 -0.073441
v -0.939093 0.041884 -0.059202
v -0.924125 0.044790 -0.061183
v -0.938721 0.048943 -0.044550
v -0.923907 0.052418 -0.046018
v -0.904722 0.056881 -0.047285
v -0.923527 0.054977 -0.030258
v -0.904288 0.059914 -0.030249
v -0.922969 0.052826 -0.015140
v -0.903412 0.057644 -0.013615
v -0.922358 0.047106 -0.001690
v -0.902482 0.051343 0.001147
v -0.921521 0.038072 0.009354
v -0.901304 0.041442 0.013274
v -0.878643 0.044777 0.017982
v -0.898966 0.028844 0.022374
v -0.920553 0.026426 0.018010
v -0.919216 0.013288 0.022657
v -0.892902 0.013486 0.029212
v -0.919438 0.000980 0.024226
v -0.894860 0.000980 0.029457
v -0.838181 0.000980 0.060181
v -0.836073 0.000980 0.054852
v -0.836204 0.007049 0.060538
v -0.834046 0.006960 0.054978
v -0.831043 0.009687 0.062160
v -0.829743 0.009494 0.055598
v -0.824668 0.010505 0.063590
v -0.823867 0.010436 0.056361
v -0.824353 0.012246 0.050436
v -0.815977 0.011389 0.056690
v -0.816583 0.015127 0.049209
v -0.818817 0.023808 0.044824
v -0.827668 0.019648 0.044835
v -0.806037 0.017242 0.049038
v -0.806647 0.026587 0.044582
v -0.791360 0.017960 0.048233
v -0.791027 0.027815 0.044264
v -0.773486 0.018417 0.048042
v -0.773207 0.028434 0.044100
v -0.754408 0.018721 0.048004
v -0.754297 0.028504 0.044283
v -0.734623 0.018506 0.048145
v -0.734451 0.027976 0.044720
v -0.713788 0.017537 0.048112
v -0.713627 0.026734 0.045086
v -0.713543 0.036320 0.041741
v -0.691992 0.025217 0.045650
v -0.692136 0.035114 0.042212
v -0.692295 0.046457 0.036880
v -0.670370 0.034800 0.042378
v -0.670473 0.046081 0.037289
v -0.670487 0.058685 0.028740
v -0.648249 0.045598 0.037719
v -0.648185 0.057928 0.029849
v -0.647992 0.070276 0.018306
v -0.625794 0.056916 0.031014
v -0.625521 0.069553 0.019860
v -0.625146 0.078393 0.008573
v -0.647668 0.078604 0.006838
v -0.624723 0.083519 -0.002146
v -0.647303 0.083502 -0.004118
v -0.624326 0.088404 -0.012093
v -0.647068 0.088837 -0.013972
v -0.624110 0.096969 -0.017831
v -0.647182 0.098610 -0.018998
v -0.624188 0.108099 -0.019590
v -0.647352 0.110186 -0.020194
v -0.624108 0.121203 -0.020454
v -0.647345 0.123754 -0.020962
v -0.623689 0.138554 -0.022293
v -0.646661 0.142243 -0.023962
v -0.669464 0.146244 -0.024634
v -0.645291 0.165039 -0.025909
v -0.667883 0.169224 -0.027843
v -0.690248 0.173511 -0.028490
v -0.665550 0.193110 -0.029962
v -0.687488 0.198010 -0.031355
v -0.709090 0.203238 -0.031946
v -0.683171 0.223563 -0.033819
v -0.703988 0.229331 -0.034984
v -0.722350 0.234457 -0.034942
v -0.697419 0.255558 -0.037910
v -0.715209 0.260825 -0.037975
v -0.727408 0.264352 -0.039227
v -0.707246 0.287281 -0.041203
v -0.719206 0.290761 -0.042102
v -0.698742 0.313332 -0.043926
v -0.689537 0.282105 -0.040799
v -0.680729 0.308477 -0.043354
v -0.671163 0.334286 -0.045799
v -0.689693 0.338623 -0.046741
v -0.680129 0.363206 -0.049058
v -0.661053 0.303298 -0.042361
v -0.669659 0.276419 -0.039362
v -0.649972 0.270898 -0.037884
v -0.676968 0.249718 -0.036490
v -0.656713 0.243981 -0.034889
v -0.636509 0.238452 -0.034811
v -0.661886 0.218014 -0.032034
v -0.640702 0.212641 -0.031713
v -0.619805 0.207631 -0.030482
v -0.643580 0.188339 -0.028411
v -0.621359 0.183966 -0.027961
v -0.599225 0.180010 -0.026601
v -0.622887 0.160870 -0.024552
v -0.599899 0.157385 -0.024012
v -0.577062 0.154104 -0.023165
v -0.600516 0.135691 -0.020522
v -0.577358 0.133301 -0.020098
v -0.554023 0.131554 -0.019573
v -0.577538 0.117772 -0.019193
v -0.554146 0.116842 -0.017545
v -0.531060 0.115887 -0.016479
v -0.530873 0.129980 -0.018722
v -0.508058 0.114934 -0.015660
v -0.507753 0.128560 -0.017689
v -0.485140 0.113757 -0.015276
v -0.508533 0.103279 -0.014510
v -0.485728 0.102519 -0.013929
v -0.462571 0.101966 -0.013234
v -0.486412 0.092815 -0.009456
v -0.463192 0.092721 -0.008559
v -0.439132 0.093176 -0.007234
v -0.438965 0.101874 -0.012868
v -0.464181 0.086739 0.000576
v -0.440128 0.086961 0.001774
v -0.465291 0.080665 0.010653
v -0.441793 0.080478 0.011938
v -0.466530 0.072321 0.020740
v -0.443601 0.071807 0.021726
v -0.419059 0.071044 0.022916
v -0.445421 0.060999 0.030742
v -0.422112 0.061099 0.030826
v -0.401464 0.061523 0.030795
v -0.425142 0.051158 0.036205
v -0.404138 0.052806 0.035820
v -0.388751 0.054391 0.035169
v -0.388788 0.061389 0.030852
v -0.406824 0.044071 0.039633
v -0.389889 0.046796 0.038665
v -0.409091 0.035259 0.042799
v -0.392283 0.037768 0.041949
v -0.410880 0.026233 0.046513
v -0.394384 0.028668 0.045027
v -0.380652 0.030920 0.044514
v -0.395893 0.021510 0.051491
v -0.381833 0.022737 0.050138
v -0.369702 0.024174 0.049541
v -0.369434 0.033851 0.047206
v -0.357719 0.025961 0.048542
v -0.358760 0.036329 0.048685
v -0.344721 0.028161 0.047752
v -0.346546 0.038202 0.048723
v -0.349120 0.048654 0.050732
v -0.331284 0.039235 0.048906
v -0.333451 0.049816 0.050534
v -0.351833 0.063340 0.050920
v -0.311960 0.040142 0.048607
v -0.329499 0.029513 0.047510
v -0.310768 0.030757 0.046983
v -0.290566 0.031905 0.046188
v -0.309474 0.022327 0.049247
v -0.289799 0.023610 0.047780
v -0.269604 0.025632 0.047029
v -0.270124 0.033234 0.045713
v -0.248792 0.026295 0.046243
v -0.249326 0.034544 0.045568
v -0.228164 0.027963 0.046006
v -0.248761 0.023617 0.053442
v -0.228092 0.024420 0.052961
v -0.207444 0.025390 0.052242
v -0.228072 0.022450 0.060748
v -0.207295 0.023118 0.060024
v -0.186555 0.023686 0.059242
v -0.186654 0.026216 0.051185
v -0.165717 0.024401 0.058413
v -0.165770 0.026917 0.050424
v -0.144742 0.025691 0.057240
v -0.165618 0.022049 0.066505
v -0.144372 0.022768 0.065054
v -0.123259 0.023718 0.063080
v -0.143741 0.019099 0.072362
v -0.122336 0.019825 0.070537
v -0.102767 0.020901 0.068892
v -0.121469 0.014707 0.077083
v -0.101668 0.015516 0.075590
v -0.084353 0.016540 0.074193
v -0.120837 0.008185 0.082450
v -0.143366 0.007315 0.083666
v -0.143146 0.014062 0.078647
v -0.164507 0.013729 0.079525
v -0.164250 0.007696 0.083850
v -0.165105 0.018730 0.073798
v -0.185868 0.018406 0.074518
v -0.185321 0.013333 0.080089
v -0.186334 0.021477 0.067299
v -0.206979 0.020949 0.067745
v -0.206232 0.017718 0.074903
v -0.226459 0.017156 0.075804
v -0.225422 0.012387 0.082009
v -0.205454 0.012791 0.080778
v -0.227578 0.020349 0.068391
v -0.248035 0.019629 0.069476
v -0.246496 0.016830 0.077603
v -0.248742 0.021582 0.061409
v -0.269049 0.020494 0.062522
v -0.267873 0.019087 0.071247
v -0.269342 0.022342 0.054096
v -0.289150 0.021030 0.055420
v -0.288389 0.019834 0.064217
v -0.307292 0.019480 0.065934
v -0.305848 0.018180 0.074693
v -0.287010 0.018572 0.073175
v -0.308388 0.020229 0.057162
v -0.326394 0.019912 0.059063
v -0.325116 0.019042 0.067668
v -0.327767 0.021283 0.050851
v -0.343249 0.020640 0.052741
v -0.341984 0.019460 0.061255
v -0.356114 0.019032 0.063775
v -0.355355 0.017806 0.072353
v -0.340871 0.018543 0.069854
v -0.356786 0.020148 0.055168
v -0.369680 0.019834 0.057201
v -0.369587 0.018782 0.066100
v -0.383386 0.018451 0.068475
v -0.383555 0.016576 0.077868
v -0.369347 0.017298 0.075015
v -0.382759 0.019477 0.058946
v -0.397152 0.019087 0.061177
v -0.398113 0.017823 0.071102
v -0.414290 0.016373 0.073820
v -0.414304 0.015385 0.083572
v -0.398486 0.015857 0.080808
v -0.413416 0.018358 0.063890
v -0.431408 0.016836 0.066137
v -0.431772 0.015551 0.076336
v -0.412255 0.020331 0.054067
v -0.430515 0.019287 0.056432
v -0.449963 0.017528 0.057758
v -0.450645 0.015716 0.067756
v -0.429513 0.024217 0.048179
v -0.449235 0.022015 0.049040
v -0.470095 0.020897 0.049999
v -0.470538 0.016670 0.058440
v -0.428396 0.032614 0.043727
v -0.448657 0.030484 0.044434
v -0.469715 0.028969 0.045047
v -0.491405 0.028279 0.045129
v -0.491602 0.020168 0.049793
v -0.447961 0.040152 0.041222
v -0.469292 0.038838 0.041707
v -0.491124 0.038172 0.041839
v -0.513332 0.038556 0.041640
v -0.513621 0.028733 0.044934
v -0.468657 0.049508 0.037390
v -0.490680 0.049049 0.037353
v -0.512984 0.049167 0.037004
v -0.535641 0.050234 0.036205
v -0.535930 0.039714 0.041203
v -0.490019 0.060924 0.030208
v -0.512478 0.061160 0.029593
v -0.535165 0.062356 0.028334
v -0.557911 0.064311 0.026522
v -0.558341 0.051784 0.035097
v -0.511739 0.072865 0.019396
v -0.534464 0.073736 0.017972
v -0.557198 0.075013 0.015739
v -0.579924 0.076460 0.013122
v -0.580526 0.066254 0.024206
v -0.533628 0.081139 0.007643
v -0.556350 0.082151 0.005724
v -0.579128 0.082822 0.003144
v -0.601924 0.083260 0.000500
v -0.602570 0.077679 0.010531
v -0.555417 0.087227 -0.004304
v -0.578166 0.087566 -0.006750
v -0.601040 0.087758 -0.009610
v -0.577505 0.095175 -0.014110
v -0.600658 0.095512 -0.016477
v -0.577464 0.105760 -0.016843
v -0.600850 0.106602 -0.018226
v -0.600784 0.119134 -0.019989
v -0.554668 0.094236 -0.012612
v -0.554347 0.104828 -0.015796
v -0.531809 0.093616 -0.011170
v -0.531345 0.103974 -0.015143
v -0.509102 0.093421 -0.009693
v -0.532667 0.086854 -0.002445
v -0.509919 0.086608 -0.001093
v -0.487191 0.086675 -0.000208
v -0.510871 0.080800 0.009029
v -0.488123 0.080671 0.009844
v -0.489109 0.072536 0.020130
v -0.467706 0.061020 0.030527
v -0.446903 0.050083 0.036837
v -0.427013 0.042050 0.040814
v -0.603058 0.068206 0.021932
v -0.603373 0.055362 0.032341
v -0.580885 0.053544 0.033797
v -0.603578 0.043767 0.038979
v -0.581103 0.042407 0.039971
v -0.558590 0.040973 0.040722
v -0.581232 0.031893 0.043862
v -0.558737 0.030792 0.044272
v -0.536085 0.029768 0.044544
v -0.558701 0.021664 0.048206
v -0.536191 0.021117 0.048709
v -0.513789 0.020271 0.049200
v -0.536221 0.016017 0.056666
v -0.513951 0.015848 0.057589
v -0.491818 0.016266 0.058325
v -0.513959 0.015079 0.067525
v -0.491969 0.015298 0.068299
v -0.470757 0.015388 0.068522
v -0.491589 0.014633 0.078725
v -0.470467 0.015108 0.078806
v -0.450771 0.015350 0.078046
v -0.469578 0.013996 0.088446
v -0.450237 0.015018 0.087506
v -0.431363 0.015326 0.085783
v -0.449570 0.013885 0.094906
v -0.430644 0.014898 0.092816
v -0.413787 0.015201 0.090820
v -0.429856 0.013618 0.099235
v -0.413214 0.014239 0.097407
v -0.398037 0.014181 0.095060
v -0.398369 0.015220 0.088445
v -0.382844 0.014313 0.092750
v -0.383307 0.015510 0.085906
v -0.367855 0.014615 0.090318
v -0.368694 0.016032 0.083141
v -0.353141 0.014871 0.087801
v -0.354321 0.016517 0.080392
v -0.338108 0.015183 0.085476
v -0.339479 0.017034 0.077988
v -0.322045 0.015284 0.083781
v -0.323520 0.017587 0.076091
v -0.304464 0.015366 0.082430
v -0.321015 0.011399 0.090583
v -0.303489 0.011411 0.089241
v -0.284602 0.011627 0.087867
v -0.285560 0.015745 0.081105
v -0.265015 0.011971 0.086293
v -0.266148 0.016297 0.079498
v -0.245228 0.012086 0.084041
v -0.264223 0.006453 0.092073
v -0.244336 0.006376 0.089653
v -0.224633 0.006563 0.087369
v -0.243630 0.000980 0.094604
v -0.224049 0.000980 0.091539
v -0.204429 0.000980 0.089653
v -0.204860 0.006840 0.085591
v -0.184660 0.000980 0.088292
v -0.184893 0.007388 0.084427
v -0.845033 0.000980 0.077847
v -0.841061 0.000980 0.067117
v -0.843494 0.008372 0.078523
v -0.839396 0.007804 0.067494
v -0.835609 0.009953 0.081117
v -0.833006 0.010221 0.069683
v -0.827891 0.009931 0.083573
v -0.825859 0.010646 0.071863
v -0.819077 0.009698 0.086073
v -0.817661 0.010656 0.073728
v -0.816539 0.010809 0.064728
v -0.806484 0.010603 0.075548
v -0.805638 0.010911 0.065607
v -0.805576 0.011970 0.056599
v -0.792134 0.010922 0.065947
v -0.791803 0.012209 0.056055
v -0.774071 0.011028 0.065685
v -0.773807 0.012514 0.055744
v -0.754671 0.011081 0.065487
v -0.754543 0.012318 0.055260
v -0.734830 0.011319 0.065075
v -0.734770 0.012698 0.055240
v -0.714189 0.011416 0.064886
v -0.713979 0.012323 0.055236
v -0.692871 0.011378 0.065990
v -0.692274 0.011847 0.056595
v -0.691876 0.016624 0.049206
v -0.670509 0.012186 0.058773
v -0.670133 0.016527 0.050717
v -0.670168 0.024759 0.045998
v -0.648462 0.016420 0.051861
v -0.648302 0.024497 0.046376
v -0.648264 0.034496 0.042595
v -0.626172 0.023915 0.046819
v -0.626061 0.033910 0.042916
v -0.625954 0.044833 0.038200
v -0.603751 0.033103 0.043439
v -0.603864 0.023313 0.047204
v -0.581307 0.022216 0.047563
v -0.603960 0.015997 0.053743
v -0.581392 0.015710 0.054716
v -0.558699 0.015779 0.055676
v -0.581609 0.013166 0.064694
v -0.558852 0.014034 0.065762
v -0.536255 0.014748 0.066724
v -0.558748 0.012168 0.077042
v -0.535973 0.013156 0.077856
v -0.513536 0.014014 0.078376
v -0.535004 0.011507 0.089799
v -0.512409 0.011857 0.089290
v -0.490390 0.012740 0.089094
v -0.510917 0.011300 0.099314
v -0.488857 0.011534 0.097817
v -0.468331 0.012613 0.096454
v -0.487300 0.011234 0.105061
v -0.467059 0.011620 0.102930
v -0.448958 0.012556 0.101228
v -0.465437 0.010172 0.109543
v -0.448246 0.010367 0.107339
v -0.429362 0.010968 0.105158
v -0.412894 0.011287 0.103378
v -0.397771 0.011229 0.101163
v -0.382097 0.006491 0.104274
v -0.382430 0.011236 0.098980
v -0.366570 0.006633 0.102119
v -0.367156 0.011374 0.096593
v -0.351548 0.006580 0.099880
v -0.352191 0.011471 0.094256
v -0.336405 0.006417 0.097921
v -0.337055 0.011532 0.092168
v -0.320336 0.006237 0.096703
v -0.335997 0.000980 0.102612
v -0.319969 0.000980 0.101756
v -0.302238 0.000980 0.100563
v -0.302773 0.006382 0.095198
v -0.283310 0.000980 0.098978
v -0.283875 0.006628 0.093834
v -0.263570 0.000980 0.097045
v -0.853730 0.000980 0.103824
v -0.848754 0.000980 0.092073
v -0.849774 0.006410 0.107140
v -0.845444 0.007278 0.093683
v -0.843074 0.007070 0.112696
v -0.838184 0.008161 0.096855
v -0.836017 0.007020 0.118080
v -0.830812 0.007771 0.100162
v -0.826873 0.006888 0.123392
v -0.821968 0.007479 0.103683
v -0.813069 0.006823 0.128315
v -0.810040 0.007307 0.107703
v -0.807812 0.009017 0.088306
v -0.794633 0.007235 0.110738
v -0.793453 0.008590 0.090433
v -0.792550 0.010588 0.076746
v -0.774725 0.008436 0.091852
v -0.774330 0.010559 0.077269
v -0.754973 0.008715 0.091810
v -0.754767 0.010734 0.077044
v -0.735147 0.009374 0.091038
v -0.734897 0.010850 0.076372
v -0.714774 0.009850 0.090179
v -0.714482 0.011016 0.075900
v -0.693661 0.010297 0.090426
v -0.693362 0.011199 0.076593
v -0.671668 0.010376 0.092271
v -0.671684 0.011192 0.078752
v -0.671172 0.011389 0.068156
v -0.649653 0.011220 0.081364
v -0.649330 0.011442 0.070163
v -0.648849 0.012567 0.060414
v -0.627226 0.011503 0.072186
v -0.626727 0.012242 0.061783
v -0.626376 0.015646 0.052505
v -0.604252 0.012623 0.063355
v -0.604671 0.011492 0.074333
v -0.581732 0.011666 0.076005
v -0.604581 0.011222 0.087036
v -0.581176 0.011200 0.089034
v -0.557935 0.011272 0.089824
v -0.580032 0.010540 0.101692
v -0.556453 0.011019 0.101815
v -0.533497 0.011268 0.100775
v -0.554788 0.009741 0.111488
v -0.531820 0.010663 0.109799
v -0.509363 0.011002 0.107662
v -0.530175 0.009349 0.117622
v -0.507884 0.009930 0.114903
v -0.485643 0.010205 0.112196
v -0.506064 0.006824 0.122139
v -0.484203 0.007120 0.118447
v -0.505259 0.000980 0.126002
v -0.871439 0.000980 0.115208
v -0.861518 0.000980 0.110518
v -0.857501 0.006391 0.116732
v -0.851677 0.006650 0.124704
v -0.843993 0.006365 0.132136
v -0.832447 0.004340 0.147029
v -0.830800 0.005939 0.137597
v -0.813943 0.003844 0.151199
v -0.814001 0.005137 0.141616
v -0.795402 0.003626 0.154671
v -0.795598 0.004668 0.144634
v -0.795618 0.006447 0.131155
v -0.775458 0.004351 0.145995
v -0.775508 0.006193 0.132286
v -0.775267 0.007199 0.112283
v -0.755470 0.006274 0.131859
v -0.755325 0.007231 0.111916
v -0.735982 0.006521 0.130227
v -0.735571 0.007254 0.110529
v -0.715125 0.006816 0.127513
v -0.715021 0.007300 0.108882
v -0.692513 0.006991 0.124900
v -0.693372 0.007428 0.107906
v -0.669387 0.007103 0.123972
v -0.670830 0.007522 0.108568
v -0.646566 0.007127 0.124549
v -0.648417 0.007614 0.110411
v -0.649505 0.010347 0.095301
v -0.625721 0.007623 0.112459
v -0.626874 0.010164 0.098567
v -0.627411 0.011162 0.084167
v -0.603660 0.010155 0.101060
v -0.602156 0.007794 0.113231
v -0.578350 0.008528 0.112568
v -0.600073 0.007115 0.124615
v -0.576321 0.007342 0.122572
v -0.552965 0.008106 0.120060
v -0.574117 0.005972 0.132314
v -0.551079 0.006100 0.128609
v -0.528659 0.006994 0.125829
v -0.549479 0.000980 0.136206
v -0.527649 0.000980 0.130549
v -0.572306 0.000980 0.141019
v -0.598401 0.000980 0.147280
v -0.598590 0.005840 0.135819
v -0.624493 0.007123 0.125330
v -0.664977 0.000980 0.163353
v -0.664213 0.003755 0.155610
v -0.690582 0.003191 0.160533
v -0.665342 0.005084 0.146632
v -0.690676 0.004108 0.150228
v -0.715655 0.003675 0.154862
v -0.736437 0.003606 0.156697
v -0.691601 0.005551 0.138605
v -0.715281 0.005095 0.142370
v -0.736424 0.004620 0.144848
v -0.755162 0.004417 0.145894
v -0.755124 0.003596 0.156660
v -0.775423 0.003604 0.156490
v -0.775452 0.003284 0.164382
v -0.794334 0.003253 0.162832
v -0.793678 0.002956 0.169466
v -0.775479 0.003010 0.170707
v -0.811145 0.002974 0.165996
v -0.812773 0.003314 0.159140
v -0.831891 0.003628 0.154688
v -0.830892 0.003180 0.160980
v -0.850691 0.003184 0.160691
v -0.865596 0.003326 0.155547
v -0.876054 0.003425 0.150997
v -0.667622 0.006199 0.136182
v -0.642850 0.002869 0.154391
v -0.881876 0.000980 0.119695
v -0.890984 0.000980 0.124523
v -0.887836 0.005839 0.129605
v -0.898385 0.000980 0.128718
v -0.895462 0.005452 0.132349
v -0.890517 0.004624 0.137807
v -0.901116 0.004483 0.136244
v -0.896658 0.004178 0.140414
v -0.905402 0.003479 0.141264
v -0.901536 0.003417 0.144945
v -0.909453 0.002235 0.146109
v -0.905053 0.002611 0.150137
v -0.908613 0.001690 0.155666
v -0.912896 0.000980 0.158687
v -0.904025 0.000980 0.133317
v -0.908601 0.000980 0.137796
v -0.366091 0.000980 0.105786
v -0.381761 0.000980 0.107961
v -0.351071 0.000980 0.104033
v -0.021333 0.000980 0.079744
v -0.042835 0.000980 0.080243
v -0.042894 0.011501 0.077520
v -0.958734 0.000980 -0.076419
v -0.950267 0.000980 -0.078244
v -0.958680 0.013883 -0.074226
v -0.950079 0.014619 -0.076108
v -0.958181 0.026949 -0.067534
v -0.949617 0.028258 -0.069353
v -0.957200 0.038507 -0.056201
v -0.949004 0.040013 -0.057625
v -0.956624 0.045163 -0.041900
v -0.948434 0.046928 -0.043201
v -0.956181 0.046759 -0.028768
v -0.947841 0.048666 -0.029362
v -0.938342 0.051070 -0.029903
v -0.947194 0.046857 -0.016889
v -0.937655 0.049152 -0.016139
v -0.946579 0.042013 -0.005176
v -0.936701 0.044010 -0.003739
v -0.945562 0.034059 0.004849
v -0.935699 0.035720 0.006745
v -0.944462 0.023070 0.012511
v -0.934708 0.024359 0.014603
v -0.943706 0.011480 0.016633
v -0.933937 0.012301 0.018867
v -0.943492 0.000980 0.018457
v -0.933769 0.000980 0.020940
v -0.970623 0.000980 -0.073653
v -0.965513 0.000980 -0.074843
v -0.970058 0.013462 -0.071152
v -0.965210 0.013603 -0.072603
v -0.968781 0.026153 -0.064483
v -0.964102 0.026338 -0.065902
v -0.967456 0.036932 -0.053278
v -0.962963 0.037531 -0.054863
v -0.967546 0.042722 -0.039036
v -0.962752 0.044068 -0.040647
v -0.967416 0.043319 -0.026894
v -0.962481 0.044942 -0.027832
v -0.965989 0.041668 -0.016730
v -0.961183 0.043216 -0.017098
v -0.955171 0.044946 -0.017413
v -0.959444 0.039067 -0.007253
v -0.954130 0.040560 -0.006409
v -0.957398 0.031744 0.002780
v -0.952713 0.032544 0.003676
v -0.956365 0.021473 0.009852
v -0.951651 0.022193 0.010864
v -0.956705 0.010394 0.013589
v -0.951342 0.010870 0.014900
v -0.957067 0.000980 0.014806
v -0.951375 0.000980 0.016347
v -0.972124 0.000980 -0.065523
v -0.977108 0.000980 -0.066015
v -0.981073 0.000980 -0.066593
v -0.980371 0.000980 -0.070960
v -0.976839 0.011816 -0.063506
v -0.981046 0.012412 -0.064382
v -0.979671 0.013316 -0.067665
v -0.979592 0.023516 -0.057987
v -0.977729 0.025353 -0.061042
v -0.973323 0.025884 -0.062846
v -0.974850 0.013485 -0.069644
v -0.975617 0.000980 -0.072493
v -0.975448 0.022231 -0.057321
v -0.970358 0.021643 -0.057568
v -0.971882 0.011414 -0.063415
v -0.966751 0.011144 -0.063484
v -0.965528 0.021215 -0.057804
v -0.967047 0.000980 -0.065324
v -0.960676 0.000980 -0.065529
v -0.960657 0.011055 -0.063482
v -0.953277 0.000980 -0.065314
v -0.944462 0.000980 -0.064870
v -0.944390 0.011591 -0.063197
v -0.953348 0.011362 -0.063447
v -0.944008 0.021365 -0.057950
v -0.953054 0.021081 -0.057984
v -0.960140 0.020998 -0.058009
v -0.952311 0.029575 -0.049009
v -0.959193 0.029662 -0.048655
v -0.964366 0.030057 -0.048086
v -0.958550 0.034828 -0.036522
v -0.964027 0.034999 -0.035356
v -0.957664 0.035502 -0.025044
v -0.963113 0.035394 -0.024187
v -0.956209 0.032640 -0.014894
v -0.961274 0.032421 -0.013944
v -0.966072 0.031922 -0.012682
v -0.959714 0.026062 -0.004882
v -0.964125 0.025674 -0.004173
v -0.968511 0.025582 -0.002603
v -0.971002 0.031434 -0.010735
v -0.969318 0.027145 -0.000370
v -0.972369 0.033496 -0.007698
v -0.965537 0.029249 0.000922
v -0.968193 0.036042 -0.007258
v -0.961497 0.030639 0.002005
v -0.963611 0.037861 -0.007297
v -0.964078 0.020106 0.007654
v -0.960680 0.020657 0.008724
v -0.965488 0.009735 0.010838
v -0.961291 0.010059 0.012308
v -0.968177 0.000980 0.011940
v -0.962141 0.000980 0.013736
v -0.912568 0.000980 -0.064526
v -0.931162 0.000980 -0.065002
v -0.912632 0.011872 -0.062571
v -0.931336 0.011709 -0.062531
v -0.912866 0.021674 -0.057302
v -0.931419 0.021533 -0.057549
v -0.913158 0.029450 -0.049174
v -0.931370 0.029424 -0.049242
v -0.943402 0.029690 -0.049355
v -0.931165 0.034588 -0.038752
v -0.942709 0.034511 -0.038290
v -0.951371 0.034681 -0.037653
v -0.941959 0.035547 -0.026659
v -0.950475 0.035479 -0.026168
v -0.941171 0.032959 -0.015347
v -0.949682 0.032946 -0.015162
v -0.940347 0.027161 -0.005759
v -0.948885 0.026714 -0.005618
v -0.954758 0.026582 -0.005356
v -0.948124 0.018720 0.001269
v -0.954235 0.018377 0.001481
v -0.959299 0.017916 0.001663
v -0.954424 0.009420 0.005216
v -0.960137 0.009087 0.005225
v -0.964002 0.017589 0.002123
v -0.968402 0.017456 0.004271
v -0.967862 0.018942 0.005661
v -0.954653 0.000980 0.006454
v -0.962433 0.000980 0.006460
v -0.948073 0.000980 0.006479
v -0.947937 0.009796 0.005315
v -0.939775 0.010141 0.005237
v -0.939861 0.000980 0.006451
v -0.939887 0.019097 0.001121
v -0.929475 0.019424 0.000801
v -0.929368 0.010451 0.005263
v -0.929809 0.027322 -0.006188
v -0.913228 0.027769 -0.006884
v -0.913090 0.019796 0.000147
v -0.930339 0.033080 -0.015783
v -0.913361 0.033289 -0.016475
v -0.892177 0.033547 -0.017244
v -0.892105 0.028051 -0.007786
v -0.930840 0.035600 -0.027051
v -0.913477 0.035595 -0.027567
v -0.892178 0.035666 -0.028157
v -0.871191 0.035633 -0.028620
v -0.871170 0.033403 -0.017890
v -0.913402 0.034382 -0.038948
v -0.892107 0.034534 -0.039309
v -0.871189 0.034257 -0.039472
v -0.853828 0.034460 -0.039616
v -0.853882 0.035560 -0.028824
v -0.891980 0.029480 -0.049247
v -0.871168 0.029403 -0.049330
v -0.853810 0.029458 -0.049275
v -0.840274 0.029541 -0.048857
v -0.840391 0.034617 -0.039318
v -0.871104 0.021591 -0.057324
v -0.853743 0.021716 -0.057320
v -0.840157 0.021826 -0.057018
v -0.828878 0.021769 -0.056514
v -0.829159 0.029527 -0.048422
v -0.853584 0.011959 -0.062607
v -0.839935 0.011898 -0.062217
v -0.828643 0.011773 -0.061808
v -0.820960 0.011541 -0.060885
v -0.821324 0.021395 -0.055803
v -0.839777 0.000980 -0.064028
v -0.828560 0.000980 -0.063449
v -0.820799 0.000980 -0.062978
v -0.815111 0.000980 -0.060669
v -0.815653 0.011091 -0.058810
v -0.812075 0.000980 -0.056400
v -0.811454 0.000980 -0.051040
v -0.812768 0.009598 -0.054776
v -0.813193 0.017252 -0.050341
v -0.816107 0.020070 -0.053902
v -0.813383 0.023077 -0.043781
v -0.816485 0.026902 -0.046577
v -0.821611 0.028854 -0.047898
v -0.815933 0.032511 -0.038220
v -0.821391 0.034187 -0.038398
v -0.829231 0.034540 -0.038886
v -0.821262 0.035528 -0.028335
v -0.829431 0.035449 -0.028443
v -0.840643 0.035590 -0.028728
v -0.829782 0.033275 -0.018111
v -0.840886 0.033174 -0.018356
v -0.853969 0.033353 -0.018191
v -0.840964 0.028168 -0.008913
v -0.853997 0.028063 -0.008731
v -0.871177 0.028174 -0.008425
v -0.854015 0.020276 -0.001644
v -0.871178 0.020340 -0.001183
v -0.892041 0.020118 -0.000696
v -0.871193 0.011153 0.003678
v -0.892008 0.011092 0.004320
v -0.912946 0.010729 0.004875
v -0.892072 0.000980 0.005573
v -0.912960 0.000980 0.006118
v -0.929329 0.000980 0.006422
v -0.871028 0.000980 -0.064660
v -0.891747 0.000980 -0.064699
v -0.871050 0.011882 -0.062637
v -0.891757 0.011743 -0.062338
v -0.891857 0.021568 -0.057176
v -0.853538 0.000980 -0.064054
v -0.813130 0.000980 -0.018330
v -0.812665 0.000980 -0.026053
v -0.812203 0.000980 -0.034890
v -0.812720 0.008193 -0.027045
v -0.811673 0.000980 -0.043774
v -0.813097 0.008853 -0.019662
v -0.812605 0.015184 -0.029579
v -0.812515 0.021677 -0.032989
v -0.812821 0.027657 -0.036187
v -0.815778 0.034747 -0.028402
v -0.815673 0.032806 -0.017678
v -0.821518 0.033438 -0.017668
v -0.821996 0.027860 -0.008397
v -0.830011 0.028096 -0.008837
v -0.822851 0.019556 -0.001618
v -0.830272 0.020296 -0.001610
v -0.840917 0.020379 -0.001770
v -0.830434 0.011054 0.002558
v -0.840844 0.011220 0.003027
v -0.853915 0.011100 0.003239
v -0.840813 0.000980 0.004580
v -0.853893 0.000980 0.004782
v -0.871282 0.000980 0.005099
v -0.830549 0.000980 0.004291
v -0.823482 0.000980 0.003451
v -0.823341 0.010804 0.002165
v -0.710257 0.453442 -0.066454
v -0.714245 0.457010 -0.066401
v -0.704992 0.463446 -0.067775
v -0.724523 0.454611 -0.066264
v 0.698520 0.000979 -0.018787
v 0.692609 0.000979 -0.019347
v 0.692974 0.004292 -0.019444
v 0.678986 0.003521 -0.020628
v 0.679101 0.000979 -0.020227
v 0.124149 0.057401 0.003597
v -0.726057 0.469438 -0.066437
v -0.721254 0.467185 -0.066017
v -0.724943 0.473949 -0.066211
v -0.718085 0.472082 -0.065092
v -0.762266 0.000980 0.183024
v -0.122685 0.237687 -0.040467
v 0.017144 0.074566 -0.003886
v 0.025811 0.072477 -0.004679
v 0.668630 0.000979 -0.014634
v 0.667155 0.000979 -0.014806
v 0.668658 0.003525 -0.014682
v 0.666258 0.003321 -0.014961
v 0.668676 0.005149 -0.014714
v 0.665583 0.005124 -0.015076
v 0.662481 0.005099 -0.015441
v 0.664444 0.002757 -0.015162
v 0.665932 0.000979 -0.014950
v -0.902734 0.000980 0.162147
v -0.448620 0.000980 0.116437
v -0.463686 0.000980 0.118607
v -0.429000 0.000980 0.113450
v -0.410666 0.000980 0.111175
v -0.252555 0.000980 -0.081068
v -0.237673 0.000980 -0.081779
v -0.217468 0.000980 -0.081688
v -0.198770 0.000980 -0.081154
v -0.180233 0.000980 -0.080431
v -0.086541 0.000980 0.083415
v -0.100528 0.000980 0.084176
v -0.158492 0.000980 -0.079107
v -0.136613 0.000980 -0.075128
v -0.142359 0.000980 0.086765
v -0.120151 0.000980 0.085364
v -0.164152 0.000980 0.087692
v -0.483654 0.000980 0.121787
v -0.688613 0.000980 0.169254
v -0.917447 0.000980 0.152813
v -0.912822 0.000980 0.141987
v -0.915594 0.000980 0.144116
v -0.644891 0.000980 0.153949
v -0.645676 0.000980 0.147709
v -0.853288 -0.010297 0.039123
v -0.780855 -0.086459 -0.030024
v -0.789211 -0.082451 -0.031107
v -0.778612 -0.097938 -0.032469
v -0.777453 -0.095126 -0.022997
v -0.979958 -0.000267 0.006966
v -0.867528 -0.002680 0.140823
v -0.889685 -0.001526 0.147714
v -0.808452 -0.125419 -0.033581
v -0.895634 -0.000018 0.158228
v -0.793482 -0.131327 -0.030370
v -0.975291 -0.034137 -0.032755
v -0.979443 -0.034478 -0.018451
v -0.977391 -0.037266 -0.033706
v -0.978801 -0.035214 -0.022044
v -0.792124 -0.170524 -0.038300
v -0.795093 -0.177303 -0.038195
v -0.792215 -0.181926 -0.038739
v -0.811854 -0.008916 -0.042716
v -0.815593 -0.006231 0.000025
v -0.814603 -0.009162 -0.006561
v -0.812979 -0.021986 -0.021561
v -0.733114 -0.387270 -0.059598
v -0.734104 -0.378982 -0.055544
v -0.736206 -0.409967 -0.059997
v -0.729860 -0.417070 -0.060304
v -0.724844 -0.412432 -0.058201
v -0.718587 -0.439176 -0.061230
v -0.719073 -0.442709 -0.065511
v -0.369803 -0.053919 0.038856
v -0.371533 -0.060842 0.038188
v -0.364698 -0.060296 0.042590
v -0.695851 -0.454151 -0.061141
v -0.716278 -0.462269 -0.065514
v -0.355294 -0.050844 0.036649
v -0.377425 -0.093869 -0.004854
v -0.708930 -0.472709 -0.067802
v -0.372404 -0.105908 -0.007235
v -0.699438 -0.484663 -0.068995
v -0.362279 -0.104024 -0.005154
v -0.362510 -0.101115 -0.008177
v -0.611316 -0.488777 -0.064515
v -0.553774 -0.463431 -0.060974
v -0.550387 -0.464400 -0.060993
v -0.526961 -0.450941 -0.058264
v -0.535360 -0.455298 -0.060519
v -0.399799 -0.415404 -0.054677
v -0.398122 -0.416385 -0.050862
v -0.422413 -0.421195 -0.054569
v -0.364686 -0.402914 -0.050583
v -0.359773 -0.399956 -0.052864
v -0.356457 -0.407512 -0.046780
v -0.113211 -0.229558 -0.036385
v -0.120014 -0.237000 -0.037875
v -0.143092 -0.169886 -0.021184
v -0.122564 -0.239061 -0.036482
v -0.117017 -0.239073 -0.035083
v -0.026622 -0.083170 -0.009931
v -0.009612 -0.078811 -0.010756
v 0.107422 -0.060264 -0.001744
v 0.108306 -0.056676 -0.001539
v 0.113158 -0.055317 0.001673
v 0.113597 -0.058322 -0.002364
v 0.103706 -0.050381 0.014665
v 0.127606 -0.056521 -0.000999
v 0.111357 -0.053572 0.012385
v 0.635553 -0.002883 -0.021708
v 0.634788 -0.003224 -0.016329
v 0.641341 -0.002891 -0.015303
v 0.642054 -0.002625 -0.021315
v 0.695910 -0.001498 -0.014673
v 0.707577 -0.002902 -0.011360
v 0.690602 -0.067145 0.002222
v 0.691014 -0.069274 0.006873
v -0.775992 -0.000199 0.181506
v -0.776046 -0.000717 0.176427
v -0.793814 -0.000587 0.175634
v -0.810280 -0.000509 0.172430
v -0.828963 -0.000218 0.172040
v -0.850599 -0.000886 0.165997
v -0.849099 -0.000289 0.170281
v -0.829811 -0.000853 0.166559
v -0.759504 -0.000317 0.177428
v -0.760157 0.000393 0.181615
v -0.754861 -0.000790 0.173075
v -0.970609 -0.006231 0.008263
v -0.968352 -0.006072 0.006305
v -0.716928 -0.000807 0.166338
v -0.735984 -0.001017 0.166838
v -0.756141 -0.001310 0.165114
v -0.879026 -0.000276 0.163023
v -0.887300 -0.000503 0.157929
v -0.893487 -0.000621 0.155210
v -0.901867 0.000173 0.158306
v -0.913464 0.000222 0.149403
v -0.625039 -0.004397 0.137987
v -0.644887 -0.004488 0.136541
v -0.645446 -0.003068 0.147763
v -0.447993 -0.004541 0.112726
v -0.463770 -0.004451 0.115330
v -0.429364 -0.004668 0.110349
v -0.341145 -0.009915 -0.083688
v -0.326479 -0.010072 -0.082498
v -0.359368 -0.009724 -0.084392
v -0.308848 -0.010114 -0.082030
v -0.397755 -0.004681 0.106306
v -0.412256 -0.004877 0.108158
v -0.252327 -0.009988 -0.079217
v -0.235994 -0.010127 -0.077860
v -0.216470 -0.009621 -0.077842
v -0.198386 -0.010059 -0.076687
v -0.179172 -0.010299 -0.075905
v -0.084859 -0.007616 0.079797
v -0.101084 -0.007128 0.080994
v -0.064880 -0.008208 0.078221
v 0.690721 -0.002931 -0.016313
v 0.697102 -0.002375 -0.018092
v 0.923523 -0.002142 -0.006588
v 0.940373 -0.001251 -0.005691
v 0.906090 -0.002565 -0.007285
v -0.833759 -0.004799 0.050023
v -0.829641 -0.008081 0.050876
v -0.835138 -0.014248 0.044099
v -0.849607 -0.028362 0.035166
v -0.870620 -0.028671 0.029274
v -0.777883 -0.074081 -0.054501
v -0.790671 -0.072860 -0.056169
v -0.803975 -0.100495 -0.030058
v -0.796110 -0.106354 -0.032959
v -0.781264 -0.093798 -0.031130
v -0.763203 -0.081481 -0.035976
v -0.761795 -0.078571 -0.044358
v -0.808500 -0.078330 -0.041745
v -0.808288 -0.080321 -0.022359
v -0.788862 -0.080409 -0.015439
v -0.772206 -0.079142 -0.008636
v -0.773090 -0.084683 -0.019164
v -0.764941 -0.091839 -0.032422
v -0.785584 -0.108282 -0.034378
v -0.768499 -0.104436 -0.034726
v -0.796152 -0.108456 -0.026667
v -0.755817 -0.082449 -0.015034
v -0.757551 -0.091954 -0.020906
v -0.758236 -0.102391 -0.021613
v -0.776476 -0.105475 -0.023645
v -0.792054 -0.114764 -0.026930
v -0.881398 -0.002761 0.137706
v -0.877498 -0.001945 0.144499
v -0.866115 -0.001694 0.149417
v -0.860357 -0.003970 0.133880
v -0.867416 -0.004421 0.123412
v -0.877345 -0.004187 0.127678
v -0.850921 -0.001983 0.149210
v -0.849131 -0.003122 0.141723
v -0.850969 -0.001500 0.155443
v -0.884353 -0.001556 0.148496
v -0.886334 -0.001947 0.143051
v -0.892868 -0.001780 0.144331
v -0.891569 -0.001164 0.151101
v -0.884971 -0.001133 0.153418
v -0.897338 -0.001298 0.148276
v -0.788794 -0.125174 -0.037058
v -0.794262 -0.150628 -0.038156
v -0.786218 -0.147342 -0.039043
v -0.800817 -0.127785 -0.030602
v -0.792311 -0.150109 -0.032733
v -0.865885 -0.001051 0.161464
v -0.876631 -0.001168 0.156981
v -0.899542 -0.000722 0.152693
v -0.785907 -0.123821 -0.027717
v -0.777572 -0.142102 -0.029009
v -0.785390 -0.146609 -0.030925
v -0.976746 -0.034693 -0.037606
v -0.976866 -0.030232 -0.047541
v -0.974135 -0.029138 -0.046989
v -0.969359 -0.033299 -0.033998
v -0.968524 -0.033284 -0.023075
v -0.973809 -0.033322 -0.020897
v -0.969187 -0.028504 -0.047164
v -0.975338 -0.034704 -0.015369
v -0.981401 -0.035860 -0.026229
v -0.970294 -0.037875 -0.016036
v -0.972138 -0.039479 -0.024945
v -0.971856 -0.039396 -0.036736
v -0.971532 -0.034446 -0.051483
v -0.976040 -0.032543 -0.049183
v -0.787121 -0.169845 -0.034839
v -0.781137 -0.188990 -0.036217
v -0.786458 -0.187695 -0.037733
v -0.765473 -0.188219 -0.042523
v -0.768255 -0.165698 -0.041089
v -0.775976 -0.215425 -0.044205
v -0.768974 -0.215339 -0.044606
v -0.812243 -0.010912 -0.036939
v -0.812303 -0.016353 -0.040046
v -0.812062 -0.011696 -0.046434
v -0.811740 -0.004512 -0.043636
v -0.812235 -0.005112 -0.035307
v -0.811645 -0.005726 -0.049954
v -0.818796 -0.008177 0.001773
v -0.818178 -0.015166 -0.002850
v -0.813542 -0.007719 -0.013152
v -0.816852 -0.024216 -0.008242
v -0.814011 -0.019748 -0.012065
v -0.813185 -0.016448 -0.017552
v -0.812776 -0.021600 -0.026655
v -0.812822 -0.014934 -0.022974
v -0.813436 -0.026596 -0.019860
v -0.813117 -0.027827 -0.028280
v -0.732459 -0.378656 -0.058754
v -0.736237 -0.378728 -0.057494
v -0.735485 -0.388653 -0.058636
v -0.730117 -0.393691 -0.060455
v -0.727175 -0.380099 -0.059462
v -0.737283 -0.371103 -0.057020
v -0.726439 -0.372084 -0.052911
v -0.722125 -0.395738 -0.055573
v -0.729146 -0.401448 -0.057303
v -0.724045 -0.398313 -0.061163
v -0.733172 -0.429001 -0.063653
v -0.720876 -0.431756 -0.063930
v -0.719818 -0.419192 -0.063094
v -0.716404 -0.402201 -0.061996
v -0.717340 -0.424813 -0.059047
v -0.717582 -0.414162 -0.057685
v -0.708689 -0.427073 -0.058332
v -0.708180 -0.439619 -0.060218
v -0.705897 -0.449512 -0.061192
v -0.712175 -0.452549 -0.062565
v -0.711273 -0.444818 -0.065919
v -0.710958 -0.435325 -0.065184
v -0.378362 -0.048185 0.038852
v -0.379165 -0.038822 0.042228
v -0.370842 -0.042855 0.046250
v -0.361187 -0.045615 0.050168
v -0.363306 -0.059589 0.050726
v -0.370523 -0.056668 0.037294
v -0.378837 -0.053995 0.035495
v -0.363603 -0.055562 0.037016
v -0.362976 -0.058471 0.034991
v -0.364673 -0.078789 0.045479
v -0.372561 -0.074329 0.038561
v -0.373425 -0.070849 0.031164
v -0.379531 -0.059083 0.032055
v -0.379521 -0.067409 0.025741
v -0.364516 -0.074533 0.029882
v -0.364526 -0.076875 0.035703
v -0.360375 -0.078888 0.039354
v -0.359478 -0.063339 0.044774
v -0.357712 -0.052888 0.044898
v -0.359964 -0.048196 0.039586
v -0.362259 -0.064225 0.031665
v -0.361114 -0.072978 0.024305
v -0.701141 -0.458557 -0.062132
v -0.697605 -0.447445 -0.060098
v -0.688213 -0.459108 -0.061462
v -0.691381 -0.466610 -0.062433
v -0.686909 -0.450125 -0.060409
v -0.720918 -0.459231 -0.065263
v -0.708597 -0.467994 -0.064693
v -0.715472 -0.459856 -0.065955
v -0.725974 -0.457415 -0.066457
v -0.727081 -0.462230 -0.066648
v -0.706873 -0.467065 -0.067952
v -0.349339 -0.036958 0.041958
v -0.345304 -0.036818 0.042344
v -0.345079 -0.049869 0.036397
v -0.347271 -0.060198 0.031154
v -0.356073 -0.059051 0.032460
v -0.385240 -0.093963 -0.006472
v -0.386470 -0.084612 0.004599
v -0.377362 -0.086092 0.005566
v -0.372755 -0.092616 0.010126
v -0.372745 -0.099560 -0.002712
v -0.382015 -0.102611 -0.010909
v -0.700028 -0.480806 -0.069093
v -0.697715 -0.475612 -0.069079
v -0.697985 -0.476661 -0.064315
v -0.700388 -0.481024 -0.065794
v -0.352294 -0.051820 0.045808
v -0.371360 -0.105728 0.000125
v -0.363547 -0.110312 0.001428
v -0.365235 -0.110572 -0.008606
v -0.379996 -0.111787 -0.012702
v -0.681478 -0.489428 -0.065428
v -0.682740 -0.493202 -0.066522
v -0.682186 -0.490919 -0.069530
v -0.362995 -0.102065 -0.000775
v -0.362699 -0.098107 -0.003472
v -0.357967 -0.100422 -0.008943
v -0.357879 -0.103738 -0.005039
v -0.358485 -0.103794 0.000545
v -0.358776 -0.095937 -0.005981
v -0.616679 -0.483494 -0.063388
v -0.595208 -0.476596 -0.061749
v -0.593034 -0.483071 -0.062384
v -0.603871 -0.492454 -0.064509
v -0.566868 -0.464600 -0.062919
v -0.571927 -0.467052 -0.060719
v -0.543880 -0.453417 -0.061983
v -0.570854 -0.461520 -0.063655
v -0.551627 -0.457177 -0.058416
v -0.510166 -0.445316 -0.056784
v -0.510118 -0.442989 -0.059296
v -0.524546 -0.445464 -0.060158
v -0.532951 -0.445188 -0.056345
v -0.513629 -0.439603 -0.054908
v -0.433664 -0.426071 -0.054237
v -0.410453 -0.415575 -0.051222
v -0.393907 -0.412451 -0.050506
v -0.396430 -0.410530 -0.054700
v -0.429737 -0.411523 -0.055566
v -0.440261 -0.424132 -0.052670
v -0.390516 -0.408806 -0.049962
v -0.373319 -0.407755 -0.051481
v -0.376025 -0.402835 -0.053130
v -0.375311 -0.402687 -0.048918
v -0.366470 -0.400748 -0.051921
v -0.382120 -0.397566 -0.053986
v -0.380557 -0.399416 -0.048310
v -0.363777 -0.389304 -0.053229
v -0.392924 -0.381824 -0.053383
v -0.386187 -0.391192 -0.054055
v -0.332328 -0.404700 -0.050679
v -0.340297 -0.394126 -0.057185
v -0.366890 -0.394757 -0.047055
v -0.354570 -0.396558 -0.044064
v -0.113017 -0.226923 -0.041152
v -0.127614 -0.232558 -0.044281
v -0.126009 -0.237535 -0.040932
v -0.101108 -0.217120 -0.031144
v -0.099601 -0.218761 -0.035092
v -0.117798 -0.231215 -0.033729
v -0.119205 -0.224694 -0.031929
v -0.111215 -0.218703 -0.031140
v -0.122439 -0.237530 -0.038708
v -0.157597 -0.176193 -0.025008
v -0.161278 -0.162124 -0.022585
v -0.140947 -0.158552 -0.019036
v -0.134200 -0.180268 -0.022314
v -0.147793 -0.190959 -0.026955
v -0.125588 -0.167143 -0.019423
v -0.141840 -0.247438 -0.042666
v -0.141127 -0.250097 -0.036974
v -0.127989 -0.240094 -0.035398
v -0.120073 -0.235817 -0.034023
v -0.021380 -0.081654 -0.009010
v -0.017067 -0.079302 -0.009722
v -0.033091 -0.078234 -0.008672
v -0.040355 -0.087178 -0.015489
v -0.039158 -0.085141 -0.010612
v -0.022667 -0.088436 -0.016381
v -0.040303 -0.093691 -0.017176
v -0.007813 -0.083146 -0.014031
v -0.031258 -0.073501 -0.012757
v -0.013323 -0.076037 -0.011138
v -0.007111 -0.078949 -0.001481
v 0.010044 -0.077476 -0.006684
v 0.010025 -0.076872 -0.009715
v 0.010016 -0.076603 -0.011067
v -0.011204 -0.077276 -0.006983
v -0.013841 -0.079030 -0.006662
v -0.014493 -0.073202 -0.012164
v -0.003745 -0.075368 -0.009411
v -0.002870 -0.074750 -0.005292
v -0.013206 -0.075422 -0.002432
v -0.015297 -0.076380 -0.004445
v -0.012745 -0.077762 -0.007765
v 0.103854 -0.060572 -0.002193
v 0.103901 -0.060364 -0.007316
v 0.109400 -0.059750 -0.005689
v 0.108691 -0.059160 0.001832
v 0.103953 -0.059572 0.003277
v 0.103696 -0.056244 -0.000943
v 0.106947 -0.053564 0.005102
v 0.116451 -0.055580 0.007662
v 0.120973 -0.054687 0.005368
v 0.120469 -0.055841 0.000588
v 0.120165 -0.056868 -0.002776
v 0.120748 -0.056601 0.002642
v 0.115458 -0.057105 0.004311
v 0.110159 -0.057138 0.006795
v 0.100787 -0.052908 0.006615
v 0.092235 -0.052968 0.006926
v 0.093560 -0.049486 0.015111
v 0.093847 -0.047867 0.023844
v 0.102155 -0.047817 0.021910
v 0.104140 -0.052075 0.016690
v 0.104688 -0.054709 0.013226
v 0.099793 -0.051674 0.018626
v 0.124644 -0.055813 0.001528
v 0.124671 -0.056265 0.001899
v 0.104586 -0.057574 0.008383
v 0.602940 -0.003211 -0.023759
v 0.602269 -0.004170 -0.017618
v 0.600469 -0.015706 -0.014351
v 0.626766 -0.013128 -0.013006
v 0.643342 -0.010018 -0.012803
v 0.659553 -0.007655 -0.012338
v 0.658891 -0.003187 -0.015852
v 0.658406 -0.002501 -0.021376
v 0.679469 -0.002692 -0.015561
v 0.680133 -0.004602 -0.011984
v 0.682673 -0.009596 -0.010027
v 0.683393 -0.016352 -0.008320
v 0.709722 -0.010328 -0.008333
v 0.735839 -0.006582 -0.008196
v 0.734745 -0.001878 -0.012799
v 0.678395 -0.073323 0.004422
v 0.700272 -0.060895 0.007903
v 0.687809 -0.049617 -0.001702
v 0.660726 -0.054069 -0.002812
v 0.660849 -0.066265 0.000243
v 0.719978 -0.065183 0.006385
v 0.714628 -0.046248 -0.000589
v 0.721296 -0.056426 0.009382
v 0.674085 -0.061282 0.008579
v 0.688751 -0.056549 0.009321
v 0.702447 -0.052961 0.010065
v 1.021321 -0.002529 0.015625
v 1.011049 -0.008607 0.011863
v 1.007707 -0.010910 0.015219
v 1.011341 -0.008821 0.017563
v 0.997794 -0.014747 0.018781
v 0.997667 -0.013789 0.020523
v 1.011810 -0.008329 0.018169
v 1.022330 -0.003211 0.014582
v 0.997599 -0.014577 0.016475
v 0.980734 -0.018703 0.017014
v 0.980770 -0.018620 0.019332
v 0.997151 -0.013778 0.014389
v 0.980375 -0.017477 0.015034
v 0.961967 -0.020538 0.014937
v 0.962382 -0.022097 0.016585
v 0.996732 -0.012994 0.012446
v 0.980020 -0.016210 0.012990
v 0.961521 -0.018681 0.012922
v 0.943477 -0.022706 0.013068
v 0.944037 -0.024484 0.014465
v 0.979684 -0.014475 0.011026
v 0.961062 -0.016785 0.010997
v 0.942778 -0.020624 0.011039
v 0.926082 -0.024371 0.010882
v 0.926567 -0.027415 0.012353
v 0.960579 -0.014823 0.009124
v 0.942070 -0.018072 0.009154
v 0.925544 -0.021355 0.009375
v 0.909583 -0.025390 0.010054
v 0.909945 -0.027747 0.011745
v 0.941426 -0.015528 0.007256
v 0.924868 -0.018287 0.007372
v 0.908860 -0.022704 0.008555
v 0.892045 -0.032374 0.011330
v 0.893014 -0.032688 0.015151
v 0.924270 -0.015265 0.005332
v 0.907616 -0.019138 0.006485
v 0.890553 -0.028793 0.009424
v 0.870859 -0.041394 0.010953
v 0.869896 -0.038771 0.012918
v 0.906629 -0.015502 0.004118
v 0.887985 -0.022123 0.006919
v 0.868317 -0.028847 0.006985
v 0.846306 -0.031052 0.005646
v 0.847840 -0.044585 0.010779
v 0.886299 -0.015954 0.003670
v 0.866351 -0.018905 0.003587
v 0.845120 -0.019382 0.002340
v 0.823804 -0.019868 0.001030
v 0.824404 -0.032451 0.004367
v 0.865473 -0.012287 -0.000735
v 0.844787 -0.012055 -0.002088
v 0.823858 -0.011769 -0.003186
v 0.802757 -0.011053 -0.004320
v 0.802069 -0.020685 -0.000129
v 0.844847 -0.008106 -0.005726
v 0.824102 -0.007873 -0.006656
v 0.803376 -0.007373 -0.007772
v 0.781007 -0.005730 -0.008301
v 0.780756 -0.010576 -0.005012
v 0.824334 -0.003827 -0.009649
v 0.803986 -0.003745 -0.010864
v 0.781641 -0.003662 -0.012819
v 0.758329 -0.003382 -0.013045
v 0.758051 -0.005736 -0.007661
v 0.553827 -0.003157 -0.027359
v 0.577024 -0.003226 -0.025082
v 0.553634 -0.005621 -0.020981
v 0.576630 -0.004692 -0.018781
v 0.553779 -0.019872 -0.017313
v 0.576390 -0.017826 -0.015966
v 0.554465 -0.034664 -0.014487
v 0.576643 -0.030855 -0.013390
v 0.599600 -0.027265 -0.012401
v 0.577161 -0.043067 -0.011380
v 0.599473 -0.038916 -0.010214
v 0.621735 -0.033504 -0.009368
v 0.623507 -0.022776 -0.011470
v 0.641560 -0.027348 -0.009111
v 0.642712 -0.018012 -0.010823
v 0.660866 -0.021938 -0.008719
v 0.660451 -0.014316 -0.010289
v 0.640966 -0.037812 -0.007451
v 0.660873 -0.030705 -0.006788
v 0.685521 -0.024211 -0.006519
v 0.660964 -0.042054 -0.005152
v 0.686540 -0.035368 -0.004530
v 0.711962 -0.029963 -0.003959
v 0.710798 -0.018575 -0.006137
v 0.735852 -0.025718 -0.003313
v 0.735084 -0.014247 -0.005663
v 0.758130 -0.022495 -0.002366
v 0.757875 -0.011807 -0.005052
v 0.780316 -0.021083 -0.001119
v 0.759578 -0.039495 0.001062
v 0.780711 -0.036844 0.002116
v 0.802545 -0.034594 0.003243
v 0.782529 -0.056334 0.007369
v 0.804189 -0.050924 0.008377
v 0.826134 -0.047673 0.010347
v 0.803811 -0.046445 0.011271
v 0.825714 -0.044142 0.012016
v 0.847312 -0.041416 0.012588
v 0.825076 -0.040160 0.013608
v 0.846877 -0.038309 0.014050
v 0.869489 -0.036705 0.014556
v 0.846505 -0.035154 0.015152
v 0.868941 -0.034220 0.015416
v 0.891690 -0.030994 0.016430
v 0.868164 -0.031111 0.016482
v 0.890512 -0.029306 0.016881
v 0.910185 -0.029190 0.013443
v 0.889431 -0.027168 0.017402
v 0.909535 -0.027354 0.016413
v 0.926963 -0.028243 0.015045
v 0.908851 -0.025113 0.017999
v 0.926511 -0.026539 0.016900
v 0.944268 -0.025475 0.017084
v 0.925953 -0.024007 0.018772
v 0.943572 -0.023386 0.018697
v 0.962165 -0.020720 0.018885
v 0.942916 -0.021152 0.020505
v 0.961818 -0.019152 0.020857
v 0.980542 -0.017355 0.021353
v 0.961495 -0.017577 0.022837
v 0.980331 -0.016102 0.023350
v 0.997527 -0.012861 0.022199
v 0.980154 -0.014589 0.025203
v 0.997449 -0.011799 0.023856
v 1.011978 -0.007061 0.020028
v 1.011888 -0.007775 0.019111
v 1.021779 -0.002549 0.014400
v 1.022111 -0.002929 0.014457
v 1.011070 -0.006506 0.009427
v 1.011242 -0.007239 0.010345
v 1.011349 -0.007883 0.011136
v 0.996472 -0.011784 0.011092
v 0.996293 -0.010555 0.009644
v 0.979439 -0.012752 0.009355
v 0.996095 -0.009367 0.008214
v 0.979210 -0.011126 0.007779
v 0.960212 -0.012927 0.007320
v 0.979069 -0.009366 0.006039
v 0.959949 -0.010952 0.005436
v 0.941005 -0.013261 0.005272
v 0.959698 -0.008966 0.003544
v 0.940663 -0.010977 0.003191
v 0.923919 -0.012736 0.003154
v 0.940429 -0.008551 0.000940
v 0.923695 -0.009969 0.000682
v 0.906068 -0.012119 0.001281
v 0.923641 -0.007464 -0.001721
v 0.905846 -0.008828 -0.001749
v 0.885576 -0.011180 -0.000480
v 0.905960 -0.005862 -0.004592
v 0.885244 -0.007397 -0.003913
v 0.865205 -0.008248 -0.004282
v 0.885039 -0.003309 -0.006960
v 0.865200 -0.003872 -0.007259
v 0.844989 -0.003895 -0.008785
v 0.508652 -0.003353 -0.028721
v 0.531238 -0.003154 -0.028330
v 0.508377 -0.007523 -0.023182
v 0.530812 -0.005599 -0.022256
v 0.509113 -0.023818 -0.019818
v 0.531210 -0.022001 -0.018524
v 0.510477 -0.041303 -0.016488
v 0.532342 -0.038396 -0.015400
v 0.512093 -0.056361 -0.013107
v 0.533611 -0.051900 -0.012748
v 0.555296 -0.047457 -0.012243
v 0.534807 -0.062057 -0.010698
v 0.556062 -0.057789 -0.009895
v 0.577708 -0.053636 -0.009039
v 0.556768 -0.066679 -0.008046
v 0.578312 -0.062940 -0.007483
v 0.600255 -0.059159 -0.006499
v 0.599728 -0.049747 -0.008397
v 0.621346 -0.054851 -0.005498
v 0.621156 -0.044656 -0.007902
v 0.640790 -0.049015 -0.005239
v 0.621895 -0.063081 -0.003889
v 0.641131 -0.058883 -0.003296
v 0.622556 -0.070101 -0.001999
v 0.641631 -0.067495 -0.001099
v 0.623224 -0.075801 0.000033
v 0.641464 -0.074587 0.000986
v 0.659228 -0.074852 0.004355
v 0.640182 -0.072140 0.004777
v 0.657140 -0.066131 0.006926
v 0.638338 -0.064543 0.007020
v 0.655698 -0.058855 0.008497
v 0.672591 -0.054117 0.009561
v 0.654769 -0.052492 0.009573
v 0.671714 -0.048500 0.010410
v 0.687513 -0.045280 0.011496
v 0.687936 -0.050269 0.010678
v 0.703371 -0.042034 0.012220
v 0.703081 -0.047006 0.011306
v 0.721697 -0.038513 0.013253
v 0.721562 -0.043352 0.012301
v 0.721493 -0.049097 0.011117
v 0.740958 -0.040785 0.013057
v 0.740929 -0.046351 0.011913
v 0.741132 -0.053334 0.010161
v 0.761131 -0.044547 0.012392
v 0.761097 -0.052224 0.010239
v 0.761847 -0.060121 0.007271
v 0.741710 -0.062404 0.007683
v 0.738639 -0.045211 0.000831
v 0.782396 -0.049076 0.011185
v 0.782032 -0.043303 0.012831
v 0.803394 -0.041908 0.013036
v 0.781916 -0.038558 0.013965
v 0.803154 -0.037768 0.014352
v 0.824673 -0.036579 0.014787
v 0.803081 -0.033836 0.015339
v 0.824411 -0.032920 0.015725
v 0.846199 -0.031920 0.016078
v 0.824261 -0.029352 0.016590
v 0.845908 -0.028492 0.016942
v 0.867630 -0.028280 0.017088
v 0.845677 -0.025052 0.017771
v 0.867173 -0.025224 0.017751
v 0.888293 -0.024845 0.017967
v 0.866778 -0.021560 0.018745
v 0.887438 -0.022075 0.018965
v 0.907932 -0.022603 0.019089
v 0.887034 -0.019047 0.020143
v 0.907213 -0.019914 0.020434
v 0.925426 -0.021490 0.020530
v 0.906721 -0.017433 0.021931
v 0.924902 -0.018986 0.022240
v 0.942512 -0.019089 0.022492
v 0.924532 -0.017040 0.024075
v 0.942181 -0.017210 0.024478
v 0.961242 -0.015911 0.024777
v 0.941938 -0.015534 0.026648
v 0.961026 -0.014296 0.026716
v 0.979984 -0.013046 0.026997
v 0.960845 -0.012479 0.028618
v 0.979835 -0.011495 0.028819
v 0.997350 -0.009518 0.027026
v 0.997413 -0.010669 0.025468
v 1.012116 -0.005512 0.022076
v 1.012077 -0.006261 0.021058
v 1.021015 -0.001727 0.014396
v 1.021384 -0.002119 0.014382
v 1.010865 -0.004891 0.007966
v 1.010869 -0.005673 0.008631
v 0.996072 -0.008074 0.006801
v 1.010867 -0.003998 0.007209
v 0.996197 -0.006775 0.005462
v 0.978990 -0.007720 0.004407
v 0.996299 -0.005488 0.004129
v 0.978911 -0.006182 0.002881
v 0.959671 -0.007133 0.001744
v 0.978973 -0.004384 0.001149
v 0.959770 -0.005041 -0.000325
v 0.940313 -0.006263 -0.001257
v 0.959866 -0.003156 -0.002074
v 0.940161 -0.003759 -0.003588
v 0.923463 -0.004650 -0.004465
v 0.960015 -0.000927 -0.003961
v 0.979190 -0.002616 -0.000473
v 0.979424 -0.000858 -0.002076
v 0.466196 -0.005218 -0.030107
v 0.486898 -0.004279 -0.029018
v 0.465741 -0.011765 -0.026327
v 0.486800 -0.010783 -0.024972
v 0.465798 -0.024758 -0.022902
v 0.487339 -0.024824 -0.021265
v 0.467215 -0.043972 -0.018716
v 0.488690 -0.042964 -0.017185
v 0.469730 -0.062243 -0.015185
v 0.490998 -0.059868 -0.013976
v 0.471933 -0.074077 -0.013020
v 0.493156 -0.071102 -0.012003
v 0.513688 -0.066889 -0.011179
v 0.494988 -0.079458 -0.010887
v 0.515273 -0.074818 -0.009691
v 0.535866 -0.070314 -0.008851
v 0.516795 -0.081099 -0.008498
v 0.536788 -0.076549 -0.007660
v 0.557277 -0.074168 -0.006363
v 0.537675 -0.082470 -0.006180
v 0.557623 -0.080164 -0.004852
v 0.579302 -0.076896 -0.003977
v 0.578820 -0.070638 -0.005471
v 0.601332 -0.073261 -0.002906
v 0.600804 -0.066718 -0.004615
v 0.579845 -0.082377 -0.002185
v 0.601783 -0.079057 -0.001038
v 0.580218 -0.086725 0.000100
v 0.602721 -0.084157 0.001945
v 0.623873 -0.081705 0.002387
v 0.599975 -0.075454 0.004288
v 0.620514 -0.071388 0.005547
v 0.598033 -0.066626 0.006135
v 0.618313 -0.062916 0.007119
v 0.636757 -0.057636 0.008321
v 0.616847 -0.055582 0.008035
v 0.635682 -0.051550 0.009356
v 0.653978 -0.046955 0.010317
v 0.634923 -0.045975 0.010167
v 0.653265 -0.042027 0.010993
v 0.670566 -0.038560 0.012144
v 0.671081 -0.043341 0.011362
v 0.687027 -0.035933 0.012785
v 0.687221 -0.040525 0.012167
v 0.703608 -0.033222 0.013824
v 0.703524 -0.037512 0.013055
v 0.721884 -0.030083 0.014725
v 0.721824 -0.034202 0.013988
v 0.741190 -0.027674 0.015280
v 0.741180 -0.031761 0.014484
v 0.741081 -0.035983 0.013884
v 0.761164 -0.030707 0.015183
v 0.761143 -0.034721 0.014442
v 0.761079 -0.039269 0.013576
v 0.781994 -0.034256 0.014910
v 0.782064 -0.030231 0.015713
v 0.803115 -0.029904 0.016230
v 0.782004 -0.026612 0.016425
v 0.803127 -0.026198 0.017025
v 0.824165 -0.025615 0.017283
v 0.802947 -0.022675 0.017886
v 0.824097 -0.022023 0.018197
v 0.845505 -0.021724 0.018521
v 0.824036 -0.019231 0.020097
v 0.845365 -0.018987 0.020359
v 0.866522 -0.018698 0.020102
v 0.845265 -0.016947 0.023103
v 0.866359 -0.016753 0.022724
v 0.886689 -0.016623 0.021879
v 0.866265 -0.014942 0.025399
v 0.886499 -0.015288 0.024563
v 0.906358 -0.015217 0.023595
v 0.886405 -0.013840 0.027086
v 0.906123 -0.014053 0.026071
v 0.924305 -0.015040 0.026069
v 0.905899 -0.012902 0.028519
v 0.924148 -0.013166 0.028234
v 0.941770 -0.013865 0.028812
v 0.924040 -0.011422 0.030322
v 0.941688 -0.011945 0.030828
v 0.960721 -0.010498 0.030307
v 0.941707 -0.010043 0.032812
v 0.960655 -0.008700 0.031821
v 0.979722 -0.007849 0.031771
v 0.979786 -0.009539 0.030406
v 0.997410 -0.006326 0.029735
v 0.997440 -0.007666 0.028780
v 1.012740 -0.003829 0.023582
v 1.012476 -0.004733 0.022749
v 1.020871 -0.001585 0.014618
v 1.020879 -0.001520 0.014280
v 1.010834 -0.003139 0.006469
v 1.020931 -0.001438 0.014147
v 1.010714 -0.002377 0.005782
v 0.996388 -0.004227 0.002856
v 1.010952 -0.001173 0.005346
v 0.996647 -0.002250 0.001624
v 1.011120 0.000061 0.004907
v 0.996775 -0.000649 0.000744
v 0.423359 -0.005858 -0.033458
v 0.444906 -0.005405 -0.031711
v 0.423157 -0.012958 -0.029974
v 0.444695 -0.012300 -0.028080
v 0.423291 -0.025989 -0.026143
v 0.444768 -0.025073 -0.024749
v 0.424562 -0.046230 -0.021103
v 0.445952 -0.044822 -0.020276
v 0.427081 -0.066262 -0.017447
v 0.448345 -0.064142 -0.016350
v 0.429404 -0.080019 -0.015406
v 0.450589 -0.076927 -0.014230
v 0.431277 -0.089787 -0.014101
v 0.452487 -0.086259 -0.012956
v 0.473862 -0.083020 -0.011976
v 0.454136 -0.093951 -0.011632
v 0.475507 -0.090454 -0.010987
v 0.496691 -0.086453 -0.009523
v 0.476810 -0.096779 -0.009585
v 0.498088 -0.092678 -0.007873
v 0.518376 -0.087208 -0.007202
v 0.499327 -0.099352 -0.005614
v 0.520306 -0.093242 -0.004994
v 0.538143 -0.088394 -0.003970
v 0.520944 -0.095835 -0.000696
v 0.538343 -0.091022 -0.000284
v 0.558177 -0.091599 -0.001586
v 0.558039 -0.085955 -0.003295
v 0.537590 -0.085576 0.001605
v 0.557098 -0.083480 0.002093
v 0.578511 -0.079443 0.003324
v 0.556059 -0.076233 0.003587
v 0.577127 -0.071118 0.004727
v 0.555149 -0.068525 0.004636
v 0.575987 -0.063257 0.005991
v 0.596761 -0.058899 0.007250
v 0.575200 -0.056501 0.007092
v 0.595861 -0.052355 0.008055
v 0.615871 -0.049205 0.009094
v 0.595187 -0.046576 0.008755
v 0.615174 -0.043665 0.010018
v 0.634369 -0.040846 0.010817
v 0.614594 -0.038647 0.010603
v 0.633823 -0.035994 0.011510
v 0.652067 -0.032939 0.012651
v 0.652640 -0.037357 0.011690
v 0.669776 -0.029928 0.013736
v 0.670151 -0.034107 0.012825
v 0.686707 -0.027751 0.014957
v 0.686892 -0.031562 0.013392
v 0.703580 -0.026092 0.016831
v 0.703639 -0.029096 0.014517
v 0.721880 -0.023678 0.018399
v 0.721857 -0.026205 0.015501
v 0.741083 -0.022005 0.019551
v 0.741148 -0.024137 0.016353
v 0.760993 -0.021253 0.020164
v 0.761124 -0.023618 0.017290
v 0.761164 -0.026802 0.015887
v 0.781912 -0.023060 0.017344
v 0.781764 -0.020929 0.019999
v 0.802702 -0.020114 0.020020
v 0.781634 -0.018988 0.023028
v 0.802531 -0.018388 0.022762
v 0.823902 -0.017556 0.022963
v 0.802495 -0.016972 0.025928
v 0.823800 -0.016079 0.025810
v 0.845249 -0.015370 0.025851
v 0.823794 -0.014708 0.028525
v 0.845294 -0.014147 0.028652
v 0.866293 -0.013759 0.028114
v 0.845344 -0.012679 0.031036
v 0.866376 -0.012352 0.030680
v 0.886436 -0.012384 0.029374
v 0.866506 -0.010713 0.032844
v 0.886592 -0.010598 0.031524
v 0.905782 -0.011146 0.030768
v 0.886742 -0.008842 0.033603
v 0.905743 -0.009104 0.033052
v 0.923904 -0.009589 0.032622
v 0.905745 -0.006855 0.034699
v 0.923989 -0.007087 0.034085
v 0.941800 -0.007447 0.034396
v 0.924099 -0.004553 0.035598
v 0.941920 -0.004784 0.035670
v 0.960761 -0.004135 0.034218
v 0.960678 -0.006564 0.033090
v 0.979598 -0.003759 0.034171
v 0.979641 -0.006025 0.033244
v 0.997521 -0.002855 0.031983
v 0.997446 -0.004537 0.030988
v 1.013534 -0.001654 0.025187
v 1.013095 -0.002745 0.024432
v 1.020962 -0.001290 0.013466
v 1.013946 -0.000551 0.025910
v 1.021693 -0.000411 0.013147
v 0.380114 -0.006590 -0.037120
v 0.401716 -0.006155 -0.035306
v 0.380120 -0.014648 -0.033693
v 0.401594 -0.013668 -0.031932
v 0.380510 -0.029381 -0.029396
v 0.401878 -0.027508 -0.028147
v 0.382016 -0.050793 -0.023648
v 0.403238 -0.048347 -0.022518
v 0.384603 -0.072242 -0.019798
v 0.405834 -0.068951 -0.018838
v 0.387251 -0.087593 -0.017681
v 0.408294 -0.083395 -0.016281
v 0.389278 -0.097528 -0.015673
v 0.410298 -0.093506 -0.014908
v 0.391191 -0.105912 -0.014407
v 0.412089 -0.101709 -0.013616
v 0.432975 -0.097766 -0.012672
v 0.413650 -0.108788 -0.012186
v 0.434505 -0.104564 -0.011158
v 0.455540 -0.100447 -0.010227
v 0.436019 -0.111677 -0.008824
v 0.456839 -0.106931 -0.008220
v 0.478118 -0.103323 -0.006768
v 0.457635 -0.110983 -0.005826
v 0.478645 -0.107007 -0.003365
v 0.499933 -0.102222 -0.003065
v 0.477457 -0.101556 -0.001671
v 0.498624 -0.097082 -0.000971
v 0.518858 -0.091072 0.000896
v 0.496996 -0.090764 0.000456
v 0.516789 -0.084843 0.001699
v 0.536380 -0.079363 0.002786
v 0.514998 -0.078643 0.002369
v 0.535105 -0.073099 0.003614
v 0.513397 -0.072066 0.003319
v 0.533844 -0.066641 0.004313
v 0.554398 -0.061630 0.005451
v 0.532830 -0.059765 0.004968
v 0.553756 -0.055053 0.006421
v 0.574629 -0.050522 0.007797
v 0.553343 -0.048938 0.007279
v 0.574171 -0.045020 0.008312
v 0.594631 -0.041503 0.009525
v 0.573755 -0.039519 0.008886
v 0.594103 -0.036595 0.010328
v 0.614060 -0.033966 0.011285
v 0.593633 -0.033026 0.012751
v 0.613504 -0.030563 0.014021
v 0.632766 -0.029030 0.015981
v 0.633251 -0.031686 0.012889
v 0.651159 -0.026980 0.017628
v 0.651548 -0.029051 0.013925
v 0.668926 -0.025519 0.019813
v 0.669348 -0.026777 0.015929
v 0.686142 -0.023928 0.022206
v 0.686476 -0.025354 0.018213
v 0.703395 -0.022273 0.024115
v 0.703480 -0.023727 0.020206
v 0.721773 -0.020742 0.025839
v 0.721847 -0.021779 0.022060
v 0.741055 -0.019171 0.026891
v 0.741002 -0.020367 0.023148
v 0.760599 -0.018208 0.026725
v 0.760759 -0.019542 0.023330
v 0.781623 -0.017713 0.026122
v 0.760802 -0.016734 0.029919
v 0.781613 -0.016518 0.028903
v 0.802561 -0.015973 0.029007
v 0.781696 -0.014999 0.032009
v 0.802710 -0.014351 0.032044
v 0.823859 -0.013190 0.031012
v 0.802798 -0.012743 0.034930
v 0.824038 -0.011223 0.033221
v 0.845415 -0.010873 0.033062
v 0.824210 -0.009283 0.035409
v 0.845459 -0.009038 0.035118
v 0.866604 -0.008960 0.034862
v 0.845476 -0.006710 0.036556
v 0.866656 -0.006634 0.036195
v 0.886807 -0.006521 0.035054
v 0.866703 -0.004284 0.037509
v 0.886854 -0.004183 0.036458
v 0.905798 -0.004371 0.036101
v 0.886873 -0.001686 0.037264
v 0.905840 -0.001799 0.037141
v 0.924184 -0.001924 0.036820
v 0.942008 -0.001942 0.036555
v 0.960883 -0.001672 0.035376
v 0.979538 -0.001383 0.035107
v 0.997627 -0.000882 0.032521
v 0.337359 -0.007098 -0.040178
v 0.358401 -0.006895 -0.039112
v 0.337472 -0.017553 -0.036858
v 0.358574 -0.015792 -0.035548
v 0.338112 -0.035226 -0.031663
v 0.359235 -0.032401 -0.030702
v 0.339730 -0.056666 -0.025581
v 0.360781 -0.053674 -0.024400
v 0.342658 -0.078929 -0.022504
v 0.363557 -0.075634 -0.020988
v 0.345274 -0.095354 -0.019074
v 0.366219 -0.091551 -0.018502
v 0.347436 -0.106448 -0.017816
v 0.368351 -0.102312 -0.017034
v 0.349433 -0.115647 -0.016739
v 0.370298 -0.110715 -0.015275
v 0.351204 -0.123504 -0.015227
v 0.372130 -0.118079 -0.013986
v 0.392920 -0.113055 -0.013134
v 0.373878 -0.125095 -0.012276
v 0.394456 -0.119872 -0.010953
v 0.415244 -0.116231 -0.009943
v 0.395617 -0.125137 -0.008634
v 0.416250 -0.120483 -0.006329
v 0.436666 -0.115218 -0.005732
v 0.414885 -0.115556 -0.004005
v 0.435516 -0.110654 -0.003501
v 0.456537 -0.106497 -0.002767
v 0.433835 -0.103934 -0.002097
v 0.454858 -0.099582 -0.001394
v 0.476029 -0.095195 -0.000398
v 0.453327 -0.093007 -0.000662
v 0.474515 -0.088834 0.000507
v 0.495262 -0.084254 0.001251
v 0.472948 -0.081771 0.001070
v 0.493509 -0.077309 0.001924
v 0.471454 -0.073901 0.001481
v 0.491949 -0.069614 0.002909
v 0.512073 -0.064765 0.004092
v 0.490797 -0.061612 0.004061
v 0.511209 -0.057221 0.004844
v 0.532148 -0.052943 0.006188
v 0.510687 -0.049789 0.005668
v 0.531809 -0.046218 0.007020
v 0.552991 -0.042929 0.008088
v 0.531522 -0.039532 0.007892
v 0.552593 -0.037193 0.009066
v 0.573288 -0.034742 0.010656
v 0.552177 -0.033711 0.013058
v 0.572816 -0.032094 0.015039
v 0.593163 -0.030683 0.016963
v 0.572327 -0.030614 0.020319
v 0.592689 -0.029630 0.021788
v 0.612574 -0.028347 0.023058
v 0.613025 -0.029316 0.018500
v 0.631747 -0.026566 0.024504
v 0.632303 -0.027470 0.020107
v 0.650197 -0.025508 0.026518
v 0.650731 -0.025887 0.022017
v 0.668159 -0.023754 0.028562
v 0.668519 -0.024878 0.024304
v 0.685721 -0.021340 0.030358
v 0.685876 -0.022707 0.026268
v 0.703448 -0.019634 0.031954
v 0.703384 -0.020944 0.027963
v 0.721897 -0.017892 0.033154
v 0.721810 -0.019389 0.029475
v 0.741435 -0.016024 0.033986
v 0.741201 -0.017645 0.030572
v 0.761288 -0.015307 0.033065
v 0.741537 -0.013857 0.036416
v 0.761539 -0.013154 0.035741
v 0.781814 -0.013065 0.034890
v 0.761652 -0.010816 0.038140
v 0.781871 -0.010721 0.037134
v 0.802874 -0.010449 0.037013
v 0.781914 -0.008015 0.038912
v 0.802952 -0.007830 0.038715
v 0.824270 -0.006928 0.036906
v 0.803010 -0.005041 0.040020
v 0.824342 -0.004434 0.038325
v 0.845484 -0.004281 0.037860
v 0.824416 -0.001803 0.039355
v 0.845492 -0.001727 0.039001
v 0.866727 -0.001690 0.038174
v 0.294923 -0.009107 -0.042742
v 0.316345 -0.007804 -0.041646
v 0.295081 -0.022505 -0.039534
v 0.316416 -0.020165 -0.038081
v 0.295766 -0.040877 -0.033472
v 0.317065 -0.038180 -0.032567
v 0.297405 -0.062046 -0.027538
v 0.318653 -0.059532 -0.026737
v 0.300244 -0.084073 -0.024254
v 0.321463 -0.081617 -0.023082
v 0.303109 -0.102393 -0.021707
v 0.324237 -0.098997 -0.020537
v 0.305457 -0.115206 -0.020242
v 0.326476 -0.110936 -0.018672
v 0.307246 -0.124148 -0.018986
v 0.328328 -0.120048 -0.017584
v 0.308797 -0.131885 -0.017834
v 0.329975 -0.127947 -0.016494
v 0.310196 -0.139305 -0.016120
v 0.331413 -0.135237 -0.014756
v 0.352828 -0.130616 -0.013405
v 0.332366 -0.140809 -0.011887
v 0.354111 -0.136270 -0.011550
v 0.375169 -0.130696 -0.010118
v 0.352895 -0.132208 -0.008008
v 0.373823 -0.126669 -0.006394
v 0.394436 -0.121038 -0.005395
v 0.371695 -0.118998 -0.004785
v 0.392393 -0.113604 -0.003921
v 0.413060 -0.108688 -0.002467
v 0.390502 -0.106350 -0.003283
v 0.411301 -0.101582 -0.002260
v 0.432176 -0.097113 -0.001663
v 0.409525 -0.093640 -0.002193
v 0.430510 -0.089551 -0.001404
v 0.451751 -0.085685 0.000086
v 0.429017 -0.081206 -0.000346
v 0.450287 -0.077700 0.000881
v 0.427509 -0.071562 0.000766
v 0.448901 -0.068753 0.001430
v 0.470113 -0.065401 0.002579
v 0.447880 -0.059500 0.002630
v 0.469248 -0.056879 0.004025
v 0.490095 -0.053567 0.004806
v 0.468711 -0.048840 0.004676
v 0.489609 -0.046059 0.005821
v 0.510287 -0.042698 0.006517
v 0.489149 -0.039155 0.008030
v 0.509984 -0.036578 0.008732
v 0.531173 -0.034682 0.011111
v 0.509727 -0.034230 0.014984
v 0.530715 -0.033361 0.017236
v 0.551666 -0.032099 0.018973
v 0.530255 -0.031831 0.024094
v 0.551183 -0.030390 0.025267
v 0.571904 -0.029646 0.026019
v 0.550981 -0.027836 0.032276
v 0.571636 -0.027243 0.032512
v 0.591969 -0.026220 0.032635
v 0.592292 -0.028541 0.026666
v 0.611723 -0.024923 0.033465
v 0.612114 -0.026910 0.027651
v 0.630902 -0.023226 0.034728
v 0.631238 -0.025264 0.029355
v 0.649641 -0.021290 0.035737
v 0.649809 -0.023835 0.031065
v 0.667746 -0.019186 0.036978
v 0.667867 -0.021793 0.032700
v 0.685651 -0.016780 0.038306
v 0.685640 -0.019380 0.034449
v 0.703728 -0.014644 0.038828
v 0.703610 -0.017556 0.035558
v 0.722084 -0.012961 0.039014
v 0.721980 -0.015546 0.036001
v 0.741615 -0.011533 0.039062
v 0.722161 -0.009743 0.041218
v 0.741671 -0.008686 0.041049
v 0.761724 -0.007998 0.039891
v 0.741716 -0.005721 0.042797
v 0.761816 -0.005209 0.041650
v 0.781975 -0.005110 0.040263
v 0.761866 -0.002205 0.042657
v 0.782016 -0.002104 0.041160
v 0.803068 -0.002074 0.041030
v 0.252046 -0.008531 -0.046413
v 0.273521 -0.009338 -0.044422
v 0.252184 -0.023864 -0.042669
v 0.273631 -0.023641 -0.040776
v 0.252980 -0.044235 -0.035938
v 0.274380 -0.042868 -0.034650
v 0.254687 -0.066026 -0.029948
v 0.276084 -0.064136 -0.028622
v 0.257463 -0.088507 -0.026572
v 0.278853 -0.086396 -0.025715
v 0.260622 -0.108308 -0.024054
v 0.281863 -0.105449 -0.022433
v 0.263031 -0.121452 -0.022353
v 0.284254 -0.118490 -0.021328
v 0.264973 -0.131345 -0.021452
v 0.286145 -0.128126 -0.020564
v 0.266683 -0.139787 -0.020386
v 0.287726 -0.136106 -0.019320
v 0.268171 -0.147298 -0.018373
v 0.289220 -0.143470 -0.017270
v 0.269317 -0.153433 -0.015198
v 0.290412 -0.149613 -0.014759
v 0.311273 -0.145185 -0.013232
v 0.289373 -0.146117 -0.009750
v 0.310290 -0.141278 -0.008980
v 0.331440 -0.137052 -0.008195
v 0.308565 -0.133431 -0.007327
v 0.329650 -0.129151 -0.006278
v 0.350840 -0.124433 -0.005779
v 0.327871 -0.121291 -0.005662
v 0.348860 -0.116768 -0.005147
v 0.369653 -0.111531 -0.004399
v 0.346893 -0.108271 -0.005450
v 0.367646 -0.103228 -0.004394
v 0.388618 -0.098143 -0.002869
v 0.365622 -0.092907 -0.003648
v 0.386663 -0.088377 -0.002518
v 0.407800 -0.084435 -0.001682
v 0.384852 -0.077009 -0.001477
v 0.406179 -0.074076 -0.000229
v 0.383625 -0.065892 0.000159
v 0.405034 -0.063651 0.000952
v 0.426448 -0.061592 0.001711
v 0.404315 -0.054328 0.001934
v 0.425815 -0.052559 0.002830
v 0.447344 -0.051007 0.003917
v 0.425373 -0.044215 0.004049
v 0.446884 -0.043032 0.004972
v 0.468282 -0.041307 0.005690
v 0.446397 -0.038509 0.009979
v 0.467736 -0.037045 0.011270
v 0.488774 -0.035469 0.013150
v 0.467223 -0.035078 0.018789
v 0.488372 -0.033903 0.020436
v 0.509366 -0.033143 0.022301
v 0.487997 -0.031918 0.028176
v 0.509093 -0.030518 0.029699
v 0.530065 -0.029091 0.031300
v 0.509034 -0.026616 0.038250
v 0.530056 -0.025036 0.039338
v 0.550958 -0.023733 0.040036
v 0.529987 -0.018209 0.046606
v 0.550887 -0.017069 0.046619
v 0.571533 -0.016237 0.046302
v 0.571583 -0.022771 0.040010
v 0.591735 -0.015454 0.045773
v 0.591799 -0.021836 0.039722
v 0.611389 -0.014469 0.045239
v 0.611446 -0.020633 0.039939
v 0.630651 -0.013385 0.044811
v 0.630719 -0.019087 0.040165
v 0.649435 -0.012150 0.044450
v 0.649538 -0.017340 0.040470
v 0.667591 -0.010614 0.044266
v 0.667641 -0.015382 0.041001
v 0.685569 -0.008955 0.044146
v 0.685597 -0.013233 0.041613
v 0.703778 -0.007547 0.043866
v 0.703761 -0.011234 0.041614
v 0.722242 -0.006430 0.043261
v 0.703795 -0.003380 0.045163
v 0.722279 -0.002774 0.044381
v 0.741756 -0.002373 0.043840
v 0.209747 -0.010356 -0.048784
v 0.230969 -0.008845 -0.047962
v 0.209872 -0.026316 -0.045197
v 0.230976 -0.024217 -0.044013
v 0.210572 -0.047385 -0.038436
v 0.231751 -0.045638 -0.037388
v 0.212158 -0.069471 -0.031796
v 0.233392 -0.067719 -0.030898
v 0.214927 -0.092375 -0.029310
v 0.236228 -0.090446 -0.027475
v 0.218153 -0.113364 -0.026361
v 0.239350 -0.110919 -0.025345
v 0.220721 -0.127782 -0.025152
v 0.241870 -0.124632 -0.024045
v 0.222815 -0.138162 -0.024506
v 0.243891 -0.134673 -0.023218
v 0.224755 -0.147221 -0.023306
v 0.245712 -0.143381 -0.021931
v 0.226434 -0.155154 -0.020953
v 0.247298 -0.151106 -0.019608
v 0.227763 -0.161909 -0.017707
v 0.248571 -0.157579 -0.016096
v 0.227113 -0.160260 -0.013128
v 0.247721 -0.154999 -0.012073
v 0.268468 -0.150401 -0.010950
v 0.245964 -0.147254 -0.010434
v 0.266725 -0.142513 -0.008908
v 0.287650 -0.138051 -0.008215
v 0.265007 -0.134430 -0.008605
v 0.285971 -0.130178 -0.007958
v 0.306893 -0.125590 -0.006619
v 0.284168 -0.121317 -0.008318
v 0.305100 -0.117016 -0.006757
v 0.326064 -0.112838 -0.005872
v 0.303062 -0.106234 -0.007214
v 0.323921 -0.101778 -0.006054
v 0.344761 -0.097367 -0.005486
v 0.321528 -0.086628 -0.005426
v 0.342494 -0.083313 -0.003450
v 0.363568 -0.079973 -0.002447
v 0.341003 -0.070022 -0.002264
v 0.362212 -0.067813 -0.001181
v 0.340082 -0.059275 -0.001067
v 0.361593 -0.057883 0.000460
v 0.382935 -0.056254 0.001169
v 0.361113 -0.048655 0.001395
v 0.382431 -0.047471 0.002740
v 0.403723 -0.045758 0.003210
v 0.381897 -0.040878 0.007680
v 0.403264 -0.039300 0.008159
v 0.424904 -0.038491 0.008787
v 0.402951 -0.038060 0.016204
v 0.424441 -0.037412 0.016756
v 0.445884 -0.036532 0.017590
v 0.424114 -0.035412 0.024789
v 0.445524 -0.034346 0.025517
v 0.466809 -0.033260 0.026764
v 0.445516 -0.030129 0.036254
v 0.466630 -0.029063 0.036694
v 0.487833 -0.028094 0.037393
v 0.466673 -0.021385 0.046309
v 0.487828 -0.020656 0.046149
v 0.508960 -0.019655 0.046335
v 0.487885 -0.010601 0.052302
v 0.508901 -0.010021 0.051879
v 0.529923 -0.009251 0.051627
v 0.550823 -0.008589 0.051170
v 0.571475 -0.008096 0.050581
v 0.591687 -0.007634 0.049761
v 0.611355 -0.007139 0.048900
v 0.630616 -0.006535 0.048078
v 0.649379 -0.005840 0.047372
v 0.667574 -0.005003 0.046614
v 0.685570 -0.004129 0.045905
v 0.466822 -0.011119 0.053213
v 0.445661 -0.011516 0.053990
v 0.445606 -0.022191 0.046711
v 0.424425 -0.023085 0.047058
v 0.424473 -0.011993 0.054536
v 0.424226 -0.031112 0.035951
v 0.402688 -0.032146 0.035799
v 0.402982 -0.023931 0.047638
v 0.402665 -0.036780 0.024448
v 0.381111 -0.037356 0.024287
v 0.381080 -0.032936 0.035913
v 0.381459 -0.038787 0.015747
v 0.360033 -0.039829 0.015207
v 0.359585 -0.037869 0.024084
v 0.360573 -0.042071 0.006704
v 0.338934 -0.042872 0.006025
v 0.338543 -0.041343 0.014974
v 0.339393 -0.049696 0.000660
v 0.317844 -0.051271 -0.000217
v 0.317242 -0.043884 0.005272
v 0.318683 -0.061286 -0.002136
v 0.297140 -0.063475 -0.002829
v 0.296220 -0.053198 -0.001952
v 0.319749 -0.072564 -0.003021
v 0.298427 -0.075235 -0.004812
v 0.277205 -0.078983 -0.006003
v 0.275541 -0.066280 -0.004367
v 0.300492 -0.090798 -0.006212
v 0.279597 -0.095326 -0.008127
v 0.258559 -0.099493 -0.009573
v 0.255925 -0.082521 -0.007186
v 0.282229 -0.110645 -0.008746
v 0.261222 -0.115115 -0.009272
v 0.240237 -0.119590 -0.010653
v 0.237354 -0.103317 -0.010603
v 0.263246 -0.125777 -0.008852
v 0.242283 -0.130188 -0.010088
v 0.221536 -0.134981 -0.011938
v 0.219400 -0.123963 -0.012455
v 0.244112 -0.138909 -0.009855
v 0.223354 -0.143754 -0.011483
v 0.202483 -0.148315 -0.012081
v 0.200682 -0.139463 -0.012482
v 0.225197 -0.152140 -0.011649
v 0.204368 -0.156964 -0.012067
v 0.183457 -0.161300 -0.013654
v 0.181620 -0.152336 -0.013591
v 0.206348 -0.165260 -0.013689
v 0.185226 -0.169559 -0.015062
v 0.164136 -0.173737 -0.016174
v 0.162377 -0.165419 -0.015028
v 0.206853 -0.166606 -0.019209
v 0.185822 -0.170962 -0.020437
v 0.164605 -0.174676 -0.021445
v 0.143469 -0.178934 -0.023374
v 0.143021 -0.178383 -0.017574
v 0.184518 -0.163559 -0.024556
v 0.163354 -0.167344 -0.025772
v 0.142161 -0.171267 -0.027304
v 0.120848 -0.175305 -0.029128
v 0.122111 -0.183136 -0.024507
v 0.161628 -0.158336 -0.027665
v 0.140425 -0.162272 -0.028982
v 0.119145 -0.165958 -0.030907
v 0.097747 -0.169150 -0.032086
v 0.099398 -0.178692 -0.030653
v 0.138411 -0.151948 -0.029534
v 0.117139 -0.155235 -0.031442
v 0.095728 -0.157970 -0.032256
v 0.074467 -0.160533 -0.034286
v 0.076469 -0.172120 -0.034177
v 0.114686 -0.141426 -0.032146
v 0.093186 -0.143087 -0.032774
v 0.071767 -0.144109 -0.035380
v 0.050170 -0.144564 -0.036210
v 0.053149 -0.162786 -0.035601
v 0.089795 -0.121913 -0.035081
v 0.068284 -0.121688 -0.036733
v 0.046713 -0.121211 -0.037993
v 0.025207 -0.120554 -0.040178
v 0.028750 -0.144152 -0.038279
v 0.065138 -0.098304 -0.038611
v 0.043606 -0.098055 -0.040713
v 0.022062 -0.097358 -0.041528
v 0.000507 -0.096566 -0.043000
v 0.003605 -0.119477 -0.040989
v 0.041069 -0.075253 -0.043085
v 0.019609 -0.074924 -0.044674
v -0.001956 -0.074506 -0.046227
v -0.023636 -0.074045 -0.047981
v -0.021077 -0.095661 -0.044778
v 0.018099 -0.054160 -0.052516
v -0.003462 -0.054130 -0.054138
v -0.025223 -0.054324 -0.056117
v -0.047061 -0.054432 -0.057790
v -0.045463 -0.073832 -0.050022
v -0.004639 -0.033838 -0.060486
v -0.026406 -0.034624 -0.062229
v -0.048318 -0.035209 -0.063716
v -0.070350 -0.035434 -0.065085
v -0.069067 -0.054512 -0.059670
v -0.027213 -0.015830 -0.065885
v -0.049198 -0.016522 -0.067471
v -0.071206 -0.016898 -0.068757
v -0.093114 -0.016604 -0.070192
v -0.092355 -0.035135 -0.066877
v -0.114822 -0.015188 -0.071349
v -0.157679 -0.011204 -0.074971
v -0.136286 -0.012930 -0.072615
v -0.157278 -0.028707 -0.071685
v -0.135645 -0.031777 -0.070328
v -0.114276 -0.033907 -0.068092
v -0.135081 -0.052487 -0.065198
v -0.113318 -0.053619 -0.063284
v -0.091192 -0.054341 -0.061568
v -0.111900 -0.073325 -0.056113
v -0.089594 -0.073589 -0.054457
v -0.067420 -0.073648 -0.052181
v -0.087284 -0.093322 -0.048533
v -0.065010 -0.093903 -0.046766
v -0.043023 -0.094740 -0.045453
v -0.061774 -0.115515 -0.045165
v -0.039737 -0.116844 -0.044495
v -0.018022 -0.118244 -0.043037
v -0.036037 -0.139761 -0.043567
v -0.014369 -0.141460 -0.040829
v 0.007265 -0.143065 -0.039832
v -0.010618 -0.165289 -0.039577
v 0.010895 -0.165528 -0.038918
v 0.032037 -0.164600 -0.036851
v 0.013307 -0.180363 -0.038543
v 0.034248 -0.178081 -0.036904
v 0.055223 -0.175063 -0.035279
v 0.035992 -0.188340 -0.036264
v 0.056940 -0.184932 -0.034126
v 0.078062 -0.181971 -0.032889
v 0.058307 -0.193669 -0.029563
v 0.079231 -0.190383 -0.027937
v 0.100628 -0.187142 -0.026167
v 0.079340 -0.193103 -0.021158
v 0.100332 -0.188496 -0.019343
v 0.121850 -0.183330 -0.018938
v 0.098751 -0.180355 -0.018362
v 0.119994 -0.175112 -0.017283
v 0.141192 -0.170082 -0.015950
v 0.118001 -0.165714 -0.016928
v 0.139191 -0.160533 -0.015628
v 0.160613 -0.156193 -0.015305
v 0.137180 -0.150197 -0.016018
v 0.158679 -0.146170 -0.015764
v 0.179754 -0.142960 -0.014314
v 0.156588 -0.134886 -0.016156
v 0.177606 -0.131245 -0.015172
v 0.198434 -0.127634 -0.013115
v 0.174302 -0.112174 -0.015254
v 0.195178 -0.109306 -0.013445
v 0.216249 -0.106524 -0.012687
v 0.192138 -0.089903 -0.011693
v 0.213219 -0.087772 -0.010017
v 0.234539 -0.085356 -0.009160
v 0.211446 -0.073411 -0.008532
v 0.232709 -0.071552 -0.006847
v 0.254088 -0.069195 -0.005871
v 0.231347 -0.059480 -0.004317
v 0.252741 -0.057900 -0.003222
v 0.274248 -0.055683 -0.002824
v 0.251850 -0.049417 0.003606
v 0.273415 -0.047282 0.003198
v 0.295363 -0.045660 0.003981
v 0.273287 -0.043285 0.013400
v 0.294998 -0.042467 0.013478
v 0.316851 -0.042031 0.014497
v 0.294888 -0.040344 0.024276
v 0.316554 -0.039425 0.023957
v 0.338165 -0.038502 0.024004
v 0.316590 -0.035450 0.036595
v 0.338078 -0.034556 0.036114
v 0.359505 -0.033603 0.035956
v 0.338356 -0.025741 0.049492
v 0.359865 -0.025509 0.049061
v 0.381440 -0.024835 0.048380
v 0.360109 -0.013406 0.057827
v 0.381603 -0.012956 0.056651
v 0.403124 -0.012455 0.055640
v 0.166524 -0.014739 -0.050710
v 0.188171 -0.013048 -0.049517
v 0.167084 -0.032416 -0.047174
v 0.188492 -0.029828 -0.046185
v 0.167943 -0.051761 -0.040308
v 0.189275 -0.049589 -0.039186
v 0.169599 -0.072915 -0.034642
v 0.190948 -0.071276 -0.033456
v 0.172394 -0.095471 -0.031632
v 0.193701 -0.093992 -0.030292
v 0.175806 -0.117778 -0.029280
v 0.197025 -0.115763 -0.028212
v 0.178686 -0.134013 -0.028214
v 0.199746 -0.130932 -0.026517
v 0.180885 -0.145341 -0.027519
v 0.201878 -0.141705 -0.025725
v 0.182838 -0.154855 -0.026783
v 0.203791 -0.151088 -0.024858
v 0.205466 -0.159479 -0.022817
v 0.159715 -0.148828 -0.028249
v 0.157453 -0.137045 -0.028821
v 0.136060 -0.139293 -0.030524
v 0.154401 -0.119365 -0.030415
v 0.132920 -0.120660 -0.032401
v 0.111306 -0.121428 -0.033166
v 0.129535 -0.097752 -0.034243
v 0.107943 -0.098409 -0.036380
v 0.086605 -0.098494 -0.037530
v 0.105348 -0.075578 -0.038610
v 0.083961 -0.075716 -0.040263
v 0.062552 -0.075622 -0.041869
v 0.082344 -0.054254 -0.046556
v 0.060950 -0.054228 -0.048583
v 0.039506 -0.054004 -0.050281
v 0.059997 -0.033410 -0.055637
v 0.038526 -0.033236 -0.057299
v 0.017015 -0.033405 -0.059120
v 0.037876 -0.014027 -0.060856
v 0.016290 -0.014280 -0.062658
v -0.005425 -0.015022 -0.064122
v -0.290077 -0.009779 -0.080752
v -0.271087 -0.010561 -0.080102
v -0.290355 -0.025969 -0.078831
v -0.271275 -0.026616 -0.078213
v -0.253047 -0.026375 -0.076902
v -0.272154 -0.048932 -0.073695
v -0.253511 -0.049000 -0.072572
v -0.234805 -0.048707 -0.072322
v -0.235019 -0.026058 -0.076598
v -0.215672 -0.048732 -0.071628
v -0.215869 -0.025865 -0.075649
v -0.196509 -0.048571 -0.070417
v -0.197204 -0.026068 -0.074377
v -0.176849 -0.049345 -0.069297
v -0.177959 -0.026874 -0.073934
v -0.156371 -0.050940 -0.066970
v -0.175866 -0.072689 -0.061410
v -0.155146 -0.072762 -0.059687
v -0.133841 -0.073122 -0.057943
v -0.153530 -0.093562 -0.051890
v -0.131947 -0.093205 -0.050306
v -0.109756 -0.093109 -0.049374
v -0.128693 -0.114152 -0.048898
v -0.106359 -0.113946 -0.048577
v -0.083965 -0.114491 -0.047416
v -0.102365 -0.135013 -0.047708
v -0.080020 -0.136225 -0.046471
v -0.058064 -0.137893 -0.043977
v -0.075599 -0.158683 -0.044735
v -0.054068 -0.161504 -0.043014
v -0.032405 -0.163573 -0.042066
v -0.051143 -0.181125 -0.042665
v -0.029645 -0.182165 -0.041301
v -0.008067 -0.181756 -0.039424
v -0.027999 -0.194278 -0.041060
v -0.006273 -0.192778 -0.039479
v 0.015076 -0.190835 -0.037796
v -0.004853 -0.202063 -0.034801
v 0.016562 -0.199615 -0.033212
v 0.037472 -0.196653 -0.031630
v 0.017772 -0.205833 -0.027069
v 0.038448 -0.202402 -0.025897
v 0.058718 -0.197872 -0.022548
v 0.037345 -0.197133 -0.020236
v 0.057312 -0.190894 -0.020030
v 0.077709 -0.185401 -0.019200
v 0.055438 -0.181484 -0.018937
v 0.075827 -0.175774 -0.018794
v 0.096836 -0.170903 -0.018237
v 0.073802 -0.165382 -0.019055
v 0.094681 -0.160145 -0.018520
v 0.115885 -0.155068 -0.017290
v 0.091775 -0.145133 -0.019422
v 0.113164 -0.141009 -0.018256
v 0.134905 -0.137745 -0.016678
v 0.109299 -0.119464 -0.018791
v 0.131486 -0.117447 -0.017515
v 0.153401 -0.115367 -0.016688
v 0.128079 -0.096227 -0.015780
v 0.150199 -0.094522 -0.013738
v 0.171157 -0.092051 -0.013205
v 0.147864 -0.079190 -0.012209
v 0.169010 -0.077003 -0.010342
v 0.190129 -0.075275 -0.009700
v 0.167113 -0.064153 -0.007353
v 0.188489 -0.062849 -0.006283
v 0.209955 -0.061244 -0.005134
v 0.187185 -0.053728 0.001917
v 0.208790 -0.052072 0.002539
v 0.230428 -0.050265 0.002922
v 0.208309 -0.045644 0.013400
v 0.230018 -0.044605 0.013931
v 0.251565 -0.043931 0.013920
v 0.230061 -0.041336 0.027299
v 0.251785 -0.041045 0.026640
v 0.273425 -0.040748 0.025469
v 0.252164 -0.035499 0.040796
v 0.273675 -0.035741 0.039249
v 0.295118 -0.035937 0.037926
v 0.274160 -0.026836 0.052800
v 0.295543 -0.026745 0.051532
v 0.316883 -0.026414 0.050404
v 0.295840 -0.014011 0.060654
v 0.317160 -0.013999 0.059876
v 0.338588 -0.013640 0.058829
v 0.123531 -0.015586 -0.054213
v 0.144958 -0.015463 -0.052232
v 0.124300 -0.034288 -0.050277
v 0.145678 -0.033833 -0.048515
v 0.125214 -0.054023 -0.043106
v 0.146592 -0.053111 -0.041448
v 0.126870 -0.075130 -0.037680
v 0.148234 -0.074141 -0.035729
v 0.150980 -0.096817 -0.033330
v 0.103787 -0.054278 -0.044747
v 0.102869 -0.034139 -0.052058
v 0.081410 -0.033751 -0.053782
v 0.102146 -0.015285 -0.055914
v 0.080825 -0.014800 -0.057594
v 0.059386 -0.014396 -0.059358
v -0.399982 -0.011665 -0.085715
v -0.379896 -0.010552 -0.084857
v -0.400428 -0.029003 -0.082968
v -0.380695 -0.027334 -0.082625
v -0.361487 -0.026399 -0.082076
v -0.381973 -0.049163 -0.076938
v -0.363243 -0.048933 -0.076759
v -0.345024 -0.048625 -0.075885
v -0.343199 -0.025767 -0.080881
v -0.327300 -0.048606 -0.075594
v -0.326437 -0.025953 -0.080708
v -0.309351 -0.048695 -0.074708
v -0.308694 -0.026408 -0.079435
v -0.290909 -0.049035 -0.074275
v -0.310347 -0.073430 -0.065662
v -0.291665 -0.073510 -0.065146
v -0.272846 -0.073445 -0.064915
v -0.292232 -0.096407 -0.054610
v -0.273102 -0.096169 -0.054386
v -0.253739 -0.095653 -0.054041
v -0.253873 -0.073282 -0.064532
v -0.234226 -0.095061 -0.053484
v -0.234757 -0.072877 -0.063912
v -0.214490 -0.094333 -0.053208
v -0.215250 -0.072937 -0.063638
v -0.194634 -0.094237 -0.052943
v -0.195760 -0.072508 -0.062328
v -0.174350 -0.093966 -0.052614
v -0.192192 -0.116656 -0.050266
v -0.171631 -0.115929 -0.050804
v -0.150459 -0.114933 -0.050405
v -0.167845 -0.137314 -0.048524
v -0.146677 -0.136251 -0.049637
v -0.124836 -0.135154 -0.048146
v -0.141639 -0.156863 -0.047548
v -0.119876 -0.156115 -0.047439
v -0.097595 -0.156661 -0.046755
v -0.114621 -0.175324 -0.046451
v -0.093319 -0.175520 -0.046020
v -0.072156 -0.178269 -0.043439
v -0.090539 -0.188894 -0.045478
v -0.070502 -0.191652 -0.043674
v -0.049636 -0.194153 -0.042543
v -0.070012 -0.201304 -0.043609
v -0.048691 -0.204700 -0.039750
v -0.026781 -0.203961 -0.036551
v -0.048468 -0.213172 -0.032957
v -0.025705 -0.211636 -0.029923
v -0.003599 -0.208968 -0.028400
v -0.025385 -0.212946 -0.022877
v -0.003724 -0.207849 -0.021875
v 0.017186 -0.202649 -0.020976
v -0.004826 -0.199591 -0.020589
v 0.015658 -0.193649 -0.020273
v 0.035603 -0.187758 -0.019290
v 0.014012 -0.183381 -0.020550
v 0.033681 -0.177309 -0.019306
v 0.053421 -0.170893 -0.018963
v 0.031461 -0.163875 -0.020058
v 0.050842 -0.157144 -0.019396
v 0.071001 -0.150728 -0.019628
v 0.047170 -0.135099 -0.020099
v 0.066964 -0.126915 -0.020343
v 0.087680 -0.122139 -0.019870
v 0.062586 -0.101132 -0.017711
v 0.083653 -0.097778 -0.017337
v 0.105746 -0.097143 -0.016740
v 0.081307 -0.082805 -0.014567
v 0.103605 -0.082287 -0.013897
v 0.125872 -0.081745 -0.013130
v 0.101847 -0.071687 -0.010221
v 0.123877 -0.070378 -0.009223
v 0.145674 -0.067305 -0.008278
v 0.121595 -0.064377 -0.000123
v 0.143373 -0.059149 0.000315
v 0.165574 -0.055641 0.001294
v 0.142235 -0.053226 0.010257
v 0.164811 -0.049008 0.011880
v 0.186685 -0.046927 0.012930
v 0.164561 -0.042518 0.025664
v 0.186737 -0.041945 0.026976
v 0.208445 -0.041657 0.027434
v 0.187050 -0.036181 0.043682
v 0.208826 -0.035877 0.043216
v 0.230488 -0.035553 0.042114
v 0.209480 -0.026747 0.056615
v 0.231156 -0.026669 0.055549
v 0.252775 -0.026596 0.054237
v 0.231727 -0.014128 0.064788
v 0.253233 -0.014041 0.063343
v 0.274595 -0.014115 0.061901
v -0.439965 -0.012487 -0.087305
v -0.419890 -0.012003 -0.086508
v -0.440225 -0.032051 -0.084033
v -0.420250 -0.030280 -0.083406
v -0.440477 -0.053683 -0.076896
v -0.420727 -0.051530 -0.077075
v -0.401200 -0.050383 -0.077321
v -0.420879 -0.072027 -0.066795
v -0.402045 -0.072033 -0.066786
v -0.383392 -0.072216 -0.066638
v -0.402733 -0.093550 -0.056322
v -0.384531 -0.094439 -0.055842
v -0.366330 -0.095239 -0.055586
v -0.364952 -0.072454 -0.066443
v -0.348060 -0.095847 -0.055356
v -0.346721 -0.072910 -0.066241
v -0.329695 -0.096199 -0.054956
v -0.328612 -0.073096 -0.065856
v -0.311143 -0.096429 -0.054585
v -0.330352 -0.120977 -0.051325
v -0.311258 -0.120857 -0.050541
v -0.292137 -0.120575 -0.050324
v -0.310950 -0.145165 -0.050025
v -0.291313 -0.144472 -0.050041
v -0.270990 -0.143316 -0.050205
v -0.272423 -0.119957 -0.050411
v -0.250656 -0.142122 -0.049815
v -0.252645 -0.119178 -0.050472
v -0.230125 -0.140875 -0.048858
v -0.232626 -0.118299 -0.050308
v -0.209448 -0.139594 -0.048151
v -0.212545 -0.117426 -0.050179
v -0.188790 -0.138436 -0.048049
v -0.205524 -0.160979 -0.047889
v -0.184391 -0.159437 -0.047103
v -0.163153 -0.158026 -0.046862
v -0.178799 -0.179542 -0.046715
v -0.157450 -0.177863 -0.045953
v -0.136038 -0.176212 -0.045462
v -0.150666 -0.195116 -0.046028
v -0.130679 -0.191614 -0.045156
v -0.110668 -0.188978 -0.045349
v -0.126079 -0.202241 -0.045179
v -0.107996 -0.197634 -0.044946
v -0.089295 -0.197594 -0.045050
v -0.105838 -0.204308 -0.044595
v -0.088788 -0.204796 -0.043344
v -0.070359 -0.210257 -0.039456
v -0.088775 -0.211336 -0.039763
v -0.071740 -0.216937 -0.032306
v -0.048797 -0.217705 -0.024246
v -0.072890 -0.217032 -0.023032
v -0.049846 -0.211504 -0.021950
v -0.026323 -0.205115 -0.021189
v -0.050437 -0.202584 -0.021238
v -0.027096 -0.195593 -0.020910
v -0.006027 -0.189595 -0.020781
v -0.027496 -0.184083 -0.021319
v -0.007125 -0.177422 -0.021440
v 0.012303 -0.171003 -0.021209
v -0.008410 -0.158129 -0.021845
v 0.010063 -0.151184 -0.021677
v 0.028437 -0.143442 -0.020400
v 0.007693 -0.125640 -0.020171
v 0.025035 -0.117890 -0.019906
v 0.043187 -0.108546 -0.019400
v 0.023271 -0.098607 -0.017865
v 0.040692 -0.089886 -0.016556
v 0.059632 -0.084840 -0.015185
v 0.036667 -0.075790 -0.009607
v 0.057710 -0.073624 -0.009786
v 0.079464 -0.072643 -0.011485
v 0.057055 -0.071345 0.002557
v 0.078153 -0.069584 -0.000331
v 0.099918 -0.067217 -0.000777
v 0.077708 -0.065947 0.014389
v 0.098515 -0.063932 0.011699
v 0.120187 -0.061352 0.011146
v 0.099107 -0.051789 0.026574
v 0.120423 -0.049473 0.023254
v 0.142147 -0.045098 0.023485
v 0.122704 -0.038104 0.040661
v 0.143418 -0.037589 0.041881
v 0.165106 -0.036851 0.043396
v 0.144639 -0.027585 0.057749
v 0.165945 -0.027211 0.057656
v 0.187750 -0.026814 0.057353
v 0.166832 -0.014731 0.068061
v 0.188449 -0.014497 0.067364
v 0.210081 -0.014339 0.065891
v -0.480269 -0.016800 -0.088881
v -0.460096 -0.013882 -0.088085
v -0.480089 -0.038046 -0.084012
v -0.460108 -0.034662 -0.084450
v -0.479846 -0.059057 -0.074416
v -0.460315 -0.056348 -0.075817
v -0.478732 -0.074688 -0.061797
v -0.459028 -0.073847 -0.063658
v -0.439930 -0.073021 -0.066423
v -0.456322 -0.087889 -0.050819
v -0.439345 -0.091552 -0.057300
v -0.421104 -0.092830 -0.057248
v -0.440020 -0.111972 -0.049454
v -0.422044 -0.114870 -0.050018
v -0.403862 -0.116951 -0.050514
v -0.424003 -0.138593 -0.049795
v -0.405462 -0.141455 -0.050466
v -0.386930 -0.143407 -0.050969
v -0.385697 -0.118626 -0.050845
v -0.368283 -0.144675 -0.051298
v -0.367380 -0.119825 -0.051250
v -0.349584 -0.145460 -0.051565
v -0.348945 -0.120599 -0.051372
v -0.330567 -0.145647 -0.051077
v -0.349882 -0.170202 -0.052128
v -0.330192 -0.169897 -0.052093
v -0.310177 -0.169138 -0.050641
v -0.328969 -0.193553 -0.052282
v -0.308340 -0.192039 -0.051755
v -0.287193 -0.190163 -0.050325
v -0.289788 -0.167745 -0.049894
v -0.265909 -0.187866 -0.049591
v -0.268998 -0.166029 -0.049908
v -0.244078 -0.185442 -0.049328
v -0.247867 -0.164311 -0.049838
v -0.222405 -0.183420 -0.049244
v -0.226810 -0.162594 -0.049053
v -0.200643 -0.181408 -0.048354
v -0.217051 -0.203094 -0.048469
v -0.194549 -0.200670 -0.048289
v -0.172331 -0.198219 -0.047350
v -0.187847 -0.217775 -0.047437
v -0.165556 -0.213115 -0.047128
v -0.144590 -0.207526 -0.046714
v -0.159488 -0.223856 -0.046669
v -0.139316 -0.216143 -0.046439
v -0.122330 -0.209324 -0.045676
v -0.135170 -0.222496 -0.046213
v -0.118863 -0.215321 -0.045527
v -0.103423 -0.210629 -0.043666
v -0.116105 -0.221275 -0.044575
v -0.101144 -0.216188 -0.040615
v -0.089715 -0.215672 -0.033685
v -0.091997 -0.215730 -0.027957
v -0.073925 -0.210532 -0.021493
v -0.093768 -0.214120 -0.023941
v -0.074590 -0.200934 -0.021320
v -0.050411 -0.191375 -0.021305
v -0.071911 -0.184144 -0.021361
v -0.047865 -0.173081 -0.021192
v -0.027425 -0.165039 -0.021452
v -0.045442 -0.143789 -0.020585
v -0.026801 -0.137981 -0.021041
v -0.009367 -0.131973 -0.020683
v -0.025750 -0.117467 -0.019929
v -0.009451 -0.112339 -0.019185
v 0.006829 -0.106223 -0.018895
v -0.008874 -0.099776 -0.017983
v 0.006735 -0.093636 -0.017312
v 0.022387 -0.085751 -0.015791
v 0.007349 -0.084623 -0.015069
v 0.022986 -0.077966 -0.013451
v 0.022883 -0.075394 -0.004051
v 0.018977 -0.065702 0.026875
v 0.037864 -0.071954 0.010362
v 0.016626 -0.049266 0.037655
v 0.036792 -0.060049 0.030048
v 0.057305 -0.065793 0.020175
v 0.037321 -0.041763 0.037928
v 0.057344 -0.048001 0.034614
v 0.078262 -0.051178 0.030557
v 0.059652 -0.032889 0.046455
v 0.080731 -0.035426 0.043893
v 0.102053 -0.037332 0.041510
v 0.083095 -0.026242 0.059504
v 0.104126 -0.027282 0.058387
v 0.124379 -0.027728 0.057659
v 0.104915 -0.014978 0.070337
v 0.125355 -0.015025 0.069419
v 0.145785 -0.014894 0.068614
v -0.520457 -0.020900 -0.089471
v -0.500275 -0.019161 -0.089214
v -0.520311 -0.043257 -0.083298
v -0.500106 -0.040858 -0.083480
v -0.520046 -0.062326 -0.072360
v -0.499803 -0.061017 -0.073334
v -0.519362 -0.075474 -0.060282
v -0.499013 -0.075237 -0.060866
v -0.518567 -0.085449 -0.048622
v -0.498051 -0.086274 -0.049005
v -0.477455 -0.087001 -0.049666
v -0.497994 -0.101882 -0.046289
v -0.477749 -0.104014 -0.046683
v -0.457497 -0.107176 -0.046552
v -0.479670 -0.124504 -0.047809
v -0.461175 -0.129517 -0.048645
v -0.442559 -0.134686 -0.049188
v -0.463969 -0.154980 -0.048829
v -0.445084 -0.159626 -0.049625
v -0.426061 -0.163443 -0.050295
v -0.447163 -0.185310 -0.050215
v -0.427816 -0.188815 -0.050692
v -0.408336 -0.191570 -0.051046
v -0.407093 -0.166370 -0.050810
v -0.388732 -0.193436 -0.051468
v -0.388116 -0.168520 -0.051250
v -0.369381 -0.194664 -0.051890
v -0.369121 -0.169773 -0.051777
v -0.349597 -0.194723 -0.052218
v -0.368295 -0.219316 -0.051861
v -0.347629 -0.218472 -0.051989
v -0.326640 -0.216783 -0.052163
v -0.344224 -0.242456 -0.051775
v -0.322991 -0.240264 -0.051795
v -0.301392 -0.237242 -0.051734
v -0.305507 -0.214648 -0.052020
v -0.279160 -0.233419 -0.051416
v -0.283863 -0.211976 -0.051181
v -0.256553 -0.229206 -0.050788
v -0.261892 -0.209023 -0.049612
v -0.233391 -0.224935 -0.049482
v -0.239468 -0.205896 -0.048812
v -0.210566 -0.221414 -0.048174
v -0.226354 -0.242754 -0.049816
v -0.203442 -0.237367 -0.049296
v -0.181148 -0.231010 -0.047631
v -0.196545 -0.250395 -0.048737
v -0.175018 -0.241764 -0.048137
v -0.153879 -0.231528 -0.047250
v -0.169911 -0.249540 -0.048110
v -0.149215 -0.237101 -0.047759
v -0.131040 -0.227549 -0.045919
v -0.144926 -0.242447 -0.046421
v -0.165319 -0.255601 -0.048048
v -0.161447 -0.261104 -0.043765
v -0.182891 -0.274536 -0.045431
v -0.180097 -0.279284 -0.038531
v -0.158943 -0.264943 -0.037557
v -0.186473 -0.267608 -0.049166
v -0.207134 -0.277637 -0.049654
v -0.202603 -0.285170 -0.046581
v -0.191042 -0.259939 -0.048377
v -0.212128 -0.269164 -0.048895
v -0.232998 -0.279833 -0.050838
v -0.226418 -0.289119 -0.049751
v -0.218840 -0.257587 -0.049297
v -0.241505 -0.265758 -0.050345
v -0.264070 -0.274709 -0.052039
v -0.253259 -0.292449 -0.051652
v -0.249644 -0.248499 -0.050490
v -0.272862 -0.254495 -0.051047
v -0.295362 -0.259682 -0.051910
v -0.286058 -0.282622 -0.052786
v -0.308786 -0.288649 -0.052852
v -0.296088 -0.312804 -0.052581
v -0.274209 -0.303531 -0.051946
v -0.317494 -0.264082 -0.052058
v -0.339122 -0.266935 -0.052587
v -0.331351 -0.292447 -0.052993
v -0.354501 -0.294677 -0.052987
v -0.345708 -0.321940 -0.052621
v -0.320459 -0.319162 -0.053252
v -0.360692 -0.268337 -0.052545
v -0.382508 -0.268647 -0.052480
v -0.377141 -0.294704 -0.052998
v -0.365333 -0.243597 -0.051567
v -0.386588 -0.243732 -0.051669
v -0.407282 -0.242316 -0.051848
v -0.404229 -0.267608 -0.052756
v -0.388700 -0.218769 -0.051559
v -0.408379 -0.216808 -0.051346
v -0.428715 -0.214380 -0.051069
v -0.428157 -0.240085 -0.051948
v -0.448532 -0.236984 -0.051952
v -0.447143 -0.262386 -0.052986
v -0.425771 -0.265434 -0.053027
v -0.448237 -0.211073 -0.050927
v -0.467873 -0.207154 -0.050728
v -0.468808 -0.233223 -0.051871
v -0.466361 -0.181090 -0.049695
v -0.485177 -0.176343 -0.049344
v -0.487579 -0.202754 -0.050711
v -0.482348 -0.149471 -0.048333
v -0.501116 -0.144841 -0.047964
v -0.504061 -0.171524 -0.049085
v -0.498865 -0.120681 -0.047096
v -0.518971 -0.117254 -0.046592
v -0.520467 -0.140316 -0.047471
v -0.518432 -0.100239 -0.045916
v -0.538984 -0.098820 -0.045517
v -0.539101 -0.114669 -0.046233
v -0.539252 -0.084707 -0.049022
v -0.559741 -0.084042 -0.049431
v -0.559480 -0.097441 -0.045167
v -0.539832 -0.075405 -0.060154
v -0.560392 -0.074982 -0.060415
v -0.581004 -0.074822 -0.060276
v -0.580169 -0.083315 -0.049464
v -0.540393 -0.062995 -0.071829
v -0.560947 -0.063206 -0.071475
v -0.581653 -0.063649 -0.071190
v -0.602483 -0.064399 -0.070592
v -0.601709 -0.075249 -0.059459
v -0.561222 -0.045256 -0.082501
v -0.581934 -0.046217 -0.082655
v -0.602758 -0.046927 -0.082575
v -0.623590 -0.048000 -0.082548
v -0.623275 -0.065424 -0.069587
v -0.582004 -0.023407 -0.091296
v -0.602793 -0.024019 -0.091692
v -0.623587 -0.024798 -0.092363
v -0.644239 -0.025616 -0.092744
v -0.644328 -0.049425 -0.082141
v -0.664872 -0.026493 -0.093260
v -0.704031 -0.027777 -0.093550
v -0.684575 -0.027012 -0.093268
v -0.704652 -0.052844 -0.080201
v -0.685034 -0.051525 -0.080944
v -0.664887 -0.050516 -0.081405
v -0.685143 -0.067894 -0.065957
v -0.664743 -0.066899 -0.067472
v -0.644011 -0.066210 -0.068509
v -0.664266 -0.075424 -0.056347
v -0.643293 -0.075526 -0.057491
v -0.622437 -0.075693 -0.058144
v -0.642491 -0.080978 -0.047804
v -0.621490 -0.081864 -0.048124
v -0.600670 -0.082554 -0.048931
v -0.621251 -0.091690 -0.042421
v -0.600438 -0.093819 -0.043835
v -0.579945 -0.095759 -0.044693
v -0.601014 -0.107371 -0.044820
v -0.580293 -0.110179 -0.045497
v -0.559622 -0.112416 -0.045924
v -0.581180 -0.128958 -0.046099
v -0.560535 -0.132419 -0.046622
v -0.540251 -0.136161 -0.047123
v -0.562606 -0.157567 -0.048234
v -0.542663 -0.162076 -0.048670
v -0.523157 -0.166716 -0.048908
v -0.545527 -0.188317 -0.050417
v -0.526129 -0.193164 -0.050530
v -0.506814 -0.198030 -0.050593
v -0.528532 -0.219570 -0.051769
v -0.508964 -0.224358 -0.051887
v -0.489121 -0.229034 -0.051824
v -0.509866 -0.250553 -0.052626
v -0.489450 -0.254978 -0.052721
v -0.468357 -0.258884 -0.052812
v -0.488665 -0.280485 -0.053182
v -0.466787 -0.284245 -0.053391
v -0.444647 -0.287741 -0.053281
v -0.464103 -0.309143 -0.053109
v -0.440751 -0.312768 -0.052890
v -0.416994 -0.316301 -0.052621
v -0.422040 -0.290777 -0.053195
v -0.393273 -0.319594 -0.052417
v -0.399500 -0.293244 -0.053188
v -0.369713 -0.322018 -0.052350
v -0.384342 -0.347528 -0.052747
v -0.359261 -0.351857 -0.052550
v -0.333763 -0.349798 -0.053660
v -0.347732 -0.378800 -0.054304
v -0.323199 -0.371650 -0.054625
v -0.298337 -0.357755 -0.053135
v -0.307865 -0.342140 -0.053175
v -0.274120 -0.344605 -0.050842
v -0.283291 -0.331972 -0.052473
v -0.253550 -0.328935 -0.049380
v -0.262763 -0.318430 -0.050838
v -0.235691 -0.311982 -0.048751
v -0.244027 -0.303771 -0.050335
v -0.220520 -0.296449 -0.046923
v -0.227708 -0.318933 -0.041113
v -0.216798 -0.300919 -0.042434
v -0.199312 -0.291819 -0.038736
v -0.220488 -0.297661 -0.039289
v -0.203568 -0.285798 -0.037258
v -0.183843 -0.274034 -0.035857
v -0.208040 -0.279859 -0.035886
v -0.188468 -0.268146 -0.034793
v -0.168452 -0.255679 -0.033864
v -0.163576 -0.260802 -0.034908
v -0.149461 -0.242822 -0.032556
v -0.144906 -0.246999 -0.033899
v -0.135376 -0.233612 -0.032084
v -0.131779 -0.237276 -0.033165
v -0.126080 -0.228233 -0.031939
v -0.123155 -0.232538 -0.032988
v -0.139162 -0.229338 -0.031213
v -0.128587 -0.223182 -0.031045
v -0.119684 -0.217979 -0.030724
v -0.130820 -0.217779 -0.030185
v -0.120061 -0.211268 -0.030077
v -0.109639 -0.206544 -0.026892
v -0.110095 -0.211599 -0.029022
v -0.103706 -0.206286 -0.023051
v -0.104391 -0.209163 -0.026009
v -0.102840 -0.210869 -0.026349
v -0.095619 -0.194464 -0.021104
v -0.105997 -0.167462 -0.020239
v -0.101462 -0.140479 -0.019233
v -0.084577 -0.149622 -0.019761
v -0.065448 -0.148289 -0.020297
v -0.109668 -0.199856 -0.022602
v -0.114048 -0.184178 -0.020694
v -0.125753 -0.193650 -0.025560
v -0.121490 -0.152095 -0.019120
v -0.121187 -0.204104 -0.028605
v -0.134049 -0.210992 -0.029266
v -0.139522 -0.202294 -0.028380
v -0.154943 -0.211115 -0.028745
v -0.164162 -0.200042 -0.027209
v -0.148438 -0.218797 -0.030109
v -0.165356 -0.227707 -0.030448
v -0.172715 -0.219899 -0.029549
v -0.143324 -0.224812 -0.030577
v -0.159172 -0.233575 -0.031252
v -0.178978 -0.244395 -0.032435
v -0.185554 -0.237294 -0.031402
v -0.154304 -0.238440 -0.032367
v -0.173396 -0.250475 -0.033035
v -0.193554 -0.262058 -0.034039
v -0.199337 -0.255323 -0.032820
v -0.219437 -0.266737 -0.033624
v -0.227154 -0.258222 -0.033040
v -0.206497 -0.247226 -0.031965
v -0.213314 -0.273621 -0.035004
v -0.231038 -0.287475 -0.036126
v -0.237710 -0.280600 -0.035147
v -0.225364 -0.293099 -0.037418
v -0.239351 -0.310579 -0.038272
v -0.246157 -0.304608 -0.037473
v -0.233237 -0.315396 -0.039200
v -0.247512 -0.336233 -0.040193
v -0.253739 -0.330488 -0.038799
v -0.245631 -0.336920 -0.047059
v -0.266737 -0.354106 -0.049979
v -0.265477 -0.356825 -0.040846
v -0.288276 -0.372435 -0.045923
v -0.291867 -0.367414 -0.041415
v -0.270558 -0.350427 -0.039758
v -0.291551 -0.367515 -0.051924
v -0.316111 -0.383152 -0.054753
v -0.311417 -0.389241 -0.048411
v -0.335177 -0.397057 -0.042044
v -0.313999 -0.384851 -0.041539
v -0.339846 -0.386081 -0.041338
v -0.318905 -0.375484 -0.040840
v -0.297567 -0.358612 -0.040709
v -0.325214 -0.362196 -0.040274
v -0.304461 -0.347664 -0.039816
v -0.285316 -0.331908 -0.039195
v -0.277103 -0.342407 -0.039699
v -0.268595 -0.315285 -0.037531
v -0.260415 -0.323983 -0.038697
v -0.253505 -0.297401 -0.036379
v -0.279330 -0.303180 -0.035948
v -0.263202 -0.287024 -0.034946
v -0.246076 -0.271665 -0.033455
v -0.275336 -0.273296 -0.032627
v -0.256914 -0.259904 -0.031365
v -0.236945 -0.247765 -0.031200
v -0.269605 -0.246344 -0.029236
v -0.248719 -0.235255 -0.029411
v -0.226837 -0.225224 -0.029170
v -0.215474 -0.237496 -0.030835
v -0.204644 -0.216416 -0.028781
v -0.193453 -0.228583 -0.030387
v -0.183363 -0.208313 -0.028752
v -0.216092 -0.202279 -0.026975
v -0.195197 -0.193481 -0.027008
v -0.175568 -0.185127 -0.025765
v -0.200911 -0.177581 -0.024771
v -0.181199 -0.169388 -0.024484
v -0.202372 -0.156886 -0.021947
v -0.182274 -0.150495 -0.021946
v -0.162188 -0.146803 -0.018793
v -0.183040 -0.135629 -0.020078
v -0.162713 -0.133305 -0.018245
v -0.141858 -0.132818 -0.018207
v -0.141151 -0.146101 -0.018530
v -0.120734 -0.134795 -0.018546
v -0.142572 -0.122817 -0.018240
v -0.121627 -0.122956 -0.018458
v -0.101418 -0.124106 -0.018700
v -0.122288 -0.114315 -0.018442
v -0.101850 -0.114550 -0.018626
v -0.081718 -0.114793 -0.018816
v -0.081964 -0.125613 -0.019205
v -0.061775 -0.113847 -0.019177
v -0.062626 -0.124766 -0.019635
v -0.042270 -0.110366 -0.018920
v -0.043352 -0.121785 -0.019924
v -0.024391 -0.105512 -0.018576
v -0.041241 -0.101366 -0.018127
v -0.023303 -0.096261 -0.017526
v -0.008458 -0.090640 -0.016608
v -0.061503 -0.105032 -0.018720
v -0.061430 -0.097443 -0.018072
v -0.082072 -0.099240 -0.017441
v -0.082329 -0.092885 -0.015810
v -0.061155 -0.090745 -0.016174
v -0.081853 -0.106529 -0.018383
v -0.102314 -0.106694 -0.018396
v -0.102779 -0.099634 -0.017864
v -0.123520 -0.099832 -0.017394
v -0.123934 -0.094611 -0.014106
v -0.103232 -0.093577 -0.015724
v -0.122895 -0.106857 -0.018210
v -0.143830 -0.107756 -0.017657
v -0.144441 -0.100903 -0.016374
v -0.143224 -0.114878 -0.018157
v -0.164021 -0.116591 -0.018114
v -0.164723 -0.109420 -0.017833
v -0.163306 -0.124145 -0.018154
v -0.183733 -0.126928 -0.018966
v -0.184471 -0.119153 -0.018387
v -0.204739 -0.121738 -0.018395
v -0.205490 -0.113916 -0.017836
v -0.185209 -0.111666 -0.017909
v -0.203995 -0.130047 -0.019259
v -0.224033 -0.133616 -0.018902
v -0.224887 -0.124499 -0.018001
v -0.203278 -0.140002 -0.020452
v -0.223291 -0.145130 -0.020282
v -0.243451 -0.150327 -0.020026
v -0.244179 -0.137342 -0.018916
v -0.222581 -0.164068 -0.022218
v -0.242709 -0.171327 -0.023160
v -0.263218 -0.178715 -0.023568
v -0.263739 -0.156473 -0.019998
v -0.221931 -0.186371 -0.024636
v -0.242695 -0.194513 -0.024616
v -0.262929 -0.202238 -0.025182
v -0.284137 -0.210401 -0.025544
v -0.284140 -0.186318 -0.023424
v -0.236780 -0.211251 -0.027240
v -0.259824 -0.221201 -0.027302
v -0.280486 -0.230151 -0.027311
v -0.301657 -0.239886 -0.027514
v -0.305789 -0.218847 -0.026026
v -0.288969 -0.257428 -0.030046
v -0.308013 -0.267974 -0.031175
v -0.321131 -0.248737 -0.027957
v -0.293178 -0.286536 -0.033486
v -0.311160 -0.298632 -0.033864
v -0.327134 -0.277337 -0.031426
v -0.296406 -0.317896 -0.037008
v -0.316254 -0.329844 -0.037276
v -0.331222 -0.306906 -0.034056
v -0.351494 -0.312931 -0.035875
v -0.365928 -0.290170 -0.033893
v -0.346200 -0.284569 -0.031694
v -0.336913 -0.339340 -0.037866
v -0.356887 -0.344286 -0.039235
v -0.371158 -0.317372 -0.036782
v -0.345347 -0.369881 -0.041160
v -0.364792 -0.370242 -0.043090
v -0.376694 -0.345451 -0.040638
v -0.357183 -0.386719 -0.044030
v -0.374312 -0.383771 -0.045535
v -0.382852 -0.369889 -0.043714
v -0.402192 -0.370586 -0.044163
v -0.414025 -0.351065 -0.041634
v -0.395094 -0.347873 -0.040555
v -0.394657 -0.383092 -0.045651
v -0.414522 -0.385302 -0.046539
v -0.421637 -0.373541 -0.044981
v -0.387328 -0.391498 -0.046900
v -0.409043 -0.393689 -0.047274
v -0.430473 -0.397239 -0.047719
v -0.435453 -0.389369 -0.047156
v -0.402360 -0.399520 -0.048303
v -0.425545 -0.402759 -0.049033
v -0.450206 -0.408767 -0.050066
v -0.453777 -0.402773 -0.048912
v -0.396052 -0.403960 -0.049003
v -0.421145 -0.407406 -0.049549
v -0.447225 -0.413889 -0.050667
v -0.471730 -0.422045 -0.051692
v -0.474239 -0.416013 -0.051151
v -0.416214 -0.411961 -0.050392
v -0.444139 -0.418891 -0.051434
v -0.469504 -0.427580 -0.052839
v -0.493091 -0.435103 -0.054214
v -0.495047 -0.428925 -0.053234
v -0.466858 -0.433443 -0.054149
v -0.491169 -0.441052 -0.055540
v -0.464503 -0.433899 -0.056427
v -0.490808 -0.440246 -0.058198
v -0.460028 -0.427932 -0.056914
v -0.491000 -0.434059 -0.058392
v -0.511500 -0.436514 -0.059457
v -0.527143 -0.439632 -0.060363
v -0.491950 -0.427798 -0.058326
v -0.512953 -0.430216 -0.058970
v -0.530297 -0.433798 -0.060469
v -0.550538 -0.439747 -0.061151
v -0.546658 -0.446083 -0.061500
v -0.514213 -0.423685 -0.058427
v -0.532999 -0.426836 -0.060060
v -0.554022 -0.432117 -0.061293
v -0.577760 -0.438541 -0.061887
v -0.574715 -0.446602 -0.062662
v -0.536184 -0.417955 -0.058808
v -0.557752 -0.421727 -0.060983
v -0.580496 -0.426678 -0.062018
v -0.604446 -0.431493 -0.062523
v -0.602455 -0.445519 -0.064156
v -0.561559 -0.407262 -0.059094
v -0.583897 -0.408940 -0.060684
v -0.606650 -0.411187 -0.062197
v -0.628847 -0.410085 -0.062666
v -0.628018 -0.432606 -0.063924
v -0.587720 -0.386346 -0.059324
v -0.609519 -0.387597 -0.059513
v -0.629418 -0.384765 -0.060279
v -0.648984 -0.379484 -0.060907
v -0.648814 -0.405091 -0.062387
v -0.612329 -0.361132 -0.058973
v -0.630537 -0.357564 -0.058835
v -0.649742 -0.352712 -0.058535
v -0.669624 -0.348525 -0.058462
v -0.668009 -0.374590 -0.060965
v -0.631472 -0.329754 -0.057038
v -0.651176 -0.325627 -0.057288
v -0.671754 -0.322175 -0.057270
v -0.691406 -0.320148 -0.056766
v -0.688046 -0.345944 -0.058019
v -0.652479 -0.298903 -0.054901
v -0.673164 -0.295807 -0.054565
v -0.693549 -0.293998 -0.054126
v -0.710060 -0.293905 -0.053236
v -0.705831 -0.319803 -0.056129
v -0.673617 -0.269044 -0.053074
v -0.694521 -0.267276 -0.052187
v -0.713137 -0.267105 -0.051333
v -0.726044 -0.267857 -0.051015
v -0.721099 -0.294517 -0.053369
v -0.694689 -0.240627 -0.050050
v -0.714994 -0.240281 -0.049335
v -0.730594 -0.241151 -0.048365
v -0.741891 -0.242541 -0.047762
v -0.735636 -0.269185 -0.050267
v -0.715408 -0.213440 -0.046734
v -0.733581 -0.214102 -0.045663
v -0.746660 -0.215155 -0.045442
v -0.757207 -0.215841 -0.045110
v -0.750695 -0.244204 -0.047850
v -0.734885 -0.187148 -0.044033
v -0.750418 -0.188176 -0.043512
v -0.734863 -0.160625 -0.041647
v -0.752661 -0.162807 -0.041159
v -0.733565 -0.134406 -0.040346
v -0.753677 -0.137141 -0.039925
v -0.769992 -0.141165 -0.039595
v -0.752514 -0.115516 -0.037582
v -0.771494 -0.119905 -0.037555
v -0.749043 -0.099262 -0.034929
v -0.731557 -0.112775 -0.038393
v -0.728879 -0.097019 -0.035900
v -0.726764 -0.086108 -0.034150
v -0.746487 -0.087425 -0.033079
v -0.725874 -0.080502 -0.042272
v -0.745241 -0.080374 -0.039979
v -0.725304 -0.076408 -0.051596
v -0.744421 -0.077164 -0.049354
v -0.724645 -0.069525 -0.062922
v -0.743523 -0.070636 -0.060836
v -0.761129 -0.072156 -0.058308
v -0.742148 -0.054815 -0.078191
v -0.759698 -0.055989 -0.077370
v -0.776147 -0.056449 -0.077108
v -0.791665 -0.054728 -0.078678
v -0.758403 -0.029510 -0.093838
v -0.775194 -0.029010 -0.094116
v -0.791823 -0.028217 -0.094699
v -0.808827 -0.026844 -0.096039
v -0.808671 -0.051364 -0.082042
v -0.827190 -0.025612 -0.097252
v -0.864567 -0.020967 -0.091211
v -0.845616 -0.023099 -0.094321
v -0.865004 -0.040388 -0.081383
v -0.845826 -0.044027 -0.083216
v -0.827159 -0.048618 -0.084471
v -0.846192 -0.059464 -0.067198
v -0.827192 -0.065262 -0.066511
v -0.808405 -0.069085 -0.062459
v -0.827574 -0.074714 -0.047106
v -0.846437 -0.069027 -0.048803
v -0.845757 -0.071989 -0.028409
v -0.827324 -0.076701 -0.026167
v -0.844363 -0.068904 -0.007900
v -0.826520 -0.073000 -0.005288
v -0.808191 -0.076701 -0.002225
v -0.825380 -0.063500 0.014503
v -0.808081 -0.066201 0.017316
v -0.790543 -0.066026 0.017929
v -0.789746 -0.076125 0.000406
v -0.773016 -0.064974 0.019200
v -0.772786 -0.074531 0.004265
v -0.754631 -0.063357 0.021575
v -0.754780 -0.072856 0.008017
v -0.754924 -0.078066 -0.003381
v -0.735295 -0.071343 0.010843
v -0.735736 -0.077469 -0.000620
v -0.736252 -0.081289 -0.011824
v -0.714215 -0.076884 0.001420
v -0.714369 -0.081208 -0.009875
v -0.714684 -0.087810 -0.018837
v -0.737072 -0.089635 -0.019318
v -0.715127 -0.098736 -0.020740
v -0.737805 -0.100767 -0.021243
v -0.715547 -0.111319 -0.021336
v -0.737787 -0.112977 -0.022251
v -0.757476 -0.115264 -0.023913
v -0.773196 -0.118329 -0.025058
v -0.736891 -0.131011 -0.024702
v -0.754973 -0.134377 -0.025556
v -0.767611 -0.137950 -0.026933
v -0.750900 -0.157732 -0.027945
v -0.761563 -0.160582 -0.029299
v -0.770030 -0.163806 -0.030783
v -0.776353 -0.165991 -0.032050
v -0.756423 -0.184510 -0.031437
v -0.764428 -0.186078 -0.032542
v -0.770631 -0.187141 -0.033670
v -0.776183 -0.188171 -0.034941
v -0.782081 -0.168076 -0.033381
v -0.758937 -0.212689 -0.034611
v -0.765070 -0.214248 -0.036221
v -0.770902 -0.215719 -0.037965
v -0.776972 -0.217223 -0.039994
v -0.758819 -0.243368 -0.039558
v -0.764697 -0.245356 -0.041275
v -0.770653 -0.247482 -0.043380
v -0.771503 -0.247936 -0.047055
v -0.779772 -0.217461 -0.043870
v -0.756168 -0.272060 -0.043431
v -0.762002 -0.274124 -0.045551
v -0.762691 -0.274471 -0.049334
v -0.753587 -0.298923 -0.047585
v -0.755102 -0.299380 -0.050828
v -0.749454 -0.298421 -0.051860
v -0.756673 -0.273153 -0.050032
v -0.765412 -0.246639 -0.047519
v -0.750193 -0.271759 -0.050261
v -0.758642 -0.245441 -0.047710
v -0.743494 -0.270717 -0.050350
v -0.743152 -0.297241 -0.052257
v -0.736883 -0.296177 -0.052556
v -0.729607 -0.295557 -0.052728
v -0.731187 -0.322311 -0.055148
v -0.724180 -0.321458 -0.055403
v -0.715997 -0.320373 -0.055267
v -0.718620 -0.345888 -0.057529
v -0.711146 -0.345286 -0.057460
v -0.701311 -0.345069 -0.058058
v -0.707387 -0.367688 -0.059903
v -0.697708 -0.369036 -0.059519
v -0.685134 -0.370952 -0.060505
v -0.696420 -0.390873 -0.062093
v -0.684176 -0.394425 -0.061726
v -0.667290 -0.399456 -0.061993
v -0.684612 -0.416217 -0.064332
v -0.668659 -0.422313 -0.064691
v -0.650081 -0.428530 -0.064552
v -0.671258 -0.441213 -0.066126
v -0.651237 -0.446527 -0.066331
v -0.626407 -0.448352 -0.065901
v -0.651670 -0.458592 -0.066943
v -0.625041 -0.458764 -0.066194
v -0.599969 -0.454990 -0.065186
v -0.623220 -0.466940 -0.066276
v -0.598256 -0.462923 -0.065218
v -0.572800 -0.453678 -0.063451
v -0.596609 -0.470680 -0.065233
v -0.621454 -0.473718 -0.066722
v -0.595048 -0.477586 -0.065124
v -0.617915 -0.478765 -0.066963
v -0.606173 -0.486830 -0.066291
v -0.648447 -0.487083 -0.068619
v -0.647547 -0.493273 -0.068039
v -0.650560 -0.480435 -0.068200
v -0.679098 -0.478916 -0.068741
v -0.680572 -0.484908 -0.069314
v -0.651008 -0.474524 -0.067512
v -0.677480 -0.472413 -0.068117
v -0.693436 -0.463331 -0.067868
v -0.695380 -0.469948 -0.068699
v -0.651745 -0.467618 -0.067155
v -0.675558 -0.464067 -0.067575
v -0.691204 -0.455652 -0.067054
v -0.701795 -0.448659 -0.066804
v -0.703103 -0.455730 -0.067370
v -0.673665 -0.454442 -0.066958
v -0.688771 -0.446343 -0.066130
v -0.700126 -0.439847 -0.066077
v -0.686492 -0.433552 -0.065168
v -0.698917 -0.427696 -0.064784
v -0.709981 -0.423182 -0.064135
v -0.697507 -0.410980 -0.063093
v -0.707551 -0.406375 -0.062751
v -0.705910 -0.387634 -0.060950
v -0.714474 -0.384580 -0.060860
v -0.721172 -0.382239 -0.060025
v -0.714997 -0.366815 -0.058872
v -0.721141 -0.366658 -0.058804
v -0.727196 -0.366776 -0.058478
v -0.724839 -0.346547 -0.057000
v -0.730903 -0.347530 -0.056719
v -0.737126 -0.348573 -0.056335
v -0.732849 -0.367663 -0.057887
v -0.737477 -0.323412 -0.054721
v -0.743762 -0.324600 -0.054295
v -0.749293 -0.325660 -0.053127
v -0.742335 -0.350203 -0.054536
v -0.738811 -0.351027 -0.052073
v -0.746605 -0.325021 -0.049881
v -0.747416 -0.297290 -0.045666
v -0.740075 -0.322895 -0.048048
v -0.732056 -0.347326 -0.050259
v -0.733920 -0.321104 -0.046885
v -0.725764 -0.345157 -0.049315
v -0.719707 -0.368516 -0.051665
v -0.719252 -0.343479 -0.048963
v -0.712681 -0.367107 -0.051126
v -0.707043 -0.391046 -0.053340
v -0.714958 -0.392742 -0.054456
v -0.701588 -0.411809 -0.055936
v -0.710045 -0.413002 -0.056982
v -0.699466 -0.427639 -0.058051
v -0.691578 -0.410552 -0.055074
v -0.688370 -0.427995 -0.057535
v -0.687146 -0.440863 -0.058594
v -0.698738 -0.439432 -0.059462
v -0.674483 -0.428366 -0.056806
v -0.673024 -0.443448 -0.058778
v -0.672717 -0.454833 -0.059742
v -0.653847 -0.445150 -0.059016
v -0.652717 -0.456612 -0.059458
v -0.651822 -0.464913 -0.061156
v -0.673873 -0.464169 -0.061496
v -0.650950 -0.472286 -0.062304
v -0.675517 -0.472151 -0.062787
v -0.650532 -0.477759 -0.062832
v -0.677625 -0.478327 -0.063577
v -0.695068 -0.471589 -0.063389
v -0.707676 -0.461652 -0.063388
v -0.679480 -0.483980 -0.064322
v -0.649977 -0.482975 -0.063288
v -0.649248 -0.488348 -0.064334
v -0.619986 -0.478627 -0.062348
v -0.648323 -0.493760 -0.066057
v -0.622229 -0.474009 -0.061850
v -0.599486 -0.469028 -0.061091
v -0.597446 -0.473732 -0.061557
v -0.577236 -0.459051 -0.058763
v -0.574767 -0.463964 -0.059936
v -0.555083 -0.451800 -0.057737
v -0.579209 -0.454688 -0.058248
v -0.557564 -0.446708 -0.057271
v -0.536606 -0.439891 -0.055107
v -0.559690 -0.441033 -0.056090
v -0.538950 -0.434101 -0.054518
v -0.518092 -0.427688 -0.053652
v -0.516098 -0.433572 -0.054156
v -0.497045 -0.422589 -0.052280
v -0.520568 -0.420563 -0.052269
v -0.499135 -0.415243 -0.051417
v -0.476954 -0.409228 -0.050613
v -0.502449 -0.406592 -0.050323
v -0.480514 -0.401188 -0.048719
v -0.458005 -0.394961 -0.047847
v -0.486260 -0.389203 -0.048100
v -0.464293 -0.383644 -0.046311
v -0.442551 -0.378218 -0.045053
v -0.475268 -0.364920 -0.044248
v -0.454310 -0.359477 -0.042936
v -0.433653 -0.354712 -0.042889
v -0.468718 -0.337411 -0.041090
v -0.448576 -0.332508 -0.040049
v -0.428957 -0.327930 -0.038766
v -0.464366 -0.309782 -0.037160
v -0.444649 -0.305308 -0.036848
v -0.424858 -0.301346 -0.036552
v -0.409828 -0.323853 -0.038385
v -0.405157 -0.298006 -0.035174
v -0.390606 -0.320402 -0.037817
v -0.385323 -0.294721 -0.034433
v -0.421634 -0.274209 -0.032605
v -0.401355 -0.270931 -0.032817
v -0.380583 -0.266960 -0.031873
v -0.407793 -0.247127 -0.029873
v -0.387263 -0.243616 -0.029001
v -0.366862 -0.239665 -0.027484
v -0.360679 -0.261938 -0.029656
v -0.346238 -0.233894 -0.026691
v -0.339831 -0.255396 -0.029345
v -0.325813 -0.226919 -0.026097
v -0.345301 -0.208733 -0.023265
v -0.325344 -0.201603 -0.022931
v -0.305029 -0.194006 -0.023180
v -0.324799 -0.177557 -0.020625
v -0.304658 -0.170340 -0.020540
v -0.284232 -0.163092 -0.020149
v -0.305425 -0.149848 -0.018712
v -0.285083 -0.144790 -0.018470
v -0.264515 -0.140848 -0.018824
v -0.286133 -0.132772 -0.016791
v -0.265490 -0.130058 -0.017145
v -0.245071 -0.127399 -0.017510
v -0.266538 -0.120746 -0.016354
v -0.246057 -0.118551 -0.016874
v -0.225760 -0.116226 -0.017368
v -0.246901 -0.110498 -0.015176
v -0.226535 -0.108555 -0.015772
v -0.206157 -0.106528 -0.016450
v -0.226784 -0.104631 -0.010033
v -0.206362 -0.102879 -0.010835
v -0.186134 -0.100546 -0.011381
v -0.185854 -0.104605 -0.016529
v -0.165596 -0.098876 -0.011787
v -0.165319 -0.102583 -0.016568
v -0.144848 -0.096507 -0.012608
v -0.165542 -0.097785 -0.004698
v -0.144743 -0.095666 -0.005963
v -0.123927 -0.093314 -0.007718
v -0.144658 -0.094864 0.001100
v -0.123934 -0.092553 -0.000762
v -0.103303 -0.090809 -0.002783
v -0.103347 -0.091294 -0.009628
v -0.082368 -0.088549 -0.004517
v -0.082361 -0.089913 -0.010990
v -0.060607 -0.086622 -0.005508
v -0.060697 -0.087422 -0.011555
v -0.039293 -0.084223 -0.005701
v -0.060591 -0.085594 0.000457
v -0.039480 -0.083415 -0.000782
v -0.022766 -0.081472 -0.002688
v -0.022003 -0.081704 -0.005913
v -0.014803 -0.079448 -0.007203
v -0.019859 -0.077401 -0.006548
v -0.036611 -0.078401 -0.005802
v -0.022151 -0.076409 -0.002864
v -0.038532 -0.077843 -0.001787
v -0.059482 -0.080253 -0.002123
v -0.058082 -0.080780 -0.006752
v -0.023754 -0.075604 0.000842
v -0.040160 -0.077114 0.002557
v -0.060796 -0.079601 0.002637
v -0.081858 -0.081986 0.002604
v -0.080915 -0.082709 -0.002531
v -0.041598 -0.076530 0.007183
v -0.061981 -0.078601 0.007590
v -0.082799 -0.080948 0.007951
v -0.103552 -0.083026 0.008791
v -0.102665 -0.083858 0.003073
v -0.063096 -0.077374 0.012883
v -0.083809 -0.079350 0.013589
v -0.104564 -0.080914 0.014662
v -0.124643 -0.082482 0.016359
v -0.123633 -0.084560 0.009870
v -0.084984 -0.076355 0.019334
v -0.105722 -0.077847 0.020985
v -0.125962 -0.078399 0.022872
v -0.145301 -0.078668 0.024779
v -0.144000 -0.083608 0.017874
v -0.107304 -0.071877 0.027422
v -0.127815 -0.071685 0.029594
v -0.146811 -0.071054 0.031668
v -0.165103 -0.071361 0.033290
v -0.163880 -0.079047 0.026424
v -0.130105 -0.061602 0.035885
v -0.148815 -0.060912 0.037290
v -0.166633 -0.062221 0.038631
v -0.185270 -0.064077 0.038904
v -0.183887 -0.072977 0.033913
v -0.151679 -0.049403 0.039344
v -0.168839 -0.052294 0.040226
v -0.186777 -0.054678 0.041055
v -0.205592 -0.056813 0.041421
v -0.204700 -0.066939 0.039153
v -0.171333 -0.043311 0.039273
v -0.188251 -0.045554 0.040878
v -0.205865 -0.046955 0.041825
v -0.223737 -0.046794 0.042279
v -0.223947 -0.058743 0.041945
v -0.189907 -0.043621 0.034450
v -0.206605 -0.041228 0.037220
v -0.223656 -0.034512 0.040297
v -0.245016 -0.034658 0.040323
v -0.243706 -0.047915 0.042940
v -0.209474 -0.048921 0.031352
v -0.226928 -0.046818 0.033212
v -0.247514 -0.048330 0.033196
v -0.269914 -0.050426 0.032911
v -0.268112 -0.035452 0.040146
v -0.230648 -0.058380 0.026194
v -0.250450 -0.061378 0.024662
v -0.271569 -0.064008 0.023355
v -0.292858 -0.065044 0.023831
v -0.291984 -0.051472 0.033470
v -0.252442 -0.069407 0.015877
v -0.273025 -0.070934 0.015215
v -0.294013 -0.071935 0.015714
v -0.313488 -0.072028 0.017263
v -0.312744 -0.064484 0.025767
v -0.274108 -0.074962 0.009808
v -0.294905 -0.075618 0.010696
v -0.313963 -0.075758 0.012416
v -0.327807 -0.075369 0.014432
v -0.327712 -0.071360 0.019602
v -0.295744 -0.079279 0.005709
v -0.314555 -0.079342 0.007503
v -0.328138 -0.079025 0.009284
v -0.338243 -0.078531 0.010941
v -0.338450 -0.074490 0.016485
v -0.315200 -0.083056 0.002666
v -0.328287 -0.082800 0.004162
v -0.338252 -0.082481 0.005452
v -0.346643 -0.082176 0.006633
v -0.346627 -0.078095 0.012424
v -0.328635 -0.086767 -0.000673
v -0.338160 -0.086573 0.000411
v -0.346455 -0.086372 0.001262
v -0.353908 -0.086530 0.002528
v -0.354142 -0.082355 0.008113
v -0.338237 -0.091018 -0.004129
v -0.346255 -0.090833 -0.003419
v -0.353358 -0.090881 -0.002589
v -0.359566 -0.091796 -0.000967
v -0.360350 -0.087938 0.004636
v -0.346051 -0.095783 -0.007393
v -0.352736 -0.095645 -0.007001
v -0.345843 -0.100669 -0.009826
v -0.352310 -0.100644 -0.009602
v -0.345773 -0.103374 -0.004771
v -0.352256 -0.103573 -0.004947
v -0.346033 -0.103684 0.001960
v -0.352636 -0.103948 0.001364
v -0.346440 -0.103232 0.008761
v -0.353128 -0.103480 0.008163
v -0.359374 -0.103091 0.007233
v -0.363860 -0.100393 0.005420
v -0.353530 -0.101495 0.015784
v -0.359941 -0.101228 0.014745
v -0.364406 -0.098009 0.012237
v -0.364295 -0.092323 0.008488
v -0.363580 -0.095254 0.002290
v -0.360351 -0.096770 0.022538
v -0.364933 -0.093958 0.019711
v -0.364740 -0.088654 0.015083
v -0.361011 -0.083994 0.010629
v -0.364729 -0.087579 0.027778
v -0.364699 -0.083259 0.022187
v -0.361161 -0.079316 0.017094
v -0.354702 -0.072583 0.020744
v -0.354335 -0.077803 0.014049
v -0.346962 -0.073423 0.018392
v -0.355381 -0.065614 0.027675
v -0.347428 -0.067556 0.025128
v -0.338497 -0.069487 0.022517
v -0.338465 -0.061833 0.029888
v -0.327500 -0.063348 0.028105
v -0.336512 -0.050643 0.035866
v -0.326759 -0.051197 0.035370
v -0.312157 -0.051597 0.034512
v -0.324903 -0.036845 0.042087
v -0.310714 -0.037110 0.041448
v -0.290386 -0.036623 0.040628
v -0.308183 -0.052471 0.044725
v -0.287773 -0.051650 0.044578
v -0.265607 -0.050086 0.044005
v -0.285591 -0.066742 0.042908
v -0.263623 -0.064766 0.042549
v -0.242558 -0.061847 0.042271
v -0.262100 -0.077471 0.036666
v -0.241383 -0.074094 0.037280
v -0.222851 -0.070256 0.038408
v -0.240460 -0.083480 0.030132
v -0.221639 -0.079585 0.031730
v -0.203363 -0.075792 0.033287
v -0.220682 -0.086636 0.024582
v -0.202105 -0.083297 0.026308
v -0.182776 -0.080514 0.027071
v -0.201045 -0.088755 0.018986
v -0.181797 -0.086370 0.019750
v -0.162818 -0.084884 0.019458
v -0.180912 -0.090302 0.012544
v -0.161993 -0.087894 0.012185
v -0.143017 -0.086689 0.011212
v -0.161256 -0.090157 0.005390
v -0.142348 -0.087695 0.004692
v -0.122818 -0.085911 0.003857
v -0.141723 -0.088727 -0.001494
v -0.122107 -0.086817 -0.001975
v -0.101793 -0.084952 -0.002407
v -0.121457 -0.087384 -0.007679
v -0.100996 -0.085531 -0.007810
v -0.080006 -0.082970 -0.007610
v -0.100234 -0.085361 -0.013521
v -0.079158 -0.082684 -0.012584
v -0.056411 -0.080917 -0.011236
v -0.078184 -0.080945 -0.017141
v -0.053868 -0.079903 -0.014490
v -0.077950 -0.077327 -0.013972
v -0.054821 -0.075821 -0.013385
v -0.077506 -0.073786 -0.010142
v -0.055079 -0.072143 -0.009703
v -0.033118 -0.071131 -0.010356
v -0.055009 -0.068912 -0.005974
v -0.033576 -0.068229 -0.006889
v -0.015395 -0.069746 -0.010010
v -0.033823 -0.065055 -0.002873
v -0.016073 -0.066348 -0.006254
v -0.001508 -0.069525 -0.010694
v -0.004797 -0.073886 -0.011932
v 0.009944 -0.071984 -0.012764
v -0.003408 -0.065669 -0.006191
v 0.009139 -0.071369 -0.013084
v 0.023427 -0.068551 -0.012477
v 0.022777 -0.071949 -0.010475
v 0.023170 -0.073269 -0.009647
v 0.022630 -0.071203 -0.003353
v 0.023551 -0.070023 0.003106
v 0.010238 -0.070319 0.006111
v 0.009410 -0.072947 -0.003687
v -0.002054 -0.070860 0.009232
v -0.002529 -0.072657 0.002778
v -0.013422 -0.072869 0.006890
v -0.013195 -0.074063 0.002322
v -0.002731 -0.073838 -0.001136
v 0.009458 -0.073238 -0.004275
v -0.013590 -0.071289 0.012213
v -0.026819 -0.072230 0.015124
v -0.025938 -0.073770 0.009859
v -0.001439 -0.068430 0.015877
v -0.013728 -0.068795 0.018277
v -0.027908 -0.068977 0.020390
v -0.045445 -0.069761 0.022496
v -0.044113 -0.073100 0.016949
v -0.014450 -0.063753 0.024535
v -0.029234 -0.063583 0.026226
v -0.047012 -0.063938 0.028541
v -0.067350 -0.063757 0.030147
v -0.065619 -0.070751 0.024092
v -0.031021 -0.054870 0.031390
v -0.049081 -0.054430 0.033195
v -0.069067 -0.053296 0.034558
v -0.090200 -0.052082 0.035705
v -0.088143 -0.063381 0.031592
v -0.050394 -0.042047 0.034896
v -0.070694 -0.040507 0.035181
v -0.092209 -0.039845 0.035395
v -0.114012 -0.038484 0.036372
v -0.111808 -0.050770 0.037730
v -0.073435 -0.052146 0.021049
v -0.095109 -0.051227 0.023124
v -0.116397 -0.049855 0.026070
v -0.137857 -0.047689 0.029161
v -0.136075 -0.036995 0.036476
v -0.096423 -0.058285 0.013413
v -0.117532 -0.057568 0.016626
v -0.138374 -0.056165 0.021239
v -0.156836 -0.053849 0.025142
v -0.155785 -0.045401 0.031125
v -0.118287 -0.062585 0.009463
v -0.138679 -0.061608 0.013660
v -0.157523 -0.060282 0.018340
v -0.175931 -0.059137 0.021731
v -0.174305 -0.052005 0.027654
v -0.138981 -0.065857 0.007431
v -0.158045 -0.065143 0.011456
v -0.176737 -0.064904 0.014884
v -0.195731 -0.064692 0.017136
v -0.194167 -0.058275 0.023951
v -0.158431 -0.069331 0.005075
v -0.177432 -0.069461 0.007959
v -0.196717 -0.069936 0.009938
v -0.215864 -0.070787 0.010739
v -0.214658 -0.065124 0.018164
v -0.177902 -0.073635 0.001636
v -0.197276 -0.074463 0.003136
v -0.216534 -0.075427 0.003869
v -0.235275 -0.076905 0.004104
v -0.234331 -0.072566 0.010327
v -0.197577 -0.078774 -0.002983
v -0.216971 -0.079805 -0.002300
v -0.236047 -0.080920 -0.001895
v -0.255632 -0.082046 -0.001466
v -0.254703 -0.078092 0.004101
v -0.217291 -0.084341 -0.007818
v -0.236650 -0.085280 -0.007296
v -0.256471 -0.086203 -0.006635
v -0.276996 -0.086878 -0.005312
v -0.276054 -0.082811 -0.000540
v -0.237101 -0.089948 -0.012090
v -0.257224 -0.090677 -0.011313
v -0.277880 -0.091274 -0.009705
v -0.298216 -0.091288 -0.008046
v -0.297408 -0.087040 -0.003688
v -0.257861 -0.095353 -0.014673
v -0.278700 -0.095736 -0.013304
v -0.298983 -0.095916 -0.011657
v -0.316866 -0.096381 -0.010017
v -0.316444 -0.091258 -0.006422
v -0.279067 -0.100138 -0.010898
v -0.299353 -0.100307 -0.009746
v -0.317124 -0.100891 -0.009326
v -0.329524 -0.101051 -0.009249
v -0.329389 -0.096246 -0.009097
v -0.299630 -0.102291 -0.003758
v -0.317261 -0.102478 -0.003455
v -0.329493 -0.102760 -0.003573
v -0.338298 -0.103087 -0.003920
v -0.338292 -0.101444 -0.009222
v -0.317492 -0.102669 0.002967
v -0.329528 -0.103118 0.002888
v -0.338423 -0.103440 0.002547
v -0.329743 -0.102311 0.009556
v -0.338792 -0.102673 0.009283
v -0.330208 -0.100151 0.016286
v -0.339460 -0.100585 0.016302
v -0.347066 -0.101150 0.016205
v -0.340338 -0.096440 0.023366
v -0.347510 -0.096713 0.023668
v -0.353945 -0.097027 0.023434
v -0.347971 -0.089907 0.031338
v -0.354171 -0.090191 0.031544
v -0.360501 -0.090129 0.031039
v -0.354397 -0.079505 0.039774
v -0.348368 -0.079757 0.039360
v -0.348485 -0.066586 0.044844
v -0.354191 -0.064991 0.045493
v -0.347085 -0.052465 0.046055
v -0.342202 -0.067008 0.044496
v -0.341413 -0.052903 0.045630
v -0.339866 -0.036358 0.043229
v -0.333808 -0.053072 0.045321
v -0.333316 -0.037505 0.043081
v -0.323543 -0.052817 0.044924
v -0.333421 -0.067638 0.043891
v -0.322438 -0.068059 0.043786
v -0.306451 -0.067839 0.043366
v -0.321191 -0.080825 0.037376
v -0.304704 -0.080723 0.036750
v -0.283681 -0.079717 0.036542
v -0.303190 -0.089762 0.029237
v -0.282250 -0.088704 0.029012
v -0.260955 -0.086523 0.029160
v -0.281178 -0.093831 0.021866
v -0.260115 -0.092104 0.022087
v -0.239750 -0.089690 0.022943
v -0.259489 -0.095563 0.015204
v -0.239224 -0.093922 0.016072
v -0.219974 -0.091224 0.017340
v -0.238901 -0.096089 0.008991
v -0.219448 -0.094176 0.010259
v -0.200197 -0.091978 0.011613
v -0.218951 -0.095915 0.003356
v -0.199503 -0.093920 0.004481
v -0.180215 -0.091677 0.005311
v -0.198887 -0.094996 -0.002495
v -0.179548 -0.092744 -0.001600
v -0.160719 -0.090822 -0.001223
v -0.178956 -0.093308 -0.008261
v -0.160190 -0.091227 -0.007659
v -0.141152 -0.089652 -0.007536
v -0.159838 -0.090107 -0.013734
v -0.140712 -0.089456 -0.013694
v -0.120913 -0.087197 -0.013633
v -0.140398 -0.086480 -0.015222
v -0.120508 -0.085105 -0.016108
v -0.099760 -0.083062 -0.016512
v -0.120205 -0.080898 -0.013150
v -0.099500 -0.079215 -0.013963
v -0.119908 -0.076850 -0.009321
v -0.099165 -0.075501 -0.010225
v -0.119587 -0.073147 -0.005229
v -0.098765 -0.072090 -0.006230
v -0.077097 -0.070508 -0.006258
v -0.098342 -0.068833 -0.002083
v -0.076759 -0.067319 -0.002233
v -0.054833 -0.065742 -0.001910
v -0.076361 -0.064143 0.002011
v -0.054770 -0.062704 0.002413
v -0.034004 -0.061864 0.001716
v -0.054415 -0.059674 0.007238
v -0.034025 -0.058947 0.006979
v -0.017214 -0.058898 0.004349
v -0.016852 -0.062619 -0.001377
v -0.003625 -0.060274 0.001178
v -0.017200 -0.055424 0.011573
v -0.003226 -0.055722 0.009192
v 0.009687 -0.056137 0.007068
v 0.009014 -0.062005 -0.002547
v 0.024378 -0.056045 0.006006
v 0.023813 -0.061628 -0.003505
v 0.041880 -0.055194 0.005941
v 0.042093 -0.060615 -0.003388
v 0.043608 -0.068687 -0.011775
v 0.060507 -0.059197 -0.002716
v 0.061050 -0.064676 -0.010807
v 0.061088 -0.065800 -0.003944
v 0.042916 -0.068812 -0.005823
v 0.074643 -0.064772 -0.009916
v 0.074289 -0.064483 -0.002939
v 0.074190 -0.063200 0.003563
v 0.061054 -0.064673 0.003303
v 0.040206 -0.067655 0.001941
v 0.074381 -0.061397 0.010248
v 0.061168 -0.062700 0.010587
v 0.042830 -0.064598 0.010908
v 0.025254 -0.066415 0.011890
v 0.061132 -0.059413 0.017506
v 0.043136 -0.061106 0.018484
v 0.026073 -0.062485 0.019830
v 0.011664 -0.063317 0.021384
v 0.011082 -0.067674 0.013618
v 0.042896 -0.054944 0.024887
v 0.026222 -0.055462 0.026473
v 0.011709 -0.055675 0.027674
v -0.002197 -0.055539 0.028816
v -0.001421 -0.063647 0.022941
v 0.026126 -0.046071 0.029775
v 0.011566 -0.045920 0.030909
v -0.002114 -0.045220 0.031694
v -0.016236 -0.044143 0.032915
v -0.015858 -0.055135 0.029875
v 0.010422 -0.051028 0.017499
v -0.002725 -0.051040 0.018713
v -0.016881 -0.050877 0.020009
v -0.033309 -0.051057 0.020566
v -0.032261 -0.043448 0.033172
v -0.033829 -0.055536 0.013069
v -0.053872 -0.056468 0.012663
v -0.052900 -0.052137 0.020098
v -0.075112 -0.057983 0.012244
v -0.075836 -0.061217 0.006636
v -0.097245 -0.062502 0.006916
v -0.097850 -0.065701 0.002290
v -0.118808 -0.066252 0.004035
v -0.119232 -0.069677 -0.000815
v -0.139278 -0.069772 0.001892
v -0.139580 -0.073374 -0.003206
v -0.158737 -0.073317 -0.000595
v -0.139863 -0.077215 -0.007839
v -0.159005 -0.077333 -0.005791
v -0.178220 -0.077638 -0.004167
v -0.159287 -0.081597 -0.010531
v -0.178390 -0.082023 -0.009416
v -0.197741 -0.083273 -0.008562
v -0.178450 -0.087081 -0.013929
v -0.197858 -0.088287 -0.013587
v -0.217532 -0.089172 -0.012838
v -0.197954 -0.093286 -0.014624
v -0.217762 -0.094512 -0.014998
v -0.237448 -0.094675 -0.015165
v -0.218056 -0.097521 -0.010014
v -0.237762 -0.098178 -0.011216
v -0.258180 -0.098706 -0.011263
v -0.238143 -0.098698 -0.004322
v -0.258431 -0.099575 -0.004696
v -0.279250 -0.101363 -0.004414
v -0.258720 -0.099206 0.001827
v -0.279504 -0.100751 0.002104
v -0.300025 -0.102193 0.002703
v -0.279834 -0.099509 0.008570
v -0.300568 -0.100876 0.009181
v -0.317817 -0.101747 0.009517
v -0.301253 -0.098578 0.015628
v -0.318262 -0.099554 0.016100
v -0.302091 -0.095178 0.022220
v -0.318890 -0.095802 0.022759
v -0.330883 -0.096174 0.023089
v -0.319870 -0.090061 0.029741
v -0.331675 -0.089884 0.030268
v -0.341327 -0.089840 0.030806
v -0.332620 -0.080429 0.038093
v -0.342192 -0.079785 0.038810
v -0.280356 -0.097284 0.015118
v -0.259028 -0.097992 0.008443
v -0.238496 -0.098213 0.002378
v -0.218435 -0.097163 -0.003424
v -0.198313 -0.095259 -0.009176
v -0.178513 -0.092086 -0.014275
v -0.159617 -0.086232 -0.014717
v -0.140142 -0.081514 -0.012001
v 0.025244 -0.050794 0.016718
v 0.043146 -0.046578 0.028787
v 0.042414 -0.050214 0.016500
v 0.060803 -0.047430 0.028019
v 0.060346 -0.050036 0.016415
v 0.060196 -0.054273 0.006283
v 0.073897 -0.049848 0.015954
v 0.073503 -0.053761 0.006411
v 0.073638 -0.058536 -0.002506
v 0.083580 -0.053245 0.006666
v 0.083488 -0.058087 -0.002214
v 0.084603 -0.063211 -0.007825
v 0.091626 -0.056620 -0.000667
v 0.091630 -0.060474 -0.007220
v 0.091796 -0.061767 -0.002069
v 0.084134 -0.063047 -0.002328
v 0.091874 -0.060976 0.003689
v 0.084039 -0.061977 0.003638
v 0.092002 -0.059134 0.009409
v 0.084168 -0.060123 0.009804
v 0.092289 -0.056360 0.014811
v 0.084304 -0.057498 0.015933
v 0.074498 -0.058628 0.016872
v 0.084611 -0.053295 0.021447
v 0.074488 -0.053869 0.022758
v 0.060855 -0.054342 0.023663
v 0.074753 -0.047598 0.026622
v 0.085040 -0.047859 0.025141
v 0.084152 -0.049501 0.015504
v 0.092852 -0.052266 0.020109
v 0.098910 -0.055509 0.013906
v 0.098641 -0.058285 0.009016
v 0.098357 -0.060217 0.003686
v 0.097939 -0.061040 -0.002554
v 0.097874 -0.060409 -0.007452
v 0.098536 -0.056241 -0.000584
v -0.338276 -0.096283 -0.007978
v -0.329044 -0.091067 -0.005222
v -0.315893 -0.086918 -0.002060
v -0.296579 -0.083075 0.000972
v -0.275087 -0.078936 0.004501
v -0.253682 -0.073900 0.009866
v -0.233040 -0.067146 0.017281
v -0.212309 -0.057746 0.025642
v -0.192005 -0.050643 0.029563
v -0.172836 -0.044597 0.032947
v -0.155265 -0.036355 0.036467
v -0.133233 -0.049309 0.038392
v -0.109371 -0.063022 0.033979
v -0.086366 -0.071640 0.025514
v -0.064255 -0.074950 0.018325
v -0.042902 -0.075192 0.011945
v -0.025020 -0.074736 0.005143
v 0.009636 -0.074310 -0.006438
v 0.009773 -0.075135 -0.008104
v -0.039428 -0.082679 0.004310
v -0.022220 -0.081127 -0.000440
v -0.039856 -0.081028 0.012255
v -0.021479 -0.080088 0.005709
v -0.040831 -0.076605 0.021781
v -0.021176 -0.078345 0.012440
v -0.005494 -0.078548 0.002714
v -0.020964 -0.074511 0.021720
v -0.003784 -0.077372 0.008332
v 0.010061 -0.077975 -0.004179
v 0.010054 -0.077758 -0.005271
v -0.002786 -0.074125 0.017489
v 0.010064 -0.078063 -0.003738
v -0.001467 -0.066659 0.029002
v -0.023905 -0.054970 0.037955
v -0.023821 -0.043763 0.040037
v -0.003489 -0.053020 0.037411
v -0.022268 -0.066328 0.031402
v -0.044191 -0.057225 0.038783
v -0.044086 -0.047198 0.041164
v -0.042469 -0.068241 0.031907
v -0.063974 -0.061647 0.038547
v -0.064887 -0.050202 0.042046
v -0.062451 -0.073297 0.029697
v -0.084046 -0.069305 0.035167
v -0.085049 -0.056472 0.041538
v -0.061346 -0.081156 0.018565
v -0.082883 -0.080038 0.024158
v -0.104045 -0.078682 0.029017
v -0.105103 -0.065587 0.039118
v -0.060632 -0.084214 0.007678
v -0.082347 -0.085936 0.011793
v -0.103418 -0.086975 0.016338
v -0.124388 -0.087144 0.020685
v -0.125091 -0.076766 0.033224
v -0.082367 -0.087452 0.002010
v -0.103300 -0.089846 0.004455
v -0.123993 -0.091512 0.007815
v -0.144702 -0.093296 0.010972
v -0.145238 -0.086830 0.024426
v -0.165865 -0.086599 0.027913
v -0.166440 -0.072905 0.039647
v -0.145829 -0.074667 0.036704
v -0.165487 -0.094265 0.013685
v -0.185940 -0.095527 0.016396
v -0.186461 -0.086115 0.030762
v -0.165447 -0.096739 0.002539
v -0.185880 -0.098998 0.003980
v -0.206167 -0.100501 0.005456
v -0.206382 -0.096395 0.018715
v -0.186029 -0.099763 -0.003795
v -0.206256 -0.101783 -0.002956
v -0.226583 -0.103649 -0.001844
v -0.226530 -0.102234 0.007066
v -0.247236 -0.103654 0.008190
v -0.247823 -0.097718 0.022624
v -0.226959 -0.097261 0.021023
v -0.247151 -0.105210 -0.000689
v -0.268081 -0.107236 -0.000009
v -0.268323 -0.105232 0.009082
v -0.247200 -0.106528 -0.009075
v -0.267949 -0.107994 -0.008345
v -0.288830 -0.108799 -0.008046
v -0.289321 -0.108068 0.000296
v -0.267483 -0.112205 -0.014737
v -0.288184 -0.114090 -0.014489
v -0.308760 -0.116046 -0.013986
v -0.309826 -0.109351 -0.008045
v -0.287188 -0.123067 -0.015917
v -0.307660 -0.125472 -0.015577
v -0.327765 -0.127612 -0.015136
v -0.329169 -0.117281 -0.013910
v -0.306550 -0.135839 -0.016700
v -0.326458 -0.139236 -0.016308
v -0.344893 -0.143628 -0.015718
v -0.345870 -0.130226 -0.014491
v -0.325264 -0.155694 -0.018376
v -0.344332 -0.161949 -0.018368
v -0.363304 -0.167745 -0.019782
v -0.362899 -0.148482 -0.017140
v -0.344526 -0.184403 -0.021372
v -0.364229 -0.190477 -0.021810
v -0.383976 -0.195392 -0.022309
v -0.382433 -0.173024 -0.020894
v -0.365655 -0.214401 -0.025390
v -0.385791 -0.219304 -0.025796
v -0.406700 -0.222993 -0.025941
v -0.404434 -0.199032 -0.024353
v -0.425205 -0.202625 -0.024832
v -0.423199 -0.180353 -0.021864
v -0.402744 -0.177032 -0.020795
v -0.427803 -0.226349 -0.027584
v -0.449255 -0.229418 -0.028877
v -0.446559 -0.205539 -0.024798
v -0.429345 -0.250464 -0.030023
v -0.450658 -0.254160 -0.030857
v -0.471138 -0.257881 -0.032017
v -0.470467 -0.232072 -0.029115
v -0.441548 -0.278051 -0.033334
v -0.461310 -0.282161 -0.034540
v -0.480758 -0.286041 -0.035224
v -0.491045 -0.260950 -0.032838
v -0.511894 -0.263937 -0.032898
v -0.511683 -0.237357 -0.030331
v -0.490991 -0.234775 -0.029120
v -0.500828 -0.290341 -0.035495
v -0.520076 -0.294568 -0.037361
v -0.530804 -0.267608 -0.034137
v -0.484197 -0.314310 -0.039036
v -0.504253 -0.319133 -0.039627
v -0.524026 -0.324025 -0.040250
v -0.539020 -0.298960 -0.037782
v -0.489328 -0.342514 -0.041618
v -0.509916 -0.347509 -0.043243
v -0.530395 -0.352753 -0.044423
v -0.543724 -0.329040 -0.042396
v -0.496581 -0.370030 -0.045942
v -0.517962 -0.375251 -0.046414
v -0.539266 -0.380449 -0.047031
v -0.551064 -0.358286 -0.044644
v -0.507912 -0.394342 -0.048728
v -0.529636 -0.399515 -0.049678
v -0.551422 -0.405325 -0.051308
v -0.560825 -0.385827 -0.049174
v -0.524058 -0.412003 -0.051503
v -0.545424 -0.418703 -0.052258
v -0.566693 -0.425713 -0.054593
v -0.572877 -0.411549 -0.052387
v -0.541769 -0.427085 -0.053915
v -0.563119 -0.434242 -0.054906
v -0.584489 -0.441732 -0.056495
v -0.588328 -0.432355 -0.055461
v -0.581333 -0.448787 -0.057717
v -0.603048 -0.457388 -0.058912
v -0.605904 -0.449065 -0.058619
v -0.600826 -0.463767 -0.060052
v -0.624451 -0.468582 -0.061326
v -0.625869 -0.462265 -0.060169
v -0.628030 -0.454232 -0.058856
v -0.631084 -0.443510 -0.058244
v -0.609505 -0.438909 -0.056446
v -0.636046 -0.425802 -0.055935
v -0.615270 -0.422247 -0.055055
v -0.594298 -0.417523 -0.053038
v -0.623179 -0.400879 -0.052336
v -0.602937 -0.396694 -0.050731
v -0.581992 -0.391379 -0.049969
v -0.612422 -0.373883 -0.047977
v -0.592120 -0.369019 -0.047622
v -0.571695 -0.363748 -0.046636
v -0.602719 -0.344870 -0.045455
v -0.583082 -0.339788 -0.044111
v -0.563476 -0.334486 -0.042419
v -0.594255 -0.314235 -0.040830
v -0.575546 -0.308816 -0.040309
v -0.557048 -0.303534 -0.039028
v -0.585865 -0.280760 -0.037804
v -0.568518 -0.275432 -0.035627
v -0.549092 -0.271064 -0.035410
v -0.573001 -0.247868 -0.032708
v -0.552608 -0.243573 -0.031975
v -0.532369 -0.240187 -0.031809
v -0.553645 -0.218222 -0.029055
v -0.532247 -0.215023 -0.028180
v -0.510504 -0.212228 -0.028211
v -0.531799 -0.191595 -0.025870
v -0.509663 -0.189189 -0.024674
v -0.487727 -0.186908 -0.024210
v -0.489027 -0.209935 -0.027534
v -0.465834 -0.184966 -0.024008
v -0.467662 -0.208078 -0.025804
v -0.444531 -0.182888 -0.023596
v -0.464004 -0.163121 -0.020442
v -0.442477 -0.161191 -0.019988
v -0.421195 -0.159111 -0.019955
v -0.440638 -0.140761 -0.018535
v -0.419150 -0.139834 -0.017378
v -0.399389 -0.138509 -0.016849
v -0.400928 -0.156503 -0.019513
v -0.380695 -0.136982 -0.016290
v -0.381454 -0.152929 -0.017894
v -0.362955 -0.133489 -0.014507
v -0.380296 -0.123367 -0.014526
v -0.363267 -0.121348 -0.013739
v -0.347114 -0.119055 -0.013484
v -0.348960 -0.110438 -0.007922
v -0.330617 -0.110018 -0.007943
v -0.350070 -0.110168 0.001733
v -0.332362 -0.109701 0.001262
v -0.310912 -0.108634 0.001264
v -0.333959 -0.107612 0.013730
v -0.311996 -0.107147 0.012071
v -0.289806 -0.106318 0.010282
v -0.313223 -0.098975 0.027828
v -0.290438 -0.098753 0.026305
v -0.268839 -0.098430 0.024410
v -0.291483 -0.083949 0.040892
v -0.269803 -0.084554 0.039103
v -0.248679 -0.085118 0.037338
v -0.270595 -0.066973 0.048056
v -0.249483 -0.068043 0.046591
v -0.228734 -0.068829 0.045421
v -0.227809 -0.085490 0.035445
v -0.207961 -0.070273 0.043667
v -0.207066 -0.085906 0.033278
v -0.187106 -0.071613 0.042143
v -0.208606 -0.054828 0.048283
v -0.187796 -0.056237 0.047583
v -0.167138 -0.057585 0.045823
v -0.187922 -0.044722 0.046746
v -0.167209 -0.045992 0.046227
v -0.146493 -0.047762 0.045639
v -0.146477 -0.059872 0.044328
v -0.125948 -0.049880 0.044507
v -0.125775 -0.062471 0.041924
v -0.105657 -0.052443 0.043358
v -0.125489 -0.041634 0.044281
v -0.105315 -0.043877 0.043651
v -0.085145 -0.046350 0.043057
v -0.104706 -0.035947 0.043097
v -0.084765 -0.037922 0.042440
v -0.064526 -0.041439 0.042029
v -0.084464 -0.030571 0.044281
v -0.064076 -0.033882 0.042584
v -0.043377 -0.038151 0.040980
v -0.064104 -0.029082 0.048474
v -0.043173 -0.030699 0.045288
v -0.023055 -0.034509 0.042004
v -0.043248 -0.027378 0.053227
v -0.022732 -0.029337 0.049959
v -0.002623 -0.031488 0.045957
v -0.003293 -0.040838 0.039709
v 0.017409 -0.034590 0.041350
v -0.002056 -0.026459 0.055796
v 0.018418 -0.028679 0.052417
v 0.038926 -0.030584 0.049079
v 0.019364 -0.022010 0.064017
v 0.040260 -0.023520 0.062130
v 0.061593 -0.025014 0.060535
v 0.041475 -0.012956 0.072535
v 0.062841 -0.013663 0.071505
v 0.084059 -0.014344 0.071189
v -0.561309 -0.022962 -0.090818
v -0.540746 -0.022035 -0.090070
v -0.540653 -0.044200 -0.082763
v -0.740972 -0.028936 -0.093515
v -0.722772 -0.028729 -0.093650
v -0.723709 -0.053900 -0.079198
v -0.705093 -0.068730 -0.064508
v -0.705242 -0.076049 -0.053218
v -0.684837 -0.075805 -0.054526
v -0.705282 -0.080424 -0.043819
v -0.684415 -0.080704 -0.045184
v -0.663508 -0.080746 -0.046742
v -0.684395 -0.087020 -0.037124
v -0.663264 -0.088132 -0.040049
v -0.642402 -0.089307 -0.041080
v -0.664374 -0.099611 -0.040577
v -0.643082 -0.101729 -0.042259
v -0.621922 -0.104424 -0.043822
v -0.644191 -0.117555 -0.043642
v -0.622968 -0.121216 -0.044839
v -0.602040 -0.125304 -0.045518
v -0.624622 -0.144406 -0.045723
v -0.603718 -0.148959 -0.046602
v -0.582985 -0.153161 -0.047535
v -0.605878 -0.174448 -0.048745
v -0.585320 -0.178879 -0.049466
v -0.565229 -0.183530 -0.050162
v -0.587784 -0.204972 -0.050791
v -0.567837 -0.209799 -0.051191
v -0.548099 -0.214715 -0.051638
v -0.570091 -0.236153 -0.051818
v -0.550030 -0.241087 -0.052299
v -0.530130 -0.245937 -0.052512
v -0.551288 -0.267248 -0.052602
v -0.530722 -0.271884 -0.052832
v -0.509896 -0.276331 -0.052999
v -0.530635 -0.297252 -0.053285
v -0.509104 -0.301474 -0.053093
v -0.486983 -0.305455 -0.053194
v -0.507296 -0.325590 -0.054249
v -0.484287 -0.329336 -0.053783
v -0.460487 -0.333251 -0.053389
v -0.481238 -0.352582 -0.055094
v -0.456306 -0.356826 -0.054593
v -0.429358 -0.361665 -0.054384
v -0.435823 -0.337520 -0.053203
v -0.401293 -0.366459 -0.053667
v -0.410244 -0.342312 -0.053352
v -0.373169 -0.373057 -0.053056
v -0.423255 -0.379546 -0.053774
v -0.451692 -0.377216 -0.054738
v -0.448241 -0.390572 -0.054623
v -0.418754 -0.389754 -0.054093
v -0.444821 -0.398391 -0.055349
v -0.412493 -0.397001 -0.055004
v -0.440779 -0.405377 -0.056159
v -0.405169 -0.403217 -0.054677
v -0.470890 -0.409876 -0.057378
v -0.467321 -0.416581 -0.057458
v -0.472804 -0.401912 -0.056353
v -0.496620 -0.404010 -0.057875
v -0.494990 -0.413157 -0.058325
v -0.475025 -0.391322 -0.055367
v -0.498881 -0.390643 -0.056177
v -0.521541 -0.388860 -0.057364
v -0.518521 -0.404875 -0.058590
v -0.477930 -0.374406 -0.055427
v -0.501857 -0.371020 -0.055786
v -0.524987 -0.367694 -0.056073
v -0.547882 -0.364631 -0.056367
v -0.544049 -0.386992 -0.058488
v -0.504820 -0.348790 -0.055729
v -0.527800 -0.345132 -0.056134
v -0.550190 -0.341634 -0.056361
v -0.572410 -0.338616 -0.056408
v -0.570095 -0.362179 -0.057084
v -0.529750 -0.321760 -0.054827
v -0.551532 -0.317878 -0.055373
v -0.572840 -0.314076 -0.055630
v -0.593312 -0.310255 -0.055770
v -0.593895 -0.336596 -0.056393
v -0.551662 -0.292879 -0.053452
v -0.572319 -0.288442 -0.053676
v -0.592495 -0.283952 -0.054254
v -0.612363 -0.279682 -0.054296
v -0.612559 -0.306446 -0.055444
v -0.571650 -0.262441 -0.052400
v -0.591617 -0.257607 -0.052556
v -0.611668 -0.253083 -0.052380
v -0.631834 -0.249029 -0.051814
v -0.632421 -0.275734 -0.054147
v -0.590023 -0.231228 -0.051460
v -0.610183 -0.226607 -0.051135
v -0.630647 -0.222449 -0.050628
v -0.651419 -0.218883 -0.050030
v -0.652343 -0.245403 -0.051291
v -0.608145 -0.200386 -0.050321
v -0.628889 -0.196229 -0.049518
v -0.649876 -0.192564 -0.048245
v -0.671179 -0.189524 -0.046870
v -0.672657 -0.215941 -0.049357
v -0.626708 -0.170322 -0.047564
v -0.647806 -0.166470 -0.046151
v -0.669290 -0.163173 -0.045450
v -0.691058 -0.160735 -0.044498
v -0.692734 -0.187462 -0.045918
v -0.645823 -0.140102 -0.044989
v -0.667352 -0.136729 -0.044100
v -0.689198 -0.134389 -0.042415
v -0.711318 -0.133400 -0.041244
v -0.713046 -0.159832 -0.042957
v -0.665690 -0.114780 -0.042086
v -0.687458 -0.112681 -0.040681
v -0.709497 -0.112095 -0.039617
v -0.685797 -0.097701 -0.039120
v -0.707355 -0.096852 -0.037368
v -0.705669 -0.086261 -0.035596
v -0.714588 -0.186633 -0.045073
v -0.694086 -0.214087 -0.048190
v -0.673411 -0.242459 -0.050659
v -0.652841 -0.272061 -0.053901
v -0.632182 -0.302586 -0.055147
v -0.612984 -0.333733 -0.056405
v -0.591920 -0.361728 -0.057824
v -0.566091 -0.385906 -0.059080
v -0.539759 -0.405932 -0.058681
v -0.516238 -0.415456 -0.058503
v -0.493704 -0.421254 -0.058271
v -0.459498 -0.422378 -0.056996
v -0.903790 -0.017180 -0.084707
v -0.884004 -0.019095 -0.087980
v -0.904280 -0.033688 -0.076215
v -0.884490 -0.037110 -0.078996
v -0.904693 -0.046753 -0.063298
v -0.884898 -0.050974 -0.065168
v -0.865294 -0.055083 -0.066583
v -0.884963 -0.059755 -0.048250
v -0.865510 -0.064457 -0.048799
v -0.884357 -0.062827 -0.029903
v -0.864745 -0.067557 -0.029334
v -0.883038 -0.060583 -0.011835
v -0.863072 -0.064850 -0.010110
v -0.881304 -0.053541 0.004364
v -0.860861 -0.057136 0.007861
v -0.842330 -0.060199 0.011203
v -0.857265 -0.044883 0.023082
v -0.839134 -0.046274 0.028001
v -0.823646 -0.048341 0.031240
v -0.834047 -0.030848 0.038603
v -0.821408 -0.033500 0.040555
v -0.807187 -0.036039 0.040719
v -0.807699 -0.050568 0.032743
v -0.790815 -0.037504 0.040046
v -0.790744 -0.051065 0.032162
v -0.773048 -0.037735 0.039804
v -0.773037 -0.050654 0.032557
v -0.754241 -0.037201 0.040122
v -0.754363 -0.049205 0.033576
v -0.734379 -0.036136 0.040969
v -0.734520 -0.047325 0.034843
v -0.734859 -0.060953 0.023951
v -0.713639 -0.045526 0.036008
v -0.713872 -0.059038 0.025985
v -0.714084 -0.070313 0.013193
v -0.692437 -0.057624 0.027505
v -0.692453 -0.069520 0.015287
v -0.692289 -0.076641 0.003385
v -0.670388 -0.068921 0.017026
v -0.670078 -0.076568 0.005163
v -0.669632 -0.081454 -0.005995
v -0.691948 -0.081242 -0.007899
v -0.669470 -0.087591 -0.015157
v -0.691847 -0.087043 -0.017061
v -0.669790 -0.097646 -0.019360
v -0.692331 -0.097758 -0.020280
v -0.670209 -0.109711 -0.020758
v -0.692861 -0.110516 -0.021057
v -0.670253 -0.124219 -0.021959
v -0.692855 -0.126343 -0.023234
v -0.715393 -0.128207 -0.024233
v -0.692111 -0.147925 -0.024973
v -0.714276 -0.151197 -0.026124
v -0.734854 -0.154437 -0.027530
v -0.712250 -0.175737 -0.028818
v -0.731924 -0.179574 -0.029661
v -0.746395 -0.182408 -0.030519
v -0.727961 -0.205830 -0.032257
v -0.741405 -0.209026 -0.033214
v -0.751041 -0.211417 -0.033572
v -0.735080 -0.236061 -0.036127
v -0.744452 -0.238904 -0.036503
v -0.752326 -0.241306 -0.037894
v -0.736500 -0.265268 -0.039410
v -0.743961 -0.267885 -0.040259
v -0.750140 -0.269902 -0.041709
v -0.735258 -0.293599 -0.043172
v -0.741454 -0.295482 -0.044261
v -0.727589 -0.319362 -0.046122
v -0.727876 -0.291421 -0.042674
v -0.720157 -0.317190 -0.045720
v -0.711851 -0.341670 -0.048808
v -0.711223 -0.314700 -0.045016
v -0.702947 -0.339672 -0.047763
v -0.694535 -0.364078 -0.050120
v -0.704265 -0.365794 -0.051052
v -0.686124 -0.387448 -0.052618
v -0.697686 -0.389432 -0.053355
v -0.678649 -0.409024 -0.055016
v -0.670209 -0.384750 -0.051306
v -0.661791 -0.407143 -0.053880
v -0.656444 -0.427964 -0.055973
v -0.642842 -0.404435 -0.053120
v -0.651498 -0.381419 -0.050479
v -0.632156 -0.377747 -0.049961
v -0.661200 -0.357300 -0.048072
v -0.641779 -0.353158 -0.047751
v -0.622268 -0.349316 -0.045548
v -0.651546 -0.327751 -0.045142
v -0.632157 -0.323444 -0.043359
v -0.613037 -0.319001 -0.042791
v -0.641673 -0.296431 -0.040473
v -0.622802 -0.291404 -0.040169
v -0.604029 -0.286247 -0.038083
v -0.630886 -0.263492 -0.037375
v -0.611545 -0.258325 -0.035138
v -0.592641 -0.252905 -0.034979
v -0.616652 -0.231368 -0.032516
v -0.596232 -0.226436 -0.031679
v -0.575318 -0.221805 -0.031064
v -0.598142 -0.201665 -0.028606
v -0.576279 -0.197913 -0.028020
v -0.554138 -0.194436 -0.027579
v -0.576677 -0.174875 -0.024679
v -0.554049 -0.171749 -0.024030
v -0.531220 -0.168984 -0.023680
v -0.553922 -0.149700 -0.021542
v -0.530935 -0.147331 -0.020265
v -0.507954 -0.145314 -0.019523
v -0.508763 -0.166596 -0.023100
v -0.485177 -0.143592 -0.019313
v -0.486329 -0.164628 -0.021936
v -0.462565 -0.141973 -0.018845
v -0.484872 -0.125337 -0.017032
v -0.462081 -0.124357 -0.016229
v -0.439357 -0.124162 -0.015495
v -0.462142 -0.111094 -0.014910
v -0.438930 -0.111040 -0.014624
v -0.416553 -0.111380 -0.014234
v -0.417586 -0.124058 -0.015226
v -0.397262 -0.111807 -0.013411
v -0.398322 -0.123813 -0.015236
v -0.415693 -0.100611 -0.011875
v -0.397135 -0.101808 -0.011097
v -0.415545 -0.091427 -0.006267
v -0.397583 -0.092100 -0.005972
v -0.416236 -0.084911 0.003342
v -0.398235 -0.084590 0.004321
v -0.417341 -0.077865 0.013592
v -0.398827 -0.076762 0.014910
v -0.387846 -0.076168 0.015555
v -0.399658 -0.068065 0.023996
v -0.388784 -0.067394 0.024631
v -0.378561 -0.077121 0.017022
v -0.373398 -0.082670 0.022534
v -0.372315 -0.090172 0.029765
v -0.372126 -0.101886 0.014967
v -0.365048 -0.095473 0.033691
v -0.364534 -0.106964 0.016575
v -0.352806 -0.097031 0.032282
v -0.351667 -0.107560 0.015179
v -0.335303 -0.098398 0.030333
v -0.353185 -0.080272 0.044964
v -0.336072 -0.082307 0.043922
v -0.313969 -0.083194 0.042331
v -0.335688 -0.062966 0.050232
v -0.314188 -0.064185 0.049671
v -0.292118 -0.065585 0.049047
v -0.313137 -0.048757 0.050182
v -0.291779 -0.049803 0.049875
v -0.270942 -0.051133 0.049488
v -0.291181 -0.038794 0.048063
v -0.270680 -0.039689 0.047684
v -0.250016 -0.041063 0.047311
v -0.250207 -0.052180 0.049110
v -0.229233 -0.043026 0.047263
v -0.229310 -0.053383 0.048622
v -0.208501 -0.043831 0.047128
v -0.228654 -0.034116 0.045390
v -0.207952 -0.035276 0.045238
v -0.187447 -0.036510 0.045243
v -0.207629 -0.027140 0.045437
v -0.186889 -0.028880 0.044860
v -0.166089 -0.030016 0.045001
v -0.166652 -0.037833 0.045223
v -0.145219 -0.031345 0.044256
v -0.145846 -0.039521 0.044690
v -0.124803 -0.033929 0.043514
v -0.144907 -0.025993 0.049442
v -0.124214 -0.027446 0.047568
v -0.104268 -0.029303 0.046258
v -0.123850 -0.024863 0.055421
v -0.103967 -0.026016 0.053542
v -0.084470 -0.027380 0.051239
v -0.103567 -0.022928 0.061276
v -0.084476 -0.024282 0.059124
v -0.064352 -0.025709 0.056218
v -0.084360 -0.020384 0.067154
v -0.064410 -0.022165 0.064621
v -0.043187 -0.023827 0.062025
v -0.064371 -0.016293 0.072492
v -0.043027 -0.017772 0.070544
v -0.021932 -0.018987 0.068709
v -0.022464 -0.024990 0.059207
v -0.001288 -0.020638 0.066393
v -0.021507 -0.010332 0.076649
v -0.000563 -0.011214 0.074981
v 0.020291 -0.012062 0.073675
v -0.939495 -0.013817 -0.078425
v -0.923353 -0.015323 -0.081369
v -0.939303 -0.027951 -0.071063
v -0.923826 -0.030429 -0.073441
v -0.939093 -0.039925 -0.059202
v -0.924125 -0.042831 -0.061183
v -0.938721 -0.046984 -0.044550
v -0.923907 -0.050459 -0.046018
v -0.904722 -0.054922 -0.047285
v -0.923527 -0.053018 -0.030258
v -0.904288 -0.057955 -0.030249
v -0.922969 -0.050866 -0.015140
v -0.903412 -0.055685 -0.013615
v -0.922358 -0.045147 -0.001690
v -0.902482 -0.049384 0.001147
v -0.921521 -0.036113 0.009354
v -0.901304 -0.039483 0.013274
v -0.878643 -0.042818 0.017982
v -0.898966 -0.026885 0.022374
v -0.920553 -0.024467 0.018010
v -0.919216 -0.011329 0.022657
v -0.892902 -0.011527 0.029212
v -0.836204 -0.005090 0.060538
v -0.834046 -0.005001 0.054978
v -0.831043 -0.007727 0.062160
v -0.829743 -0.007535 0.055598
v -0.824668 -0.008546 0.063590
v -0.823867 -0.008477 0.056361
v -0.824353 -0.010286 0.050436
v -0.815977 -0.009430 0.056690
v -0.816583 -0.013168 0.049209
v -0.818817 -0.021849 0.044824
v -0.827668 -0.017689 0.044835
v -0.806037 -0.015283 0.049038
v -0.806647 -0.024628 0.044582
v -0.791360 -0.016001 0.048233
v -0.791027 -0.025856 0.044264
v -0.773486 -0.016458 0.048042
v -0.773207 -0.026475 0.044100
v -0.754408 -0.016762 0.048004
v -0.754297 -0.026545 0.044283
v -0.734623 -0.016547 0.048145
v -0.734451 -0.026017 0.044720
v -0.713788 -0.015578 0.048112
v -0.713627 -0.024775 0.045086
v -0.713543 -0.034361 0.041741
v -0.691992 -0.023258 0.045650
v -0.692136 -0.033155 0.042212
v -0.692295 -0.044498 0.036880
v -0.670370 -0.032841 0.042378
v -0.670473 -0.044122 0.037289
v -0.670487 -0.056726 0.028740
v -0.648249 -0.043639 0.037719
v -0.648185 -0.055969 0.029849
v -0.647992 -0.068317 0.018306
v -0.625794 -0.054957 0.031014
v -0.625521 -0.067594 0.019860
v -0.625146 -0.076434 0.008573
v -0.647668 -0.076645 0.006838
v -0.624723 -0.081560 -0.002146
v -0.647303 -0.081543 -0.004118
v -0.624326 -0.086444 -0.012093
v -0.647068 -0.086878 -0.013972
v -0.624110 -0.095010 -0.017831
v -0.647182 -0.096650 -0.018998
v -0.624188 -0.106140 -0.019590
v -0.647352 -0.108227 -0.020194
v -0.624108 -0.119244 -0.020454
v -0.647345 -0.121795 -0.020962
v -0.623689 -0.136595 -0.022293
v -0.646661 -0.140284 -0.023962
v -0.669464 -0.144285 -0.024634
v -0.645291 -0.163080 -0.025909
v -0.667883 -0.167265 -0.027843
v -0.690248 -0.171552 -0.028490
v -0.665550 -0.191151 -0.029962
v -0.687488 -0.196051 -0.031355
v -0.709090 -0.201279 -0.031946
v -0.683171 -0.221604 -0.033819
v -0.703988 -0.227372 -0.034984
v -0.722350 -0.232498 -0.034942
v -0.697419 -0.253599 -0.037910
v -0.715209 -0.258866 -0.037975
v -0.727408 -0.262393 -0.039227
v -0.707246 -0.285322 -0.041203
v -0.719206 -0.288802 -0.042102
v -0.698742 -0.311372 -0.043926
v -0.689537 -0.280146 -0.040798
v -0.680729 -0.306518 -0.043353
v -0.671163 -0.332327 -0.045799
v -0.689693 -0.336664 -0.046741
v -0.680129 -0.361247 -0.049058
v -0.661053 -0.301339 -0.042361
v -0.669659 -0.274460 -0.039361
v -0.649972 -0.268939 -0.037884
v -0.676968 -0.247759 -0.036490
v -0.656713 -0.242022 -0.034889
v -0.636509 -0.236493 -0.034810
v -0.661886 -0.216055 -0.032034
v -0.640702 -0.210682 -0.031712
v -0.619805 -0.205671 -0.030482
v -0.643580 -0.186380 -0.028411
v -0.621359 -0.182007 -0.027961
v -0.599225 -0.178051 -0.026600
v -0.622887 -0.158911 -0.024552
v -0.599899 -0.155426 -0.024012
v -0.577062 -0.152145 -0.023164
v -0.600516 -0.133731 -0.020522
v -0.577358 -0.131342 -0.020098
v -0.554023 -0.129595 -0.019573
v -0.577538 -0.115813 -0.019193
v -0.554146 -0.114883 -0.017545
v -0.531060 -0.113928 -0.016479
v -0.530873 -0.128021 -0.018722
v -0.508058 -0.112975 -0.015660
v -0.507753 -0.126601 -0.017689
v -0.485140 -0.111798 -0.015276
v -0.508533 -0.101320 -0.014510
v -0.485728 -0.100560 -0.013929
v -0.462571 -0.100007 -0.013234
v -0.486412 -0.090856 -0.009456
v -0.463192 -0.090762 -0.008559
v -0.439132 -0.091217 -0.007234
v -0.438965 -0.099915 -0.012868
v -0.464181 -0.084780 0.000576
v -0.440128 -0.085002 0.001774
v -0.465291 -0.078705 0.010653
v -0.441793 -0.078519 0.011938
v -0.466530 -0.070361 0.020740
v -0.443601 -0.069848 0.021726
v -0.419059 -0.069085 0.022916
v -0.445421 -0.059040 0.030742
v -0.422112 -0.059140 0.030826
v -0.401464 -0.059564 0.030795
v -0.425142 -0.049199 0.036205
v -0.404138 -0.050847 0.035820
v -0.388751 -0.052432 0.035169
v -0.388788 -0.059430 0.030852
v -0.406824 -0.042112 0.039633
v -0.389889 -0.044837 0.038665
v -0.409091 -0.033300 0.042799
v -0.392283 -0.035809 0.041949
v -0.410880 -0.024274 0.046513
v -0.394384 -0.026709 0.045027
v -0.380652 -0.028961 0.044514
v -0.395893 -0.019551 0.051491
v -0.381833 -0.020778 0.050138
v -0.369702 -0.022215 0.049541
v -0.369434 -0.031892 0.047206
v -0.357719 -0.024002 0.048542
v -0.358760 -0.034370 0.048685
v -0.344721 -0.026202 0.047752
v -0.346546 -0.036243 0.048723
v -0.349120 -0.046695 0.050732
v -0.331284 -0.037276 0.048906
v -0.333451 -0.047857 0.050534
v -0.351833 -0.061381 0.050920
v -0.311960 -0.038183 0.048607
v -0.329499 -0.027554 0.047510
v -0.310768 -0.028798 0.046983
v -0.290566 -0.029946 0.046188
v -0.309474 -0.020368 0.049247
v -0.289799 -0.021651 0.047780
v -0.269604 -0.023673 0.047029
v -0.270124 -0.031275 0.045713
v -0.248792 -0.024336 0.046243
v -0.249326 -0.032585 0.045568
v -0.228164 -0.026004 0.046006
v -0.248761 -0.021657 0.053442
v -0.228092 -0.022461 0.052961
v -0.207444 -0.023431 0.052242
v -0.228072 -0.020491 0.060748
v -0.207295 -0.021159 0.060024
v -0.186555 -0.021727 0.059242
v -0.186654 -0.024257 0.051185
v -0.165717 -0.022442 0.058414
v -0.165770 -0.024958 0.050424
v -0.144742 -0.023732 0.057240
v -0.165618 -0.020090 0.066505
v -0.144372 -0.020809 0.065054
v -0.123259 -0.021759 0.063080
v -0.143741 -0.017140 0.072362
v -0.122336 -0.017866 0.070537
v -0.102767 -0.018942 0.068892
v -0.121469 -0.012748 0.077083
v -0.101668 -0.013557 0.075590
v -0.084353 -0.014581 0.074193
v -0.120837 -0.006225 0.082450
v -0.143366 -0.005356 0.083666
v -0.143146 -0.012103 0.078647
v -0.164507 -0.011770 0.079525
v -0.164250 -0.005737 0.083850
v -0.165105 -0.016771 0.073798
v -0.185868 -0.016447 0.074518
v -0.185321 -0.011374 0.080089
v -0.186334 -0.019518 0.067299
v -0.206979 -0.018990 0.067745
v -0.206232 -0.015759 0.074903
v -0.226459 -0.015197 0.075804
v -0.225422 -0.010428 0.082009
v -0.205454 -0.010832 0.080778
v -0.227578 -0.018390 0.068391
v -0.248035 -0.017670 0.069476
v -0.246496 -0.014871 0.077603
v -0.248742 -0.019623 0.061409
v -0.269049 -0.018535 0.062522
v -0.267873 -0.017128 0.071247
v -0.269342 -0.020383 0.054096
v -0.289150 -0.019071 0.055420
v -0.288389 -0.017875 0.064217
v -0.307292 -0.017521 0.065934
v -0.305848 -0.016221 0.074693
v -0.287010 -0.016613 0.073175
v -0.308388 -0.018270 0.057162
v -0.326394 -0.017953 0.059063
v -0.325116 -0.017083 0.067668
v -0.327767 -0.019324 0.050851
v -0.343249 -0.018681 0.052741
v -0.341984 -0.017501 0.061255
v -0.356114 -0.017073 0.063775
v -0.355355 -0.015847 0.072353
v -0.340871 -0.016584 0.069854
v -0.356786 -0.018189 0.055168
v -0.369680 -0.017875 0.057201
v -0.369587 -0.016823 0.066100
v -0.383386 -0.016492 0.068475
v -0.383555 -0.014617 0.077868
v -0.369347 -0.015339 0.075015
v -0.382759 -0.017518 0.058946
v -0.397152 -0.017128 0.061177
v -0.398113 -0.015864 0.071102
v -0.414290 -0.014414 0.073820
v -0.414304 -0.013426 0.083572
v -0.398486 -0.013898 0.080808
v -0.413416 -0.016399 0.063890
v -0.431408 -0.014877 0.066137
v -0.431772 -0.013592 0.076336
v -0.412255 -0.018372 0.054067
v -0.430515 -0.017328 0.056432
v -0.449963 -0.015569 0.057758
v -0.450645 -0.013757 0.067756
v -0.429513 -0.022258 0.048179
v -0.449235 -0.020056 0.049040
v -0.470095 -0.018938 0.049999
v -0.470538 -0.014711 0.058440
v -0.428396 -0.030655 0.043727
v -0.448657 -0.028525 0.044434
v -0.469715 -0.027010 0.045047
v -0.491405 -0.026320 0.045129
v -0.491602 -0.018209 0.049793
v -0.447961 -0.038193 0.041222
v -0.469292 -0.036879 0.041707
v -0.491124 -0.036213 0.041839
v -0.513332 -0.036597 0.041640
v -0.513621 -0.026774 0.044934
v -0.468657 -0.047549 0.037390
v -0.490680 -0.047090 0.037353
v -0.512984 -0.047208 0.037004
v -0.535641 -0.048275 0.036205
v -0.535930 -0.037755 0.041203
v -0.490019 -0.058965 0.030208
v -0.512478 -0.059201 0.029593
v -0.535165 -0.060397 0.028334
v -0.557911 -0.062352 0.026522
v -0.558341 -0.049825 0.035097
v -0.511739 -0.070906 0.019396
v -0.534464 -0.071777 0.017973
v -0.557198 -0.073054 0.015739
v -0.579924 -0.074501 0.013122
v -0.580526 -0.064295 0.024206
v -0.533628 -0.079180 0.007643
v -0.556350 -0.080192 0.005724
v -0.579128 -0.080863 0.003144
v -0.601924 -0.081301 0.000500
v -0.602570 -0.075720 0.010531
v -0.555417 -0.085268 -0.004304
v -0.578166 -0.085607 -0.006750
v -0.601040 -0.085799 -0.009610
v -0.577505 -0.093215 -0.014110
v -0.600658 -0.093553 -0.016477
v -0.577464 -0.103801 -0.016843
v -0.600850 -0.104643 -0.018226
v -0.600784 -0.117175 -0.019989
v -0.554668 -0.092277 -0.012612
v -0.554347 -0.102869 -0.015796
v -0.531809 -0.091657 -0.011170
v -0.531345 -0.102015 -0.015142
v -0.509102 -0.091461 -0.009693
v -0.532667 -0.084895 -0.002444
v -0.509919 -0.084649 -0.001093
v -0.487191 -0.084716 -0.000208
v -0.510871 -0.078841 0.009029
v -0.488123 -0.078712 0.009844
v -0.489109 -0.070577 0.020130
v -0.467706 -0.059061 0.030527
v -0.446903 -0.048124 0.036837
v -0.427013 -0.040091 0.040814
v -0.603058 -0.066247 0.021932
v -0.603373 -0.053403 0.032341
v -0.580885 -0.051585 0.033797
v -0.603578 -0.041808 0.038979
v -0.581103 -0.040448 0.039971
v -0.558590 -0.039014 0.040722
v -0.581232 -0.029934 0.043862
v -0.558737 -0.028832 0.044272
v -0.536085 -0.027809 0.044544
v -0.558701 -0.019705 0.048206
v -0.536191 -0.019158 0.048709
v -0.513789 -0.018312 0.049200
v -0.536221 -0.014058 0.056666
v -0.513951 -0.013889 0.057589
v -0.491818 -0.014307 0.058325
v -0.513959 -0.013120 0.067525
v -0.491969 -0.013339 0.068299
v -0.470757 -0.013429 0.068522
v -0.491589 -0.012674 0.078725
v -0.470467 -0.013149 0.078806
v -0.450771 -0.013391 0.078046
v -0.469578 -0.012037 0.088446
v -0.450237 -0.013059 0.087506
v -0.431363 -0.013367 0.085783
v -0.449570 -0.011926 0.094906
v -0.430644 -0.012939 0.092816
v -0.413787 -0.013242 0.090820
v -0.429856 -0.011659 0.099235
v -0.413214 -0.012279 0.097407
v -0.398037 -0.012222 0.095060
v -0.398369 -0.013261 0.088445
v -0.382844 -0.012354 0.092750
v -0.383307 -0.013551 0.085906
v -0.367855 -0.012656 0.090318
v -0.368694 -0.014073 0.083141
v -0.353141 -0.012912 0.087801
v -0.354321 -0.014558 0.080392
v -0.338108 -0.013224 0.085476
v -0.339479 -0.015075 0.077988
v -0.322045 -0.013325 0.083781
v -0.323520 -0.015628 0.076091
v -0.304464 -0.013407 0.082430
v -0.321015 -0.009440 0.090583
v -0.303489 -0.009452 0.089241
v -0.284602 -0.009668 0.087867
v -0.285560 -0.013786 0.081105
v -0.265015 -0.010012 0.086293
v -0.266148 -0.014338 0.079498
v -0.245228 -0.010127 0.084041
v -0.264223 -0.004494 0.092073
v -0.244336 -0.004417 0.089653
v -0.224633 -0.004604 0.087369
v -0.204860 -0.004881 0.085591
v -0.184893 -0.005429 0.084427
v -0.843494 -0.006413 0.078523
v -0.839396 -0.005845 0.067494
v -0.835609 -0.007994 0.081117
v -0.833006 -0.008262 0.069683
v -0.827891 -0.007972 0.083573
v -0.825859 -0.008687 0.071863
v -0.819077 -0.007739 0.086073
v -0.817661 -0.008697 0.073728
v -0.816539 -0.008850 0.064728
v -0.806484 -0.008643 0.075548
v -0.805638 -0.008952 0.065607
v -0.805576 -0.010011 0.056599
v -0.792134 -0.008963 0.065947
v -0.791803 -0.010250 0.056055
v -0.774071 -0.009069 0.065685
v -0.773807 -0.010555 0.055744
v -0.754671 -0.009122 0.065487
v -0.754543 -0.010359 0.055260
v -0.734830 -0.009360 0.065075
v -0.734770 -0.010739 0.055240
v -0.714189 -0.009457 0.064886
v -0.713979 -0.010364 0.055236
v -0.692871 -0.009418 0.065990
v -0.692274 -0.009888 0.056595
v -0.691876 -0.014665 0.049206
v -0.670509 -0.010227 0.058773
v -0.670133 -0.014568 0.050717
v -0.670168 -0.022800 0.045998
v -0.648462 -0.014460 0.051861
v -0.648302 -0.022538 0.046376
v -0.648264 -0.032537 0.042595
v -0.626172 -0.021956 0.046819
v -0.626061 -0.031951 0.042916
v -0.625954 -0.042874 0.038200
v -0.603751 -0.031144 0.043439
v -0.603864 -0.021354 0.047204
v -0.581307 -0.020257 0.047563
v -0.603960 -0.014038 0.053743
v -0.581392 -0.013751 0.054716
v -0.558699 -0.013820 0.055676
v -0.581609 -0.011207 0.064694
v -0.558852 -0.012075 0.065762
v -0.536255 -0.012789 0.066724
v -0.558748 -0.010209 0.077042
v -0.535973 -0.011197 0.077856
v -0.513536 -0.012055 0.078376
v -0.535004 -0.009548 0.089799
v -0.512409 -0.009898 0.089290
v -0.490390 -0.010781 0.089094
v -0.510917 -0.009341 0.099314
v -0.488857 -0.009575 0.097817
v -0.468331 -0.010654 0.096454
v -0.487300 -0.009275 0.105061
v -0.467059 -0.009661 0.102930
v -0.448958 -0.010597 0.101228
v -0.465437 -0.008213 0.109543
v -0.448246 -0.008408 0.107339
v -0.429362 -0.009009 0.105158
v -0.412894 -0.009328 0.103378
v -0.397771 -0.009270 0.101163
v -0.382097 -0.004531 0.104274
v -0.382430 -0.009277 0.098980
v -0.366570 -0.004674 0.102119
v -0.367156 -0.009415 0.096593
v -0.351548 -0.004621 0.099880
v -0.352191 -0.009512 0.094256
v -0.336405 -0.004458 0.097921
v -0.337055 -0.009573 0.092168
v -0.320336 -0.004278 0.096703
v -0.302773 -0.004423 0.095198
v -0.283875 -0.004669 0.093834
v -0.849774 -0.004451 0.107140
v -0.845444 -0.005319 0.093683
v -0.843074 -0.005111 0.112696
v -0.838184 -0.006202 0.096855
v -0.836017 -0.005061 0.118080
v -0.830812 -0.005812 0.100162
v -0.826873 -0.004929 0.123392
v -0.821968 -0.005520 0.103683
v -0.813069 -0.004864 0.128315
v -0.810040 -0.005348 0.107703
v -0.807812 -0.007058 0.088306
v -0.794633 -0.005276 0.110738
v -0.793453 -0.006631 0.090433
v -0.792550 -0.008629 0.076746
v -0.774725 -0.006477 0.091852
v -0.774330 -0.008600 0.077269
v -0.754973 -0.006756 0.091810
v -0.754767 -0.008775 0.077044
v -0.735147 -0.007415 0.091038
v -0.734897 -0.008891 0.076372
v -0.714774 -0.007891 0.090179
v -0.714482 -0.009057 0.075900
v -0.693661 -0.008338 0.090426
v -0.693362 -0.009240 0.076593
v -0.671668 -0.008417 0.092271
v -0.671684 -0.009233 0.078752
v -0.671172 -0.009430 0.068156
v -0.649653 -0.009261 0.081364
v -0.649330 -0.009483 0.070163
v -0.648849 -0.010608 0.060414
v -0.627226 -0.009544 0.072186
v -0.626727 -0.010283 0.061783
v -0.626376 -0.013686 0.052505
v -0.604252 -0.010664 0.063355
v -0.604671 -0.009533 0.074333
v -0.581732 -0.009707 0.076005
v -0.604581 -0.009263 0.087036
v -0.581176 -0.009241 0.089034
v -0.557935 -0.009313 0.089824
v -0.580032 -0.008581 0.101692
v -0.556453 -0.009060 0.101815
v -0.533497 -0.009309 0.100775
v -0.554788 -0.007782 0.111488
v -0.531820 -0.008704 0.109799
v -0.509363 -0.009042 0.107662
v -0.530175 -0.007390 0.117622
v -0.507884 -0.007971 0.114903
v -0.485643 -0.008246 0.112196
v -0.506064 -0.004865 0.122139
v -0.484203 -0.005161 0.118447
v -0.857501 -0.004432 0.116732
v -0.851677 -0.004691 0.124704
v -0.843993 -0.004406 0.132136
v -0.832447 -0.002381 0.147029
v -0.830800 -0.003980 0.137597
v -0.813943 -0.001885 0.151199
v -0.814001 -0.003178 0.141616
v -0.795402 -0.001667 0.154671
v -0.795598 -0.002709 0.144634
v -0.795618 -0.004488 0.131155
v -0.775458 -0.002392 0.145995
v -0.775508 -0.004234 0.132286
v -0.775267 -0.005240 0.112283
v -0.755470 -0.004315 0.131859
v -0.755325 -0.005272 0.111916
v -0.735982 -0.004562 0.130227
v -0.735571 -0.005295 0.110529
v -0.715125 -0.004857 0.127513
v -0.715021 -0.005341 0.108882
v -0.692513 -0.005032 0.124900
v -0.693372 -0.005469 0.107906
v -0.669387 -0.005144 0.123972
v -0.670830 -0.005563 0.108568
v -0.646566 -0.005167 0.124549
v -0.648417 -0.005655 0.110411
v -0.649505 -0.008388 0.095301
v -0.625721 -0.005663 0.112459
v -0.626874 -0.008205 0.098567
v -0.627411 -0.009203 0.084167
v -0.603660 -0.008196 0.101060
v -0.602156 -0.005835 0.113231
v -0.578350 -0.006569 0.112568
v -0.600073 -0.005156 0.124615
v -0.576321 -0.005383 0.122572
v -0.552965 -0.006147 0.120060
v -0.574117 -0.004013 0.132314
v -0.551079 -0.004141 0.128609
v -0.528659 -0.005035 0.125829
v -0.598590 -0.003881 0.135819
v -0.624493 -0.005164 0.125330
v -0.664213 -0.001796 0.155610
v -0.690582 -0.001232 0.160533
v -0.665342 -0.003125 0.146632
v -0.690676 -0.002149 0.150228
v -0.715655 -0.001716 0.154862
v -0.736437 -0.001647 0.156697
v -0.691601 -0.003592 0.138605
v -0.715281 -0.003136 0.142370
v -0.736424 -0.002661 0.144848
v -0.755162 -0.002458 0.145894
v -0.755124 -0.001637 0.156660
v -0.775423 -0.001645 0.156490
v -0.775452 -0.001325 0.164382
v -0.794334 -0.001294 0.162832
v -0.793678 -0.000997 0.169466
v -0.775479 -0.001051 0.170707
v -0.811145 -0.001015 0.165996
v -0.812773 -0.001355 0.159140
v -0.831891 -0.001669 0.154688
v -0.830892 -0.001221 0.160980
v -0.850691 -0.001224 0.160691
v -0.865596 -0.001367 0.155547
v -0.876054 -0.001466 0.150997
v -0.667622 -0.004240 0.136182
v -0.642850 -0.000910 0.154391
v -0.887836 -0.003880 0.129605
v -0.895462 -0.003493 0.132349
v -0.890517 -0.002665 0.137807
v -0.901116 -0.002524 0.136244
v -0.896658 -0.002219 0.140414
v -0.905402 -0.001520 0.141264
v -0.901536 -0.001458 0.144945
v -0.909453 -0.000276 0.146109
v -0.905053 -0.000652 0.150137
v -0.908613 0.000269 0.155666
v -0.042894 -0.009542 0.077520
v -0.958680 -0.011924 -0.074226
v -0.950079 -0.012660 -0.076108
v -0.958181 -0.024989 -0.067534
v -0.949617 -0.026299 -0.069353
v -0.957200 -0.036548 -0.056201
v -0.949004 -0.038054 -0.057625
v -0.956624 -0.043204 -0.041900
v -0.948434 -0.044969 -0.043201
v -0.956181 -0.044800 -0.028768
v -0.947841 -0.046707 -0.029362
v -0.938342 -0.049111 -0.029903
v -0.947194 -0.044898 -0.016889
v -0.937655 -0.047193 -0.016139
v -0.946579 -0.040054 -0.005176
v -0.936701 -0.042051 -0.003739
v -0.945562 -0.032100 0.004849
v -0.935699 -0.033761 0.006745
v -0.944462 -0.021111 0.012511
v -0.934708 -0.022400 0.014603
v -0.943706 -0.009521 0.016633
v -0.933937 -0.010342 0.018867
v -0.970058 -0.011503 -0.071152
v -0.965210 -0.011644 -0.072603
v -0.968781 -0.024194 -0.064483
v -0.964102 -0.024379 -0.065902
v -0.967456 -0.034973 -0.053278
v -0.962963 -0.035572 -0.054863
v -0.967546 -0.040763 -0.039036
v -0.962752 -0.042109 -0.040647
v -0.967416 -0.041360 -0.026894
v -0.962481 -0.042983 -0.027832
v -0.965989 -0.039709 -0.016730
v -0.961183 -0.041257 -0.017098
v -0.955171 -0.042986 -0.017413
v -0.959444 -0.037108 -0.007253
v -0.954130 -0.038601 -0.006409
v -0.957398 -0.029785 0.002780
v -0.952713 -0.030585 0.003676
v -0.956365 -0.019514 0.009852
v -0.951651 -0.020234 0.010864
v -0.956705 -0.008435 0.013589
v -0.951342 -0.008910 0.014900
v -0.976839 -0.009857 -0.063506
v -0.981046 -0.010453 -0.064382
v -0.979671 -0.011357 -0.067665
v -0.979592 -0.021557 -0.057987
v -0.977729 -0.023394 -0.061042
v -0.973323 -0.023925 -0.062846
v -0.974850 -0.011526 -0.069644
v -0.975448 -0.020272 -0.057321
v -0.970358 -0.019684 -0.057568
v -0.971882 -0.009455 -0.063415
v -0.966751 -0.009185 -0.063484
v -0.965528 -0.019256 -0.057804
v -0.960657 -0.009096 -0.063482
v -0.944390 -0.009632 -0.063197
v -0.953348 -0.009403 -0.063447
v -0.944008 -0.019406 -0.057950
v -0.953054 -0.019122 -0.057984
v -0.960140 -0.019039 -0.058009
v -0.952311 -0.027616 -0.049009
v -0.959193 -0.027703 -0.048655
v -0.964366 -0.028098 -0.048086
v -0.958550 -0.032869 -0.036522
v -0.964027 -0.033040 -0.035356
v -0.957664 -0.033543 -0.025044
v -0.963113 -0.033434 -0.024187
v -0.956209 -0.030681 -0.014894
v -0.961274 -0.030462 -0.013944
v -0.966072 -0.029963 -0.012682
v -0.959714 -0.024103 -0.004882
v -0.964125 -0.023715 -0.004173
v -0.968511 -0.023623 -0.002603
v -0.971002 -0.029475 -0.010735
v -0.969318 -0.025186 -0.000370
v -0.972369 -0.031537 -0.007698
v -0.965537 -0.027290 0.000922
v -0.968193 -0.034083 -0.007258
v -0.961497 -0.028680 0.002005
v -0.963611 -0.035902 -0.007297
v -0.964078 -0.018147 0.007654
v -0.960680 -0.018698 0.008724
v -0.965488 -0.007776 0.010838
v -0.961291 -0.008100 0.012308
v -0.912632 -0.009913 -0.062571
v -0.931336 -0.009750 -0.062531
v -0.912866 -0.019715 -0.057302
v -0.931419 -0.019574 -0.057549
v -0.913158 -0.027491 -0.049174
v -0.931370 -0.027465 -0.049242
v -0.943402 -0.027731 -0.049355
v -0.931165 -0.032629 -0.038752
v -0.942709 -0.032552 -0.038290
v -0.951371 -0.032722 -0.037653
v -0.941959 -0.033588 -0.026659
v -0.950475 -0.033520 -0.026168
v -0.941171 -0.031000 -0.015347
v -0.949682 -0.030987 -0.015162
v -0.940347 -0.025202 -0.005759
v -0.948885 -0.024755 -0.005618
v -0.954758 -0.024623 -0.005356
v -0.948124 -0.016761 0.001269
v -0.954235 -0.016418 0.001481
v -0.959299 -0.015957 0.001663
v -0.954424 -0.007461 0.005216
v -0.960137 -0.007128 0.005225
v -0.964002 -0.015630 0.002123
v -0.968402 -0.015497 0.004271
v -0.967862 -0.016982 0.005661
v -0.947937 -0.007837 0.005315
v -0.939775 -0.008182 0.005237
v -0.939887 -0.017138 0.001121
v -0.929475 -0.017465 0.000801
v -0.929368 -0.008492 0.005263
v -0.929809 -0.025363 -0.006188
v -0.913228 -0.025810 -0.006884
v -0.913090 -0.017837 0.000147
v -0.930339 -0.031121 -0.015783
v -0.913361 -0.031330 -0.016475
v -0.892177 -0.031588 -0.017244
v -0.892105 -0.026092 -0.007786
v -0.930840 -0.033641 -0.027051
v -0.913477 -0.033636 -0.027567
v -0.892178 -0.033707 -0.028157
v -0.871191 -0.033674 -0.028620
v -0.871170 -0.031444 -0.017890
v -0.913402 -0.032423 -0.038948
v -0.892107 -0.032575 -0.039309
v -0.871189 -0.032298 -0.039472
v -0.853828 -0.032501 -0.039616
v -0.853882 -0.033601 -0.028824
v -0.891980 -0.027521 -0.049247
v -0.871168 -0.027444 -0.049330
v -0.853810 -0.027498 -0.049275
v -0.840274 -0.027582 -0.048857
v -0.840391 -0.032658 -0.039318
v -0.871104 -0.019631 -0.057324
v -0.853743 -0.019757 -0.057320
v -0.840157 -0.019867 -0.057018
v -0.828878 -0.019810 -0.056514
v -0.829159 -0.027568 -0.048422
v -0.853584 -0.010000 -0.062607
v -0.839935 -0.009939 -0.062217
v -0.828643 -0.009814 -0.061808
v -0.820960 -0.009582 -0.060885
v -0.821324 -0.019436 -0.055803
v -0.815653 -0.009132 -0.058810
v -0.812768 -0.007639 -0.054776
v -0.813193 -0.015293 -0.050341
v -0.816107 -0.018111 -0.053902
v -0.813383 -0.021118 -0.043781
v -0.816485 -0.024943 -0.046577
v -0.821611 -0.026894 -0.047898
v -0.815933 -0.030552 -0.038220
v -0.821391 -0.032228 -0.038398
v -0.829231 -0.032581 -0.038886
v -0.821262 -0.033569 -0.028335
v -0.829431 -0.033490 -0.028443
v -0.840643 -0.033631 -0.028728
v -0.829782 -0.031316 -0.018111
v -0.840886 -0.031215 -0.018356
v -0.853969 -0.031394 -0.018191
v -0.840964 -0.026209 -0.008913
v -0.853997 -0.026104 -0.008731
v -0.871177 -0.026215 -0.008425
v -0.854015 -0.018317 -0.001644
v -0.871178 -0.018381 -0.001183
v -0.892041 -0.018159 -0.000696
v -0.871193 -0.009194 0.003678
v -0.892008 -0.009133 0.004320
v -0.912946 -0.008770 0.004875
v -0.871050 -0.009923 -0.062637
v -0.891757 -0.009784 -0.062338
v -0.891857 -0.019609 -0.057176
v -0.812720 -0.006234 -0.027045
v -0.813097 -0.006894 -0.019662
v -0.812605 -0.013225 -0.029579
v -0.812515 -0.019718 -0.032989
v -0.812821 -0.025698 -0.036187
v -0.815778 -0.032788 -0.028402
v -0.815673 -0.030847 -0.017678
v -0.821518 -0.031479 -0.017668
v -0.821996 -0.025901 -0.008397
v -0.830011 -0.026137 -0.008837
v -0.822851 -0.017597 -0.001618
v -0.830272 -0.018337 -0.001610
v -0.840917 -0.018420 -0.001770
v -0.830434 -0.009094 0.002558
v -0.840844 -0.009261 0.003027
v -0.853915 -0.009141 0.003239
v -0.823341 -0.008845 0.002165
v -0.710257 -0.451483 -0.066454
v -0.714245 -0.455051 -0.066401
v -0.704992 -0.461487 -0.067775
v -0.724523 -0.452652 -0.066264
v 0.692974 -0.002333 -0.019444
v 0.678986 -0.001562 -0.020628
v 0.124149 -0.055442 0.003597
v -0.726057 -0.467479 -0.066437
v -0.721254 -0.465226 -0.066017
v -0.724943 -0.471990 -0.066211
v -0.718085 -0.470123 -0.065092
v -0.122685 -0.235728 -0.040467
v 0.017144 -0.072607 -0.003886
v 0.025811 -0.070518 -0.004679
v 0.668658 -0.001566 -0.014682
v 0.666258 -0.001362 -0.014961
v 0.668676 -0.003190 -0.014714
v 0.665583 -0.003165 -0.015076
v 0.662481 -0.003140 -0.015441
v 0.664444 -0.000798 -0.015162
vn -0.1807 0.0001 0.9835
vn -0.0088 0.9770 0.2132
vn -0.0019 0.9939 0.1106
vn -0.0233 0.9921 0.1236
vn -0.0194 0.9922 0.1232
vn -0.1735 0.0001 0.9848
vn -0.2657 0.0001 0.9641
vn -0.0196 0.9834 0.1804
vn -0.0303 0.9882 0.1503
vn -0.0758 0.9028 0.4233
vn -0.0058 0.9959 0.0907
vn 0.3412 -0.0000 0.9400
vn 0.4770 0.0001 0.8789
vn 0.0380 0.9927 0.1147
vn 0.0151 0.9774 0.2110
vn 0.0863 0.0001 0.9963
vn 0.0364 0.9915 0.1252
vn -0.9938 -0.0001 -0.1114
vn -0.4977 0.3460 0.7953
vn -0.8354 -0.0531 -0.5470
vn -0.0913 -0.1917 -0.9772
vn 0.1079 -0.0000 0.9942
vn 0.1153 -0.0000 0.9933
vn 0.0186 0.9903 0.1376
vn 0.0142 0.9943 0.1057
vn 0.0082 0.9978 0.0653
vn -0.2037 0.0001 0.9790
vn -0.3764 0.0001 0.9265
vn -0.0609 0.9688 0.2402
vn -0.0700 0.9809 0.1817
vn -0.0380 0.9850 0.1681
vn -0.0230 0.9738 0.2260
vn -0.0396 0.9826 0.1813
vn -0.1504 0.0001 0.9886
vn 0.0143 -0.0000 0.9999
vn 0.0350 0.9759 0.2154
vn 0.0131 0.9916 0.1284
vn 0.1438 0.9225 0.3583
vn 0.1448 -0.0000 0.9895
vn 0.0961 0.6806 0.7263
vn 0.1101 0.7007 0.7049
vn 0.1578 -0.0000 0.9875
vn 0.1293 -0.0000 0.9916
vn 0.0886 0.6451 0.7590
vn 0.0669 -0.0000 -0.9978
vn 0.0544 0.2461 -0.9677
vn 0.0545 0.2206 -0.9738
vn 0.0671 -0.0000 -0.9977
vn 0.0491 -0.0000 -0.9988
vn 0.0447 0.2614 -0.9642
vn 0.0542 0.1985 -0.9786
vn 0.0602 -0.0000 -0.9982
vn 0.1219 -0.0000 0.9925
vn 0.1227 -0.0000 0.9924
vn 0.1014 0.6366 0.7645
vn 0.0953 0.6262 0.7738
vn 0.0140 -0.0000 -0.9999
vn 0.0387 -0.0000 -0.9992
vn 0.0461 0.1669 -0.9849
vn 0.0255 0.2022 -0.9790
vn 0.0341 0.2372 -0.9709
vn 0.0232 -0.0000 -0.9997
vn 0.0394 -0.0000 -0.9992
vn 0.0419 0.2491 -0.9676
vn 0.0421 0.2497 -0.9674
vn 0.0407 -0.0000 -0.9992
vn 0.0748 -0.0000 0.9972
vn 0.0539 0.4867 0.8719
vn 0.0425 0.5122 0.8578
vn 0.0580 -0.0000 0.9983
vn 0.0596 -0.0000 0.9982
vn 0.0375 0.4543 0.8901
vn 0.0686 -0.0001 -0.9976
vn 0.0602 0.6099 -0.7902
vn 0.0761 0.6168 -0.7834
vn 0.0937 -0.0001 -0.9956
vn 0.0150 -0.0001 -0.9999
vn 0.0236 0.5783 -0.8155
vn -0.3201 0.1998 0.9261
vn -0.6927 0.4971 0.5226
vn -0.4000 0.7710 0.4955
vn -0.2965 0.4077 0.8636
vn -0.3161 -0.0000 0.9487
vn -0.8275 -0.0000 0.5614
vn -0.2649 0.3821 0.8854
vn -0.2420 0.4084 0.8801
vn -0.6626 0.7269 -0.1806
vn -0.0434 0.8556 -0.5158
vn -0.0434 0.8601 -0.5082
vn -0.2022 0.9753 -0.0885
vn -0.8138 -0.5788 -0.0522
vn -0.1503 -0.1943 -0.9694
vn -0.1003 -0.0154 -0.9948
vn -0.0667 0.5999 -0.7973
vn -0.0144 0.8892 -0.4573
vn -0.0910 0.9656 -0.2435
vn -0.1399 0.9875 0.0722
vn -0.0962 0.9725 0.2122
vn -0.0498 0.9370 0.3458
vn -0.2529 0.7369 0.6269
vn -0.2989 0.0712 0.9516
vn -0.0784 -0.1251 -0.9890
vn -0.0626 0.0597 -0.9963
vn -0.0982 -0.1981 -0.9753
vn -0.0670 -0.1923 -0.9790
vn -0.3048 -0.0393 0.9516
vn -0.0420 0.7691 0.6377
vn -0.0693 0.3013 0.9510
vn -0.0604 0.1147 0.9916
vn -0.1080 0.1139 0.9876
vn -0.1883 0.1349 0.9728
vn -0.0243 0.9923 0.1211
vn -0.0154 0.9906 0.1356
vn -0.0186 0.9945 0.1028
vn -0.0158 0.9963 0.0847
vn -0.0231 0.9952 0.0954
vn -0.1298 0.9722 -0.1947
vn -0.1096 0.9791 -0.1714
vn -0.0153 0.9938 0.1102
vn -0.0181 0.9916 0.1283
vn -0.0080 0.9975 0.0697
vn -0.0189 0.9960 0.0869
vn -0.0167 0.9969 0.0770
vn -0.0129 0.9938 0.1102
vn -0.0175 0.9938 0.1098
vn -0.0283 0.9941 0.1044
vn -0.0321 0.9949 0.0960
vn -0.0365 0.9934 0.1091
vn -0.9739 0.1335 -0.1835
vn -0.1156 -0.1197 -0.9861
vn -0.9478 0.2609 -0.1835
vn -0.2194 -0.0388 -0.9749
vn -0.3805 0.2435 0.8921
vn -0.4322 0.2447 0.8679
vn -0.2253 0.0001 0.9743
vn -0.0319 0.9897 0.1393
vn -0.0286 0.9935 0.1104
vn -0.0486 0.9909 0.1255
vn -0.1512 0.1525 0.9767
vn -0.1448 0.1568 0.9770
vn -0.1550 0.1359 0.9785
vn -0.1641 0.1362 0.9770
vn -0.4212 -0.9070 -0.0009
vn -0.9217 -0.3855 0.0437
vn -0.9363 -0.2807 0.2110
vn -0.2898 -0.8206 0.4925
vn -0.0426 -0.9845 0.1700
vn -0.0481 -0.9879 -0.1471
vn -0.2451 -0.9657 -0.0859
vn -0.0282 -0.8641 0.5025
vn -0.9218 0.1326 0.3644
vn -0.9274 -0.0705 0.3673
vn -0.5948 -0.7604 0.2607
vn -0.9588 0.1115 0.2613
vn -0.3736 0.8578 0.3530
vn -0.3905 0.9122 0.1238
vn -0.8707 0.4559 -0.1847
vn -0.4178 0.8951 -0.1556
vn -0.4010 0.7976 -0.4506
vn -0.7403 0.6007 -0.3019
vn -0.6907 0.0697 -0.7198
vn -0.6616 0.2090 0.7201
vn -0.3749 0.1814 0.9092
vn -0.7462 0.2832 0.6024
vn -0.9170 0.2411 0.3179
vn -0.0874 -0.1265 -0.9881
vn -0.0784 -0.0726 -0.9943
vn -0.0709 -0.0486 -0.9963
vn -0.3548 0.0122 -0.9349
vn -0.0598 -0.0975 -0.9934
vn -0.9988 -0.0386 -0.0306
vn -0.9989 -0.0220 -0.0424
vn -0.9963 -0.0806 0.0313
vn -0.9915 -0.1118 0.0668
vn -0.9991 -0.0232 -0.0367
vn -0.9984 -0.0116 -0.0562
vn -0.9937 -0.0796 0.0791
vn -0.8245 -0.1086 -0.5554
vn -0.5034 -0.2397 -0.8301
vn -0.6076 -0.3903 -0.6918
vn -0.9467 -0.1366 -0.2917
vn -0.9827 -0.0000 -0.1853
vn -0.8283 -0.0000 -0.5603
vn -0.4003 -0.0000 -0.9164
vn -0.9945 -0.0226 -0.1027
vn -0.9953 -0.0000 -0.0970
vn -0.5979 -0.5165 -0.6130
vn -0.9446 -0.1501 -0.2919
vn -0.9949 -0.0210 -0.0989
vn -0.9964 -0.0451 -0.0724
vn -0.9985 -0.0406 -0.0368
vn -0.9988 -0.0014 -0.0499
vn -0.9550 -0.2535 -0.1542
vn -0.9538 -0.3003 -0.0044
vn -0.2288 -0.0876 -0.9695
vn -0.1495 -0.0556 -0.9872
vn -0.0800 -0.0826 -0.9934
vn -0.2078 -0.0789 -0.9750
vn -0.4338 0.1442 0.8894
vn -0.9925 0.0461 -0.1135
vn -0.9660 0.0596 -0.2517
vn -0.9432 0.1642 -0.2889
vn -0.1458 0.1370 0.9798
vn -0.1256 0.1338 0.9830
vn -0.2430 0.1313 0.9611
vn -0.9159 0.3899 -0.0956
vn -0.1253 -0.0886 -0.9882
vn -0.1024 -0.0477 -0.9936
vn -0.1574 0.1597 0.9745
vn -0.1982 0.1690 0.9655
vn -0.9705 0.2392 -0.0317
vn -0.2303 0.0524 -0.9717
vn -0.1043 -0.1035 -0.9891
vn -0.0864 -0.0735 -0.9935
vn -0.1555 0.1453 0.9771
vn -0.5558 0.4249 0.7145
vn -0.1166 0.1402 0.9832
vn -0.0836 0.1313 0.9878
vn -0.0949 0.1338 0.9865
vn -0.1042 0.1404 0.9846
vn -0.4642 0.2908 0.8366
vn -0.6709 0.2683 -0.6913
vn -0.0543 -0.0815 -0.9952
vn -0.0537 -0.0956 -0.9940
vn -0.5017 0.5095 0.6991
vn -0.2705 0.4371 0.8578
vn -0.2510 0.2993 0.9206
vn -0.4611 0.1827 0.8684
vn -0.2817 -0.0206 0.9593
vn -0.4296 0.1030 0.8971
vn -0.0714 0.3662 0.9278
vn -0.2568 0.4061 0.8770
vn 0.4845 0.6875 0.5409
vn 0.3027 0.4140 0.8585
vn -0.4788 0.2695 0.8355
vn 0.6577 0.0874 -0.7482
vn -0.4114 0.3541 0.8398
vn -0.8939 0.1026 0.4364
vn -0.8971 0.2157 0.3857
vn -0.3498 0.4568 0.8179
vn -0.4451 0.5648 0.6949
vn 0.9724 0.0756 0.2205
vn 0.8112 -0.3045 -0.4993
vn 0.4060 -0.4293 -0.8068
vn 0.3902 -0.1105 -0.9141
vn 0.4012 0.2241 -0.8882
vn 0.7593 0.6488 -0.0503
vn 0.4635 0.4007 0.7903
vn 0.6074 0.5127 0.6068
vn -0.0497 0.1374 0.9893
vn -0.0919 0.1450 0.9852
vn -0.0629 0.1351 0.9888
vn -0.0483 0.1330 0.9899
vn -0.0562 0.1349 0.9893
vn -0.0477 0.1378 0.9893
vn -0.5928 0.6066 -0.5297
vn -0.0376 -0.0474 0.9982
vn -0.3053 0.2833 0.9091
vn -0.8041 0.5132 -0.3003
vn -0.0821 0.0091 -0.9966
vn 0.0412 0.0415 -0.9983
vn 0.0858 0.0330 -0.9958
vn -0.1414 -0.0366 -0.9893
vn 0.2470 0.4774 0.8433
vn 0.4120 0.9087 -0.0678
vn 0.0431 0.4135 0.9095
vn 0.0176 0.4483 0.8937
vn 0.0497 0.5512 0.8329
vn 0.1938 0.5095 0.8384
vn -0.5048 0.5637 0.6538
vn -0.1565 0.6092 0.7774
vn -0.1013 0.7890 0.6060
vn -0.5602 0.6721 0.4841
vn -0.9486 0.2752 0.1564
vn -0.8224 0.3715 0.4309
vn -0.2469 0.3674 0.8967
vn -0.4518 0.3682 -0.8126
vn -0.0345 -0.0467 -0.9983
vn -0.1779 0.2119 0.9610
vn -0.5408 0.5198 0.6613
vn -0.5492 0.8269 -0.1208
vn -0.5381 0.5757 0.6157
vn -0.7589 0.6210 0.1960
vn -0.2556 0.9583 0.1282
vn -0.2133 0.7382 0.6399
vn -0.1305 0.2753 0.9525
vn -0.1133 0.3055 0.9454
vn -0.2400 0.9528 0.1857
vn -0.0599 0.4031 -0.9132
vn 0.5824 -0.7733 0.2505
vn 0.8227 -0.5685 -0.0076
vn 0.8793 0.3059 0.3650
vn 0.6517 -0.1127 0.7500
vn 0.2011 -0.1212 0.9720
vn 0.0458 -0.9500 0.3089
vn 0.1834 -0.9802 -0.0752
vn 0.3840 0.6120 0.6914
vn -0.0267 0.3411 0.9396
vn -0.0093 0.2047 0.9788
vn 0.6279 0.1780 0.7577
vn 0.2138 0.0928 0.9725
vn 0.1135 0.3567 -0.9273
vn 0.0610 0.4035 -0.9129
vn 0.1801 0.9705 0.1602
vn 0.3014 0.9512 -0.0668
vn 0.4778 0.8497 -0.2228
vn 0.0904 0.0598 -0.9941
vn 0.0587 0.1713 -0.9835
vn 0.0598 0.2922 0.9545
vn 0.3881 0.9106 0.1423
vn 0.2015 0.9348 0.2926
vn 0.1375 0.3890 -0.9109
vn 0.1358 0.2067 -0.9689
vn 0.0038 0.2084 0.9780
vn 0.0035 0.2205 0.9754
vn 0.1905 0.4370 -0.8791
vn 0.1665 0.5024 -0.8484
vn 0.2454 0.9679 -0.0545
vn 0.4787 0.8764 0.0526
vn 0.0243 0.2566 0.9662
vn 0.1795 0.5961 0.7826
vn 0.2441 0.4062 -0.8806
vn 0.0405 -0.0107 -0.9991
vn 0.0695 0.4056 0.9114
vn 0.1281 0.6332 0.7633
vn 0.4170 0.9089 0.0070
vn -0.0451 0.7952 -0.6047
vn 0.2001 0.2429 -0.9492
vn 0.0140 0.9034 0.4286
vn 0.0741 0.2298 -0.9704
vn 0.0446 0.0758 -0.9961
vn -0.0334 0.1831 0.9825
vn 0.1691 0.8485 0.5014
vn 0.0509 0.6960 -0.7163
vn -0.0380 0.0298 -0.9988
vn 0.0154 -0.0227 -0.9996
vn 0.0254 -0.0315 -0.9992
vn 0.2573 0.9466 -0.1943
vn 0.0232 0.1930 -0.9809
vn -0.0291 0.1541 0.9876
vn -0.0576 0.4355 0.8983
vn 0.5772 0.7689 0.2749
vn 0.5115 0.6017 -0.6135
vn 0.3240 0.3696 -0.8709
vn 0.4269 0.6840 -0.5916
vn 0.1076 0.7613 0.6394
vn 0.4237 0.8936 -0.1481
vn 0.1601 0.2075 0.9650
vn 0.1678 0.2478 0.9542
vn 0.0568 0.3715 0.9267
vn -0.1236 0.1928 0.9734
vn -0.0666 0.1560 0.9855
vn -0.0794 0.1651 0.9831
vn -0.0594 0.1229 0.9906
vn -0.1117 0.2190 0.9693
vn -0.0435 0.1685 0.9847
vn -0.0220 0.1041 0.9943
vn 0.4670 0.5979 -0.6515
vn 0.5539 0.7764 0.3007
vn 0.3743 0.8077 0.4555
vn 0.4154 0.9092 -0.0295
vn 0.5223 0.6532 -0.5481
vn 0.6648 0.2817 0.6919
vn 0.8004 0.5991 -0.0204
vn 0.0895 0.6585 0.7472
vn 0.2093 0.7273 -0.6537
vn 0.3727 0.0670 -0.9255
vn 0.0136 -0.8900 -0.4557
vn 0.0548 0.6802 0.7310
vn 0.1238 0.9467 0.2973
vn 0.0384 0.4131 0.9099
vn -0.0006 0.2566 0.9665
vn -0.0612 0.8686 0.4918
vn 0.0701 0.5274 0.8467
vn -0.0390 0.1717 0.9844
vn -0.2626 -0.3218 0.9097
vn 0.1078 0.9937 0.0292
vn 0.0778 0.9959 -0.0454
vn 0.0960 0.9435 0.3172
vn 0.0830 0.5852 0.8067
vn -0.4253 -0.8839 -0.1947
vn 0.1193 0.9307 -0.3457
vn -0.0396 0.1021 0.9940
vn -0.2036 -0.8162 0.5406
vn -0.1125 -0.9562 -0.2704
vn -0.1143 -0.9500 -0.2904
vn -0.1844 -0.9787 -0.0906
vn -0.0922 -0.9944 -0.0524
vn -0.0764 -0.9946 0.0701
vn -0.2130 -0.9767 -0.0255
vn -0.1991 -0.9551 -0.2193
vn -0.1321 -0.9558 -0.2627
vn -0.2351 -0.9635 -0.1279
vn -0.0746 0.8554 0.5125
vn -0.0067 0.8784 0.4779
vn -0.1213 0.9474 0.2961
vn -0.0602 0.9443 0.3235
vn -0.0484 0.8430 0.5357
vn -0.0900 0.8205 0.5645
vn -0.0117 0.8389 0.5441
vn -0.7266 0.2520 -0.6392
vn -0.6461 0.1323 -0.7517
vn -0.5140 0.4092 -0.7539
vn 0.0172 0.9633 0.2679
vn -0.2242 -0.1799 0.9578
vn -0.1686 -0.9447 -0.2813
vn -0.2140 -0.9321 -0.2922
vn -0.1871 -0.9049 -0.3823
vn -0.4751 0.8620 -0.1766
vn -0.0448 0.9322 0.3590
vn 0.0169 0.9141 0.4052
vn -0.0020 0.9563 0.2923
vn 0.0038 0.9778 0.2094
vn -0.5935 0.5132 -0.6200
vn -0.4687 -0.5207 -0.7136
vn -0.2824 -0.6966 -0.6595
vn -0.8502 -0.1207 0.5124
vn -0.4074 0.9118 -0.0512
vn -0.5806 -0.6234 -0.5237
vn -0.1735 -0.8907 -0.4201
vn 0.0250 0.9937 -0.1090
vn 0.0223 0.9887 -0.1481
vn 0.0221 0.9882 -0.1513
vn 0.0641 0.0081 -0.9979
vn 0.0641 -0.0000 -0.9979
vn 0.0604 -0.0000 -0.9982
vn 0.0603 0.0309 -0.9977
vn 0.9869 -0.0248 0.1595
vn 0.9869 -0.0244 0.1594
vn 0.9872 -0.0000 0.1594
vn 0.1131 0.2376 -0.9647
vn 0.0640 0.2855 -0.9562
vn 0.0687 0.2274 -0.9714
vn 0.0705 0.2610 -0.9628
vn 0.0877 0.4974 -0.8631
vn 0.1541 -0.0000 -0.9880
vn 0.0673 0.3272 -0.9426
vn 0.0627 0.4511 -0.8903
vn 0.0357 0.8644 -0.5015
vn 0.0146 0.9921 -0.1246
vn -0.0065 0.9966 -0.0824
vn -0.9288 -0.2897 -0.2310
vn -0.7122 -0.2272 -0.6642
vn -0.4767 -0.0000 -0.8790
vn -0.9704 -0.0000 -0.2414
vn 0.0220 -0.0496 -0.9985
vn 0.0173 -0.0000 -0.9999
vn 0.1514 0.8718 -0.4659
vn 0.0456 0.9895 -0.1374
vn 0.0406 0.9416 -0.3342
vn 0.0757 0.6793 -0.7299
vn 0.0594 0.3603 -0.9309
vn 0.0345 0.6551 -0.7548
vn 0.0608 0.2393 -0.9690
vn 0.0481 0.3452 -0.9373
vn 0.0308 0.5259 -0.8500
vn 0.0094 0.7201 -0.6938
vn 0.0076 -0.0001 -1.0000
vn 0.0439 -0.0001 -0.9990
vn 0.3304 -0.0001 -0.9439
vn 0.2918 0.6020 -0.7433
vn 0.1022 0.4838 -0.8692
vn 0.3894 0.7996 0.4572
vn 0.0313 0.3878 0.9212
vn 0.0792 0.2155 -0.9733
vn 0.0727 0.2102 -0.9750
vn 0.0782 0.3172 -0.9451
vn 0.0974 0.3054 -0.9472
vn 0.0822 0.2433 -0.9665
vn -0.0128 0.3045 0.9524
vn -0.0243 0.4045 0.9142
vn -0.0109 0.2836 0.9589
vn -0.0147 0.2318 0.9726
vn 0.0012 0.2137 0.9769
vn 0.0014 0.2207 0.9753
vn 0.4351 0.9004 0.0022
vn 0.3096 0.9152 0.2579
vn 0.2945 0.8234 0.4851
vn 0.3964 0.9150 0.0746
vn 0.5033 0.8483 -0.1646
vn 0.1295 0.7645 -0.6315
vn 0.3731 0.9178 -0.1355
vn 0.2761 0.9409 -0.1962
vn 0.1864 0.9597 -0.2102
vn 0.1643 0.9205 0.3546
vn 0.3853 0.9031 -0.1897
vn 0.2150 0.8681 -0.4474
vn 0.1532 0.8218 -0.5488
vn 0.1467 0.7636 -0.6288
vn 0.1719 0.9834 -0.0588
vn 0.1786 0.7993 -0.5738
vn 0.1243 0.7768 -0.6173
vn 0.1269 0.7069 -0.6958
vn 0.1650 0.6760 -0.7182
vn 0.1768 0.8744 -0.4519
vn 0.1023 0.7118 -0.6948
vn 0.1098 0.6740 -0.7305
vn 0.1307 0.5827 -0.8021
vn 0.0948 0.5266 -0.8448
vn 0.1208 0.8191 -0.5608
vn 0.0962 0.6516 -0.7525
vn 0.1032 0.5742 -0.8122
vn 0.0888 0.5148 -0.8527
vn 0.1816 0.7207 -0.6690
vn 0.1444 0.8629 -0.4842
vn 0.0907 0.6089 -0.7880
vn 0.0812 0.5418 -0.8366
vn 0.1289 0.5619 -0.8171
vn 0.2825 0.8857 -0.3684
vn 0.2496 0.9657 0.0719
vn 0.0716 0.5883 -0.8054
vn 0.0686 0.4900 -0.8690
vn 0.1644 0.5304 -0.8317
vn 0.2484 0.8221 -0.5122
vn 0.1958 0.8293 0.5234
vn 0.0481 0.5488 -0.8346
vn 0.0683 0.3987 -0.9145
vn 0.0850 0.3141 -0.9456
vn 0.0718 0.3048 -0.9497
vn 0.0714 0.3359 -0.9392
vn 0.0565 0.5360 -0.8423
vn 0.0725 0.4395 -0.8953
vn 0.0634 0.3930 -0.9174
vn 0.0597 0.3573 -0.9321
vn 0.0790 0.2930 -0.9528
vn 0.0529 0.6109 -0.7899
vn 0.0453 0.5912 -0.8052
vn 0.0376 0.5703 -0.8206
vn 0.0239 0.5311 -0.8470
vn 0.0531 0.3156 -0.9474
vn 0.0403 0.6273 -0.7778
vn 0.0285 0.6415 -0.7666
vn 0.0124 0.6860 -0.7275
vn -0.0037 0.7318 -0.6815
vn 0.0178 0.4479 -0.8939
vn 0.0431 0.5036 -0.8629
vn 0.0448 0.5815 -0.8123
vn 0.0205 0.6799 -0.7330
vn -0.0046 0.7330 -0.6802
vn 0.0086 0.6733 -0.7393
vn 0.0755 -0.0000 -0.9971
vn 0.0489 -0.0000 -0.9988
vn -0.0004 -0.0001 -1.0000
vn 0.0773 -0.0000 -0.9970
vn 0.0688 -0.0000 -0.9976
vn 0.0676 0.0741 -0.9950
vn 0.0764 0.0688 -0.9947
vn 0.0330 0.9696 -0.2425
vn 0.0316 0.9431 -0.3310
vn 0.0323 0.9437 -0.3294
vn 0.0329 0.9697 -0.2421
vn 0.0785 0.2371 -0.9683
vn 0.0771 0.2315 -0.9698
vn 0.0755 0.2085 -0.9751
vn 0.0783 0.2108 -0.9744
vn 0.0719 0.1776 -0.9815
vn 0.0762 0.1765 -0.9814
vn 0.0756 0.1816 -0.9805
vn 0.0760 0.1832 -0.9801
vn 0.0734 0.1734 -0.9821
vn 0.0721 0.1707 -0.9827
vn 0.0739 0.1913 -0.9788
vn 0.0766 0.1829 -0.9801
vn 0.0729 0.2132 -0.9743
vn 0.0718 0.2016 -0.9768
vn 0.0701 0.2449 -0.9670
vn 0.0768 0.1728 -0.9819
vn 0.0723 0.1787 -0.9812
vn 0.0604 0.1939 -0.9792
vn 0.0706 0.1764 -0.9818
vn 0.0626 0.1776 -0.9821
vn 0.0602 0.1878 -0.9804
vn 0.0573 0.2199 -0.9738
vn 0.0620 0.1994 -0.9779
vn 0.0564 0.2607 -0.9638
vn 0.0608 0.2265 -0.9721
vn 0.0398 0.3374 -0.9405
vn 0.0526 0.2711 -0.9611
vn 0.0660 0.2416 -0.9681
vn 0.0733 0.2364 -0.9689
vn 0.0819 0.2616 -0.9617
vn 0.0801 0.2683 -0.9600
vn 0.0999 0.2935 -0.9507
vn 0.0895 0.3363 -0.9375
vn 0.0242 0.4758 0.8792
vn 0.0419 0.4937 0.8686
vn 0.0267 0.4179 0.9081
vn 0.0190 0.4283 0.9034
vn 0.0379 0.4739 0.8798
vn 0.0500 0.4960 0.8669
vn 0.0077 0.3467 0.9380
vn 0.0151 0.3881 0.9215
vn 0.0789 0.5979 0.7977
vn 0.0012 0.3024 0.9532
vn 0.0102 0.3426 0.9394
vn 0.1127 0.8032 0.5849
vn -0.0018 0.2634 0.9647
vn 0.0508 0.5385 0.8411
vn 0.0865 0.9950 0.0502
vn 0.0192 0.3645 0.9310
vn 0.0406 0.7060 0.7071
vn 0.1175 0.9864 0.1152
vn 0.0027 0.4877 0.8730
vn 0.0424 0.7221 0.6905
vn 0.1395 0.9360 0.3232
vn 0.0013 0.5556 0.8314
vn 0.0606 0.6552 0.7530
vn 0.1028 0.8086 0.5794
vn 0.0368 0.6630 0.7477
vn 0.0642 0.7626 0.6437
vn 0.1309 0.8247 0.5503
vn 0.0485 0.7610 0.6469
vn 0.1175 0.8018 0.5860
vn 0.2862 0.8005 0.5265
vn 0.1066 0.7724 0.6261
vn 0.2799 0.7719 0.5708
vn 0.5002 0.5999 0.6244
vn 0.4713 0.6496 0.5966
vn 0.8017 0.5929 -0.0754
vn 0.7124 0.6993 -0.0588
vn 0.3573 0.5577 -0.7492
vn 0.3435 0.6190 -0.7063
vn 0.3624 0.8349 -0.4143
vn 0.1539 0.7286 -0.6675
vn 0.1493 0.7222 -0.6753
vn 0.0945 0.6998 -0.7080
vn 0.1427 0.7101 -0.6895
vn 0.0880 0.7012 -0.7076
vn 0.0886 0.6648 -0.7417
vn 0.0830 0.7004 -0.7089
vn 0.0842 0.6789 -0.7294
vn 0.0828 0.6460 -0.7588
vn 0.0813 0.6864 -0.7227
vn 0.0781 0.6698 -0.7384
vn 0.0659 0.6396 -0.7659
vn 0.0755 0.6843 -0.7253
vn 0.0631 0.6722 -0.7377
vn 0.0443 0.6345 -0.7716
vn 0.0629 0.6878 -0.7232
vn 0.0430 0.6796 -0.7324
vn 0.0440 0.6484 -0.7600
vn 0.0363 0.6567 -0.7533
vn 0.0308 0.6355 -0.7715
vn 0.0452 0.6232 -0.7808
vn 0.0120 0.5147 -0.8573
vn 0.0454 0.4700 -0.8815
vn 0.0517 0.4706 -0.8808
vn 0.0472 -0.0000 -0.9989
vn 0.0621 -0.0000 -0.9981
vn 0.0571 -0.0000 -0.9984
vn 0.0312 -0.0000 -0.9995
vn 0.0240 -0.0000 -0.9997
vn 0.0549 0.4726 -0.8796
vn 0.0313 0.0680 -0.9972
vn 0.0361 0.9029 -0.4284
vn 0.0843 0.5248 -0.8470
vn 0.0370 0.9014 -0.4313
vn 0.0651 0.2213 -0.9730
vn 0.0733 0.2030 -0.9764
vn 0.0684 0.2015 -0.9771
vn 0.0646 0.1938 -0.9789
vn 0.0687 0.1853 -0.9803
vn 0.0636 0.1847 -0.9807
vn 0.0655 0.1909 -0.9794
vn 0.0726 0.1898 -0.9791
vn 0.0694 0.1939 -0.9786
vn 0.0725 0.1990 -0.9773
vn 0.0718 0.1898 -0.9792
vn 0.0726 0.2033 -0.9764
vn 0.0718 0.2074 -0.9756
vn 0.0773 0.2089 -0.9749
vn 0.0726 0.1831 -0.9804
vn 0.0786 0.2042 -0.9758
vn 0.0750 0.1800 -0.9808
vn 0.0764 0.1918 -0.9785
vn 0.0775 0.2244 -0.9714
vn 0.0765 0.2171 -0.9731
vn 0.0819 0.2776 -0.9572
vn 0.0931 0.2926 -0.9517
vn 0.1463 0.4903 -0.8592
vn 0.1713 0.8067 -0.5656
vn 0.0854 0.9951 0.0495
vn 0.0782 0.5935 0.8010
vn -0.0211 0.3097 0.9506
vn -0.0059 0.2240 0.9746
vn -0.0202 0.1920 0.9812
vn -0.0213 0.1681 0.9855
vn -0.0180 0.1630 0.9865
vn -0.0236 0.1607 0.9867
vn -0.0213 0.1641 0.9862
vn -0.0128 0.1781 0.9839
vn -0.0162 0.1731 0.9848
vn -0.0091 0.1909 0.9816
vn -0.0148 0.1743 0.9846
vn -0.0136 0.1927 0.9812
vn -0.0095 0.2210 0.9752
vn -0.0109 0.1926 0.9812
vn -0.0043 0.2262 0.9741
vn 0.0071 0.2717 0.9623
vn -0.0036 0.2410 0.9705
vn 0.0208 0.3117 0.9500
vn 0.0389 0.3535 0.9346
vn 0.0129 0.2981 0.9544
vn 0.0704 0.3284 -0.9419
vn 0.0627 0.2939 -0.9538
vn 0.0687 0.2677 -0.9610
vn 0.0335 0.3728 0.9273
vn 0.0557 0.4448 0.8939
vn 0.0028 0.2688 0.9632
vn 0.0070 0.3131 0.9497
vn -0.0088 0.2299 0.9732
vn -0.0049 0.2621 0.9650
vn -0.0007 0.2839 0.9589
vn -0.0116 0.2277 0.9737
vn -0.0057 0.2439 0.9698
vn -0.0041 0.2575 0.9663
vn -0.0090 0.2182 0.9759
vn -0.0067 0.2256 0.9742
vn -0.0039 0.2249 0.9744
vn -0.0083 0.2272 0.9738
vn -0.0057 0.2477 0.9688
vn -0.0039 0.3187 0.9478
vn -0.0061 0.3585 0.9335
vn -0.0150 0.3653 0.9308
vn -0.0205 0.4494 0.8931
vn -0.0152 0.5187 0.8548
vn -0.0373 0.5036 0.8632
vn -0.0188 0.5740 0.8186
vn -0.0423 0.6337 0.7724
vn -0.0384 0.6341 0.7723
vn 0.0198 0.7016 0.7123
vn -0.0507 0.7313 0.6802
vn 0.0093 0.7443 0.6678
vn 0.0422 0.7599 0.6487
vn 0.0049 0.7652 0.6437
vn 0.0436 0.7587 0.6500
vn 0.0987 0.7613 0.6409
vn 0.0452 0.7065 0.7063
vn 0.0893 0.7023 0.7062
vn 0.2675 0.7121 0.6491
vn 0.2756 0.7623 0.5856
vn 0.5306 0.5914 0.6072
vn 0.5325 0.5811 0.6154
vn 0.8529 0.5208 -0.0359
vn 0.8605 0.4957 -0.1177
vn 0.3977 0.5479 -0.7359
vn 0.3693 0.5190 -0.7709
vn 0.1430 0.7008 -0.6989
vn 0.4202 0.5503 -0.7215
vn 0.1475 0.6970 -0.7017
vn 0.0797 0.7019 -0.7078
vn 0.1507 0.6938 -0.7043
vn 0.0779 0.7018 -0.7081
vn 0.0792 0.6943 -0.7153
vn 0.0823 0.6734 -0.7347
vn 0.0784 0.6879 -0.7216
vn 0.0746 0.6873 -0.7225
vn 0.0780 0.6662 -0.7417
vn 0.0754 0.6639 -0.7440
vn 0.0619 0.6659 -0.7435
vn 0.0819 0.6106 -0.7877
vn 0.0933 0.6381 -0.7642
vn 0.1094 0.5716 -0.8132
vn 0.1379 -0.0001 -0.9904
vn 0.1042 -0.0001 -0.9946
vn -0.0005 -0.0000 -1.0000
vn 0.0626 -0.0000 -0.9980
vn 0.0913 -0.0000 -0.9958
vn 0.0807 0.4221 -0.9030
vn 0.0770 0.4124 -0.9077
vn 0.0787 0.3783 -0.9223
vn 0.0870 0.4168 -0.9048
vn 0.0804 0.2317 -0.9695
vn 0.0762 0.2207 -0.9723
vn 0.0779 0.1958 -0.9775
vn 0.0684 0.1949 -0.9784
vn 0.0740 0.1707 -0.9825
vn 0.0697 0.1746 -0.9822
vn 0.0694 0.1357 -0.9883
vn 0.0720 0.1438 -0.9870
vn 0.0707 0.1689 -0.9831
vn 0.0815 0.1396 -0.9868
vn 0.0818 0.1670 -0.9826
vn 0.0764 0.1903 -0.9788
vn 0.0913 0.1878 -0.9779
vn 0.0852 0.2012 -0.9758
vn 0.0790 0.2234 -0.9715
vn 0.0998 0.2628 -0.9597
vn 0.0844 0.2610 -0.9616
vn 0.0855 0.2616 -0.9614
vn 0.0784 0.2351 -0.9688
vn 0.0866 0.2742 -0.9578
vn 0.0806 0.2347 -0.9687
vn 0.1083 0.3539 -0.9290
vn 0.0996 0.3781 -0.9204
vn 0.1252 0.4160 -0.9007
vn 0.1042 0.4463 -0.8888
vn 0.2140 0.9448 0.2481
vn -0.0026 0.3013 0.9535
vn -0.0102 0.2504 0.9681
vn 0.0018 0.2382 0.9712
vn -0.0209 0.1698 0.9853
vn -0.0187 0.1683 0.9856
vn -0.0202 0.1673 0.9857
vn -0.0255 0.1476 0.9887
vn -0.0240 0.1515 0.9882
vn -0.0210 0.1519 0.9882
vn -0.0224 0.1471 0.9889
vn -0.0250 0.1464 0.9889
vn -0.0250 0.1500 0.9884
vn -0.0246 0.1562 0.9874
vn -0.0256 0.1501 0.9883
vn -0.0234 0.1569 0.9873
vn -0.0279 0.1655 0.9858
vn -0.0225 0.1661 0.9859
vn -0.0125 0.1946 0.9808
vn -0.0129 0.1714 0.9851
vn -0.0147 0.2396 0.9708
vn -0.0143 0.1710 0.9852
vn -0.0138 0.1680 0.9857
vn -0.0216 0.1798 0.9835
vn -0.0174 0.1816 0.9832
vn -0.0111 0.2031 0.9791
vn -0.0160 0.2064 0.9783
vn -0.0205 0.1958 0.9804
vn -0.0147 0.2086 0.9779
vn -0.0185 0.2395 0.9707
vn -0.0147 0.2211 0.9751
vn -0.0102 0.2202 0.9754
vn -0.0006 0.4629 0.8864
vn -0.0024 0.4179 0.9085
vn -0.0042 0.3880 0.9216
vn 0.0133 0.7263 0.6872
vn 0.0080 0.6879 0.7258
vn 0.0054 0.6140 0.7893
vn 0.0194 0.8415 0.5398
vn 0.0171 0.8098 0.5865
vn -0.0002 0.7353 0.6777
vn 0.0195 0.8814 0.4719
vn 0.0124 0.8583 0.5131
vn -0.0316 0.7916 0.6102
vn 0.0161 0.8795 0.4756
vn -0.0160 0.8562 0.5163
vn -0.0447 0.7967 0.6028
vn -0.0025 0.8210 0.5710
vn -0.0294 0.7859 0.6176
vn 0.0058 0.7428 0.6695
vn -0.0198 0.7609 0.6486
vn 0.0153 0.7197 0.6942
vn 0.0500 0.6617 0.7481
vn 0.0257 0.6244 0.7807
vn 0.0529 0.6032 0.7958
vn 0.0836 0.6010 0.7949
vn 0.0850 0.6330 0.7694
vn 0.2631 0.5978 0.7572
vn 0.2684 0.6327 0.7264
vn 0.5440 0.5808 0.6057
vn 0.5388 0.6193 0.5711
vn 0.7572 0.6327 0.1622
vn 0.7577 0.5460 -0.3574
vn 0.4048 0.6207 -0.6714
vn 0.7979 0.6025 -0.0199
vn 0.3656 0.6091 -0.7038
vn 0.1597 0.6243 -0.7647
vn 0.4011 0.5041 -0.7649
vn 0.1834 0.5324 -0.8264
vn 0.4199 0.4246 -0.8021
vn 0.2029 0.4901 -0.8477
vn 0.4581 -0.0001 -0.8889
vn 0.2364 -0.0001 -0.9717
vn 0.0832 -0.0000 -0.9965
vn 0.0850 -0.0000 -0.9964
vn 0.0835 0.4048 -0.9106
vn 0.0794 0.4272 -0.9007
vn 0.0907 0.3550 -0.9305
vn 0.0842 0.3664 -0.9266
vn 0.0868 0.2521 -0.9638
vn 0.0793 0.2395 -0.9677
vn 0.0762 0.2053 -0.9757
vn 0.0701 0.2013 -0.9770
vn 0.0718 0.1601 -0.9845
vn 0.0692 0.1667 -0.9836
vn 0.0692 0.1331 -0.9887
vn 0.0707 0.1333 -0.9886
vn 0.0699 0.1370 -0.9881
vn 0.0694 0.1315 -0.9889
vn 0.0690 0.1252 -0.9897
vn 0.0708 0.1727 -0.9824
vn 0.0801 0.1733 -0.9816
vn 0.0977 0.1829 -0.9783
vn 0.1016 0.2693 -0.9577
vn 0.1131 0.2665 -0.9572
vn 0.1100 0.2593 -0.9595
vn 0.1719 0.5250 -0.8336
vn 0.1967 0.5616 -0.8037
vn 0.1217 0.5035 -0.8554
vn 0.2389 0.9159 0.3226
vn 0.1626 0.9458 0.2810
vn 0.1124 0.9935 0.0165
vn 0.0803 0.3720 -0.9247
vn 0.0196 0.2565 0.9664
vn 0.0091 0.2951 0.9554
vn -0.0052 0.2794 0.9602
vn 0.0052 0.3683 0.9297
vn -0.0154 0.1671 0.9858
vn -0.0252 0.1360 0.9904
vn -0.0281 0.1481 0.9886
vn -0.0236 0.1456 0.9891
vn -0.0305 0.1363 0.9902
vn -0.0254 0.1390 0.9900
vn -0.0284 0.1499 0.9883
vn -0.0314 0.1320 0.9907
vn -0.0308 0.1409 0.9895
vn -0.0225 0.1485 0.9887
vn -0.0316 0.1628 0.9862
vn -0.0228 0.2113 0.9772
vn -0.0166 0.2872 0.9577
vn -0.0249 0.1711 0.9849
vn -0.0111 0.4238 0.9057
vn -0.0202 0.2024 0.9791
vn -0.0037 0.5948 0.8039
vn -0.0206 0.2716 0.9622
vn 0.0254 0.7278 0.6854
vn -0.0086 0.3858 0.9225
vn 0.0490 0.8168 0.5748
vn 0.0182 0.5028 0.8642
vn 0.0303 0.8523 0.5222
vn 0.0050 0.5807 0.8141
vn 0.0179 0.8373 0.5465
vn -0.0027 0.5882 0.8087
vn -0.0194 0.2621 0.9649
vn -0.0001 0.5352 0.8447
vn 0.0213 0.8017 0.5974
vn 0.0222 0.7629 0.6462
vn 0.0302 0.8900 0.4550
vn 0.0330 0.8805 0.4730
vn 0.0258 0.8674 0.4969
vn 0.0377 0.9203 0.3894
vn 0.0346 0.9025 0.4293
vn 0.0251 0.8881 0.4589
vn 0.0413 0.8896 0.4548
vn 0.0243 0.8858 0.4634
vn 0.0229 0.8849 0.4651
vn 0.0199 0.8119 0.5834
vn 0.0281 0.8223 0.5684
vn 0.0204 0.8276 0.5610
vn 0.0294 0.7669 0.6411
vn 0.0248 0.7696 0.6380
vn 0.0029 0.7690 0.6392
vn 0.0295 0.6549 0.7552
vn 0.0077 0.6626 0.7489
vn -0.0110 0.6530 0.7573
vn 0.0136 0.5291 0.8485
vn -0.0018 0.5093 0.8606
vn 0.0309 0.4836 0.8747
vn 0.0057 0.4344 0.9007
vn 0.0358 0.4060 0.9132
vn 0.0447 0.3968 0.9168
vn 0.0483 0.4811 0.8753
vn 0.0749 0.3888 0.9183
vn 0.0775 0.5025 0.8611
vn 0.2531 0.4277 0.8678
vn 0.2590 0.5424 0.7992
vn 0.5835 0.4705 0.6619
vn 0.5815 0.4809 0.6562
vn 0.7416 0.6249 -0.2439
vn 0.5832 0.4293 0.6896
vn 0.8290 0.5222 -0.2003
vn 0.6365 -0.0001 0.7712
vn 0.9817 -0.0001 -0.1906
vn 0.0853 -0.0000 -0.9964
vn 0.0851 -0.0000 -0.9964
vn 0.0864 0.3504 -0.9326
vn 0.0846 0.3782 -0.9219
vn 0.0917 0.3315 -0.9390
vn 0.0917 0.3421 -0.9352
vn 0.0866 0.2662 -0.9600
vn 0.0912 0.2595 -0.9614
vn 0.0758 0.2115 -0.9744
vn 0.0830 0.2086 -0.9745
vn 0.0725 0.1495 -0.9861
vn 0.0772 0.1559 -0.9847
vn 0.0782 0.1434 -0.9866
vn 0.0737 0.1405 -0.9873
vn 0.0788 0.1487 -0.9857
vn 0.0681 0.1401 -0.9878
vn 0.0762 0.1547 -0.9850
vn 0.0728 0.1618 -0.9841
vn 0.0782 0.1731 -0.9818
vn 0.0911 0.2280 -0.9694
vn 0.0923 0.2370 -0.9671
vn 0.0858 0.2523 -0.9638
vn 0.1307 0.4446 -0.8861
vn 0.1271 0.4392 -0.8894
vn 0.1435 0.4778 -0.8667
vn 0.1960 0.9797 0.0421
vn 0.1939 0.9659 0.1719
vn 0.2240 0.9522 0.2077
vn 0.0165 0.2899 0.9569
vn 0.0109 0.2682 0.9633
vn 0.0099 0.2495 0.9683
vn -0.0119 0.1615 0.9868
vn -0.0179 0.1463 0.9891
vn -0.0128 0.1530 0.9881
vn -0.0239 0.1254 0.9918
vn -0.0218 0.1269 0.9917
vn -0.0251 0.1207 0.9924
vn -0.0241 0.1178 0.9927
vn -0.0335 0.1300 0.9909
vn -0.0252 0.1314 0.9910
vn -0.0331 0.1364 0.9901
vn -0.0312 0.1247 0.9917
vn -0.0278 0.1320 0.9909
vn -0.0318 0.1246 0.9917
vn -0.0353 0.1379 0.9898
vn -0.0283 0.2410 0.9701
vn -0.0174 0.3414 0.9397
vn -0.0079 0.4314 0.9021
vn 0.0216 0.7376 0.6749
vn 0.0382 0.8157 0.5773
vn 0.0467 0.8709 0.4892
vn 0.0053 0.5353 0.8446
vn 0.0552 0.9257 0.3742
vn 0.0236 0.6568 0.7537
vn 0.0519 0.9565 0.2870
vn 0.0200 0.7898 0.6130
vn 0.0578 0.9528 0.2982
vn 0.0260 0.8666 0.4984
vn 0.0556 0.9446 0.3234
vn 0.0449 0.8961 0.4415
vn 0.0565 0.9446 0.3233
vn 0.0548 0.9205 0.3869
vn 0.0533 0.9367 0.3461
vn 0.0439 0.9261 0.3748
vn 0.0397 0.9250 0.3780
vn 0.0312 0.9090 0.4156
vn 0.0315 0.9239 0.3814
vn 0.0429 0.9107 0.4109
vn 0.0294 0.9122 0.4087
vn 0.0430 0.9069 0.4192
vn 0.0279 0.8664 0.4986
vn 0.0497 0.8584 0.5106
vn 0.0488 0.8254 0.5625
vn 0.0545 0.7700 0.6357
vn 0.0557 0.7566 0.6515
vn 0.0160 0.7547 0.6559
vn 0.0572 0.6384 0.7676
vn 0.0157 0.6423 0.7663
vn 0.0319 0.6412 0.7667
vn 0.0174 0.5020 0.8647
vn 0.0334 0.5021 0.8642
vn 0.0309 0.5204 0.8534
vn 0.0350 0.3997 0.9160
vn 0.0290 0.4087 0.9122
vn 0.0142 0.4380 0.8988
vn 0.0264 0.2569 0.9661
vn 0.0117 0.2899 0.9570
vn 0.0134 0.2903 0.9568
vn 0.0104 -0.0000 0.9999
vn 0.0172 -0.0000 0.9999
vn 0.0431 -0.0000 0.9991
vn 0.0406 0.2660 0.9631
vn 0.0411 -0.0000 0.9992
vn 0.0427 0.2641 0.9636
vn 0.0769 -0.0000 0.9970
vn 0.0758 0.2644 0.9614
vn 0.2562 -0.0001 0.9666
vn 0.2484 0.3208 0.9140
vn 0.0725 -0.0000 -0.9974
vn 0.0705 -0.0000 -0.9975
vn 0.0718 0.3002 -0.9512
vn 0.0755 0.3212 -0.9440
vn 0.0800 0.2951 -0.9521
vn 0.0855 0.3170 -0.9446
vn 0.0842 0.2736 -0.9581
vn 0.0869 0.2724 -0.9583
vn 0.0782 0.2026 -0.9761
vn 0.0805 0.2073 -0.9749
vn 0.0730 0.1516 -0.9857
vn 0.0751 0.1478 -0.9862
vn 0.0702 0.1405 -0.9876
vn 0.0709 0.1407 -0.9875
vn 0.0692 0.1192 -0.9905
vn 0.0770 0.1399 -0.9872
vn 0.0820 0.1368 -0.9872
vn 0.0880 0.1522 -0.9844
vn 0.0999 0.1845 -0.9777
vn 0.1005 0.1930 -0.9760
vn 0.0903 0.2108 -0.9733
vn 0.1287 0.2782 -0.9519
vn 0.1327 0.3399 -0.9311
vn 0.1403 0.4230 -0.8952
vn 0.2427 0.9664 -0.0851
vn 0.2244 0.9702 0.0911
vn 0.2201 0.9701 0.1023
vn 0.0352 0.3378 0.9406
vn 0.0491 0.3278 0.9435
vn 0.0255 0.3328 0.9427
vn -0.0002 0.1361 0.9907
vn -0.0111 0.1547 0.9879
vn -0.0077 0.1670 0.9859
vn -0.0304 0.0993 0.9946
vn -0.0209 0.1136 0.9933
vn -0.0199 0.1183 0.9928
vn -0.0269 0.0915 0.9954
vn -0.0286 0.1090 0.9936
vn -0.0310 0.1034 0.9942
vn -0.0328 0.1213 0.9921
vn -0.0233 0.1216 0.9923
vn -0.0282 0.1259 0.9916
vn -0.0252 0.1207 0.9924
vn -0.0299 0.1368 0.9902
vn -0.0298 0.1190 0.9924
vn -0.0365 0.1305 0.9908
vn -0.0259 0.1618 0.9865
vn -0.0275 0.3538 0.9349
vn -0.0078 0.4893 0.8721
vn -0.0002 0.6275 0.7786
vn 0.0271 0.8768 0.4802
vn 0.0334 0.9124 0.4080
vn 0.0415 0.9396 0.3398
vn 0.0421 0.9716 0.2328
vn 0.0456 0.9723 0.2295
vn 0.0607 0.9681 0.2433
vn 0.0602 0.9571 0.2834
vn 0.0566 0.9697 0.2376
vn 0.0622 0.9674 0.2456
vn 0.0501 0.9658 0.2545
vn 0.0544 0.9771 0.2055
vn 0.0717 0.9436 0.3234
vn 0.0676 0.9734 0.2188
vn 0.0726 0.9236 0.3765
vn 0.0748 0.9560 0.2836
vn 0.0585 0.9047 0.4220
vn 0.0582 0.9438 0.3254
vn 0.0586 0.8681 0.4929
vn 0.0582 0.9311 0.3601
vn 0.0553 0.8423 0.5361
vn 0.0578 0.9170 0.3947
vn 0.0439 0.8512 0.5230
vn 0.0518 0.7536 0.6553
vn 0.0443 0.7538 0.6556
vn 0.0254 0.7671 0.6410
vn 0.0488 0.6354 0.7706
vn 0.0255 0.6219 0.7827
vn 0.0541 0.6234 0.7800
vn 0.0299 0.4985 0.8664
vn 0.0517 0.4932 0.8684
vn 0.0555 0.5042 0.8618
vn 0.0478 0.3831 0.9225
vn 0.0529 0.4189 0.9065
vn 0.0208 0.4215 0.9066
vn 0.0492 0.2779 0.9593
vn 0.0256 0.2765 0.9607
vn 0.0389 0.2507 0.9673
vn 0.0285 -0.0000 0.9996
vn 0.0417 -0.0000 0.9991
vn 0.0248 -0.0000 0.9997
vn 0.0729 -0.0000 -0.9973
vn 0.0722 -0.0000 -0.9974
vn 0.0729 0.2648 -0.9616
vn 0.0755 0.2825 -0.9563
vn 0.0792 0.2743 -0.9584
vn 0.0840 0.2801 -0.9563
vn 0.0775 0.2824 -0.9562
vn 0.0820 0.2764 -0.9575
vn 0.0707 0.2005 -0.9771
vn 0.0690 0.2031 -0.9767
vn 0.0691 0.1374 -0.9881
vn 0.0667 0.1452 -0.9872
vn 0.0705 0.1194 -0.9903
vn 0.0770 0.1321 -0.9882
vn 0.0780 0.1021 -0.9917
vn 0.0793 0.1127 -0.9905
vn 0.0888 0.1144 -0.9895
vn 0.0803 0.1210 -0.9894
vn 0.0981 0.1724 -0.9801
vn 0.0938 0.1743 -0.9802
vn 0.1222 0.3120 -0.9422
vn 0.1164 0.3063 -0.9448
vn 0.1174 0.2775 -0.9535
vn 0.2221 0.9630 -0.1525
vn 0.2422 0.9521 -0.1865
vn 0.2628 0.9500 -0.1687
vn 0.0757 0.4629 0.8832
vn 0.0642 0.4387 0.8963
vn 0.0425 0.3950 0.9177
vn -0.0100 0.1475 0.9890
vn -0.0194 0.1384 0.9902
vn -0.0110 0.1334 0.9910
vn -0.0394 0.0553 0.9977
vn -0.0290 0.0457 0.9985
vn -0.0265 0.0611 0.9978
vn -0.0298 0.0525 0.9982
vn -0.0369 0.0797 0.9961
vn -0.0354 0.0937 0.9950
vn -0.0357 0.1104 0.9932
vn -0.0301 0.0980 0.9947
vn -0.0300 0.1118 0.9933
vn -0.0290 0.1136 0.9931
vn -0.0341 0.1313 0.9908
vn -0.0332 0.1306 0.9909
vn -0.0339 0.1282 0.9912
vn -0.0241 0.1173 0.9928
vn -0.0356 0.1442 0.9889
vn -0.0225 0.1934 0.9809
vn -0.0177 0.2553 0.9667
vn 0.0065 0.5995 0.8003
vn 0.0188 0.7049 0.7090
vn 0.0089 0.8157 0.5784
vn 0.0370 0.9592 0.2804
vn 0.0353 0.9709 0.2369
vn 0.0421 0.9691 0.2430
vn 0.0388 0.9587 0.2816
vn 0.0380 0.9561 0.2906
vn 0.0365 0.9594 0.2798
vn 0.0328 0.9103 0.4125
vn 0.0345 0.9027 0.4289
vn 0.0447 0.8964 0.4410
vn 0.0479 0.9560 0.2893
vn 0.0489 0.8901 0.4531
vn 0.0568 0.9497 0.3080
vn 0.0523 0.8680 0.4939
vn 0.0507 0.9403 0.3365
vn 0.0548 0.8308 0.5538
vn 0.0505 0.9140 0.4027
vn 0.0577 0.7942 0.6049
vn 0.0660 0.8828 0.4652
vn 0.0603 0.7513 0.6572
vn 0.0644 0.8562 0.5126
vn 0.0616 0.7035 0.7080
vn 0.0590 0.8148 0.5767
vn 0.0534 0.6738 0.7370
vn 0.0562 0.7726 0.6324
vn 0.0519 0.6555 0.7534
vn 0.0483 0.5524 0.8322
vn 0.0507 0.5390 0.8408
vn 0.0555 0.5225 0.8508
vn 0.0490 0.4122 0.9098
vn 0.0620 0.4041 0.9126
vn 0.0359 0.3791 0.9247
vn 0.0666 0.2575 0.9640
vn 0.0412 0.2430 0.9692
vn 0.0433 0.2492 0.9675
vn 0.0433 -0.0000 0.9991
vn 0.0422 -0.0000 0.9991
vn 0.0484 -0.0000 0.9988
vn 0.0818 -0.0000 -0.9966
vn 0.0864 -0.0000 -0.9963
vn 0.0799 0.2673 -0.9603
vn 0.0788 0.2589 -0.9627
vn 0.0778 0.2721 -0.9591
vn 0.0790 0.2729 -0.9588
vn 0.0773 0.2840 -0.9557
vn 0.0782 0.2841 -0.9556
vn 0.0677 0.2011 -0.9772
vn 0.0726 0.1971 -0.9777
vn 0.0633 0.1280 -0.9897
vn 0.0693 0.1348 -0.9885
vn 0.0734 0.1075 -0.9915
vn 0.0682 0.1151 -0.9910
vn 0.0765 0.0825 -0.9937
vn 0.0658 0.0868 -0.9941
vn 0.0777 0.0958 -0.9924
vn 0.0745 0.1062 -0.9916
vn 0.0914 0.1852 -0.9784
vn 0.0909 0.1826 -0.9790
vn 0.1102 0.3375 -0.9349
vn 0.1110 0.3155 -0.9424
vn 0.1973 0.9503 -0.2407
vn 0.2057 0.9457 -0.2516
vn 0.2190 0.9560 -0.1949
vn 0.0725 0.5263 0.8472
vn 0.0649 0.4918 0.8683
vn 0.0732 0.4727 0.8782
vn -0.0150 0.1439 0.9895
vn 0.0018 0.1606 0.9870
vn 0.0036 0.1621 0.9868
vn -0.0272 0.0345 0.9990
vn -0.0253 0.0315 0.9992
vn -0.0374 0.0452 0.9983
vn -0.0390 0.0018 0.9992
vn -0.0517 0.0348 0.9981
vn -0.0401 0.0475 0.9981
vn -0.0459 0.0833 0.9955
vn -0.0340 0.0826 0.9960
vn -0.0313 0.0993 0.9946
vn -0.0330 0.1190 0.9923
vn -0.0316 0.1228 0.9919
vn -0.0331 0.1261 0.9915
vn -0.0286 0.1154 0.9929
vn -0.0289 0.1184 0.9925
vn -0.0242 0.1333 0.9908
vn -0.0320 0.1355 0.9903
vn -0.0328 0.1325 0.9906
vn -0.0196 0.4180 0.9083
vn -0.0131 0.4580 0.8889
vn -0.0111 0.5099 0.8602
vn 0.0185 0.8811 0.4726
vn 0.0339 0.8959 0.4430
vn 0.0355 0.9260 0.3759
vn 0.0448 0.9690 0.2431
vn 0.0353 0.9713 0.2354
vn 0.0308 0.9676 0.2504
vn 0.0341 0.9435 0.3296
vn 0.0341 0.9293 0.3678
vn 0.0373 0.9169 0.3973
vn 0.0346 0.8393 0.5426
vn 0.0340 0.8203 0.5709
vn 0.0334 0.8007 0.5981
vn 0.0297 0.6151 0.7879
vn 0.0330 0.5963 0.8021
vn 0.0400 0.5846 0.8104
vn 0.0388 0.7853 0.6179
vn 0.0453 0.5731 0.8182
vn 0.0428 0.7713 0.6350
vn 0.0474 0.5547 0.8307
vn 0.0445 0.7488 0.6613
vn 0.0488 0.5351 0.8434
vn 0.0502 0.7198 0.6924
vn 0.0495 0.5126 0.8572
vn 0.0516 0.6885 0.7234
vn 0.0482 0.4766 0.8778
vn 0.0496 0.6489 0.7593
vn 0.0486 0.4371 0.8981
vn 0.0542 0.6058 0.7937
vn 0.0528 0.4158 0.9079
vn 0.0588 0.5739 0.8168
vn 0.0453 0.4100 0.9109
vn 0.0446 0.2366 0.9706
vn 0.0390 0.2481 0.9680
vn 0.0457 0.2595 0.9647
vn 0.0375 -0.0000 0.9993
vn 0.0458 -0.0000 0.9989
vn 0.0698 -0.0000 0.9976
vn 0.0781 -0.0000 -0.9969
vn 0.0756 -0.0000 -0.9971
vn 0.0695 0.2807 -0.9573
vn 0.0710 0.2794 -0.9575
vn 0.0731 0.2615 -0.9624
vn 0.0719 0.2676 -0.9608
vn 0.0762 0.2899 -0.9540
vn 0.0733 0.2865 -0.9553
vn 0.0730 0.1952 -0.9780
vn 0.0678 0.2025 -0.9769
vn 0.0747 0.1119 -0.9909
vn 0.0674 0.1190 -0.9906
vn 0.0755 0.0936 -0.9927
vn 0.0705 0.0967 -0.9928
vn 0.0705 0.0680 -0.9952
vn 0.0750 0.0750 -0.9944
vn 0.0754 0.0816 -0.9938
vn 0.0846 0.0908 -0.9923
vn 0.1009 0.1784 -0.9788
vn 0.1006 0.1880 -0.9770
vn 0.1371 0.3352 -0.9321
vn 0.1256 0.3478 -0.9291
vn 0.2344 0.9047 -0.3559
vn 0.2181 0.9389 -0.2664
vn 0.1114 0.6242 0.7733
vn 0.0806 0.5711 0.8169
vn 0.0704 0.5480 0.8335
vn -0.0310 0.1371 0.9901
vn -0.0213 0.1387 0.9901
vn -0.0136 0.1314 0.9912
vn -0.0431 0.0155 0.9990
vn -0.0418 0.0172 0.9990
vn -0.0463 0.0337 0.9984
vn -0.0543 -0.0254 0.9982
vn -0.0626 -0.0175 0.9979
vn -0.0379 -0.0148 0.9992
vn -0.0590 0.0194 0.9981
vn -0.0385 0.0328 0.9987
vn -0.0427 0.0657 0.9969
vn -0.0402 0.1064 0.9935
vn -0.0420 0.1150 0.9925
vn -0.0377 0.1125 0.9929
vn -0.0405 0.1177 0.9922
vn -0.0400 0.1259 0.9912
vn -0.0384 0.1414 0.9892
vn -0.0417 0.1396 0.9893
vn -0.0289 0.1361 0.9903
vn -0.0234 0.3921 0.9196
vn -0.0086 0.3919 0.9200
vn -0.0018 0.3963 0.9181
vn 0.0292 0.8396 0.5424
vn 0.0304 0.8561 0.5159
vn 0.0081 0.8713 0.4907
vn 0.0368 0.9835 0.1773
vn 0.0292 0.9798 0.1978
vn 0.0349 0.9708 0.2373
vn 0.0402 0.9541 0.2966
vn 0.0367 0.9500 0.3100
vn 0.0369 0.9493 0.3121
vn 0.0349 0.8705 0.4909
vn 0.0305 0.8610 0.5077
vn 0.0309 0.8521 0.5224
vn 0.0338 0.6740 0.7380
vn 0.0286 0.6550 0.7551
vn 0.0279 0.6360 0.7712
vn 0.0343 0.3724 0.9274
vn 0.0262 0.3551 0.9344
vn 0.0275 0.3385 0.9406
vn 0.0273 -0.0000 0.9996
vn 0.0270 -0.0000 0.9996
vn 0.0308 -0.0000 0.9995
vn 0.0317 0.3275 0.9443
vn 0.0389 -0.0000 0.9992
vn 0.0391 0.3209 0.9463
vn 0.0457 -0.0000 0.9990
vn 0.0461 0.3165 0.9475
vn 0.0483 -0.0000 0.9988
vn 0.0485 0.3116 0.9490
vn 0.0486 -0.0000 0.9988
vn 0.0484 0.3016 0.9522
vn 0.0493 -0.0000 0.9988
vn 0.0492 0.2847 0.9574
vn 0.0487 -0.0000 0.9988
vn 0.0489 0.2618 0.9639
vn 0.0443 -0.0000 0.9990
vn 0.0454 0.2404 0.9696
vn 0.0419 -0.0000 0.9991
vn 0.0378 -0.0000 0.9993
vn 0.0423 0.3873 0.9210
vn 0.0461 -0.0000 0.9989
vn 0.0382 0.3957 0.9176
vn 0.0387 -0.0000 0.9992
vn 0.0368 0.6874 0.7254
vn 0.0414 0.6971 0.7158
vn 0.0437 0.4006 0.9152
vn 0.0406 0.8770 0.4787
vn 0.0408 0.8822 0.4692
vn 0.0475 0.7074 0.7053
vn 0.0366 0.9610 0.2742
vn 0.0284 0.9630 0.2678
vn 0.0332 0.8908 0.4533
vn 0.0373 0.9784 0.2032
vn 0.0420 0.9723 0.2301
vn 0.0348 0.9588 0.2818
vn 0.0214 0.8401 0.5419
vn 0.0236 0.8503 0.5258
vn 0.0399 0.9710 0.2356
vn -0.0167 0.4036 0.9148
vn -0.0175 0.3991 0.9168
vn 0.0191 0.8429 0.5377
vn -0.0367 0.1374 0.9898
vn -0.0414 0.1343 0.9901
vn -0.0154 0.3796 0.9250
vn -0.0399 0.1232 0.9916
vn -0.0429 0.1323 0.9903
vn -0.0428 0.1310 0.9905
vn -0.0363 0.1452 0.9887
vn -0.0479 0.0929 0.9945
vn -0.0496 0.0848 0.9952
vn -0.0471 0.0686 0.9965
vn -0.0459 0.1285 0.9906
vn -0.0560 0.0051 0.9984
vn -0.0504 -0.0118 0.9987
vn -0.0778 -0.0129 0.9969
vn -0.0631 0.0619 0.9961
vn -0.0496 -0.0273 0.9984
vn -0.0786 -0.0250 0.9966
vn -0.0639 -0.0341 0.9974
vn -0.0642 -0.0186 0.9978
vn -0.0646 0.0212 0.9977
vn -0.0501 0.0022 0.9987
vn -0.0539 -0.0132 0.9985
vn -0.0653 -0.0430 0.9969
vn -0.0157 0.1118 0.9936
vn -0.0258 0.1006 0.9946
vn -0.0504 0.0919 0.9945
vn -0.0783 -0.0170 0.9968
vn 0.1089 0.6616 0.7419
vn 0.0867 0.6752 0.7325
vn 0.0959 0.6865 0.7208
vn -0.0362 0.0838 0.9958
vn 0.2252 0.8889 -0.3990
vn 0.1987 0.8943 -0.4008
vn 0.2008 0.8856 -0.4189
vn 0.2125 0.8550 -0.4730
vn 0.1152 0.7257 0.6783
vn 0.1239 0.3398 -0.9323
vn 0.1194 0.3330 -0.9353
vn 0.1323 0.3169 -0.9392
vn 0.1258 0.3154 -0.9406
vn 0.2059 0.8290 -0.5199
vn 0.0747 0.1221 -0.9897
vn 0.0946 0.1043 -0.9900
vn 0.0869 0.0935 -0.9918
vn 0.0873 0.0727 -0.9935
vn 0.1272 0.3065 -0.9433
vn 0.0820 0.0434 -0.9957
vn 0.0676 0.0349 -0.9971
vn 0.0732 0.0215 -0.9971
vn 0.0793 0.0191 -0.9967
vn 0.0854 0.0582 -0.9946
vn 0.0612 0.0543 -0.9966
vn 0.0781 0.0514 -0.9956
vn 0.0776 0.0506 -0.9957
vn 0.0686 0.0509 -0.9963
vn 0.0641 0.0216 -0.9977
vn 0.0755 0.0834 -0.9937
vn 0.0699 0.0747 -0.9948
vn 0.0736 0.0730 -0.9946
vn 0.0655 0.0662 -0.9957
vn 0.0796 0.0503 -0.9956
vn 0.0687 0.1026 -0.9924
vn 0.0679 0.0986 -0.9928
vn 0.0580 0.0976 -0.9935
vn 0.0698 0.1019 -0.9923
vn 0.0625 0.0636 -0.9960
vn 0.0671 0.2171 -0.9738
vn 0.0675 0.2346 -0.9698
vn 0.0716 0.2486 -0.9660
vn 0.0720 0.2639 -0.9619
vn 0.0653 0.1073 -0.9921
vn 0.0770 0.3221 -0.9436
vn 0.0748 0.3270 -0.9421
vn 0.0795 0.3297 -0.9407
vn 0.0773 0.3253 -0.9424
vn 0.0731 0.2852 -0.9557
vn 0.0780 0.2394 -0.9678
vn 0.0804 0.2400 -0.9674
vn 0.0706 0.2384 -0.9686
vn 0.0705 0.2299 -0.9707
vn 0.0803 0.3133 -0.9463
vn 0.0761 0.1757 -0.9815
vn 0.0649 0.1685 -0.9836
vn 0.0603 0.1586 -0.9855
vn 0.0513 0.1445 -0.9882
vn 0.0610 0.2172 -0.9742
vn 0.0624 -0.0000 -0.9981
vn 0.0552 -0.0000 -0.9985
vn 0.0465 -0.0000 -0.9989
vn 0.0553 0.1353 -0.9893
vn 0.1069 -0.0000 -0.9943
vn 0.0878 -0.0000 -0.9961
vn 0.0791 0.2199 -0.9723
vn 0.0848 0.1632 -0.9830
vn 0.0694 0.1791 -0.9814
vn 0.0635 0.1876 -0.9802
vn 0.0597 0.2011 -0.9778
vn 0.0646 0.2778 -0.9585
vn 0.0656 0.2894 -0.9549
vn 0.0702 0.3007 -0.9511
vn 0.0606 0.3269 -0.9431
vn 0.0706 0.3136 -0.9469
vn 0.0818 0.3012 -0.9500
vn 0.0665 0.1635 -0.9843
vn 0.0728 0.1479 -0.9863
vn 0.0537 0.1254 -0.9906
vn 0.0657 0.0434 -0.9969
vn 0.0481 0.0502 -0.9976
vn 0.0744 0.0598 -0.9954
vn 0.0636 0.0465 -0.9969
vn 0.0799 0.0489 -0.9956
vn 0.0575 0.0497 -0.9971
vn 0.0716 0.0253 -0.9971
vn 0.0611 0.0225 -0.9979
vn 0.0799 0.0188 -0.9966
vn 0.0671 0.0203 -0.9975
vn 0.0841 0.0303 -0.9960
vn 0.0742 0.0471 -0.9961
vn 0.1184 0.2644 -0.9571
vn 0.1162 0.2792 -0.9532
vn 0.1195 0.2957 -0.9478
vn 0.1833 0.6595 -0.7290
vn 0.1813 0.7298 -0.6592
vn 0.1955 0.7861 -0.5864
vn 0.1532 0.8740 0.4611
vn 0.1404 0.8063 0.5746
vn 0.1368 0.7685 0.6250
vn -0.0217 0.1033 0.9944
vn -0.0276 0.1097 0.9936
vn -0.0280 0.1050 0.9941
vn -0.0571 0.0105 0.9983
vn -0.0414 -0.0019 0.9991
vn -0.0509 -0.0181 0.9985
vn -0.0466 -0.0370 0.9982
vn -0.0478 -0.0411 0.9980
vn -0.0838 -0.0437 0.9955
vn -0.0452 -0.0293 0.9985
vn -0.0786 -0.0219 0.9967
vn -0.0662 -0.0230 0.9975
vn -0.0614 0.0579 0.9964
vn -0.0594 0.0562 0.9967
vn -0.0552 0.0602 0.9967
vn -0.0500 0.1297 0.9903
vn -0.0488 0.1266 0.9907
vn -0.0503 0.1286 0.9904
vn -0.0417 0.1944 0.9800
vn -0.0400 0.1848 0.9820
vn -0.0361 0.1668 0.9853
vn -0.0077 0.4387 0.8986
vn 0.0039 0.4184 0.9083
vn 0.0065 0.3879 0.9217
vn 0.0394 0.7736 0.6324
vn 0.0518 0.7872 0.6145
vn 0.0270 0.8144 0.5796
vn 0.0442 0.9541 0.2963
vn 0.0352 0.9653 0.2589
vn 0.0318 0.9704 0.2395
vn 0.0315 0.9643 0.2631
vn 0.0361 0.9594 0.2796
vn 0.0393 0.9552 0.2934
vn 0.0458 0.9021 0.4292
vn 0.0398 0.9013 0.4314
vn 0.0316 0.8983 0.4383
vn 0.0414 0.7326 0.6794
vn 0.0379 0.7294 0.6830
vn 0.0461 0.7194 0.6930
vn 0.0483 0.3975 0.9163
vn 0.0497 0.3952 0.9173
vn 0.0505 0.3998 0.9152
vn 0.0470 -0.0000 0.9989
vn 0.0496 -0.0000 0.9988
vn 0.0793 -0.0000 -0.9968
vn 0.0724 0.3324 -0.9404
vn 0.0723 0.2627 -0.9622
vn 0.0718 0.2702 -0.9601
vn 0.0761 0.2651 -0.9612
vn 0.0756 0.2620 -0.9621
vn 0.0749 0.2926 -0.9533
vn 0.0796 0.2908 -0.9535
vn 0.0701 0.1855 -0.9801
vn 0.0734 0.1899 -0.9791
vn 0.0690 0.1084 -0.9917
vn 0.0695 0.1086 -0.9916
vn 0.0642 0.0846 -0.9943
vn 0.0751 0.0878 -0.9933
vn 0.0626 0.0601 -0.9962
vn 0.0805 0.0648 -0.9946
vn 0.0690 0.0550 -0.9961
vn 0.0855 0.0651 -0.9942
vn 0.0896 0.1383 -0.9863
vn 0.1081 0.1529 -0.9823
vn 0.1412 0.3286 -0.9338
vn 0.0576 0.0498 -0.9971
vn 0.0637 0.0612 -0.9961
vn 0.0795 0.0603 -0.9950
vn 0.0720 0.0872 -0.9936
vn 0.0728 0.0836 -0.9938
vn 0.0661 0.0859 -0.9941
vn 0.0717 0.1067 -0.9917
vn 0.0705 0.1068 -0.9918
vn 0.0653 0.1034 -0.9925
vn 0.0697 0.1863 -0.9800
vn 0.0715 0.1959 -0.9780
vn 0.0700 0.2069 -0.9759
vn 0.0788 0.3033 -0.9496
vn 0.0734 0.3075 -0.9487
vn 0.0766 0.3153 -0.9459
vn 0.0758 0.2541 -0.9642
vn 0.0795 0.2467 -0.9658
vn 0.0784 0.2411 -0.9673
vn 0.0741 0.1986 -0.9773
vn 0.0744 0.1923 -0.9785
vn 0.0741 0.1846 -0.9800
vn 0.0739 -0.0000 -0.9973
vn 0.0721 -0.0000 -0.9974
vn 0.0734 -0.0000 -0.9973
vn 0.0540 -0.0000 -0.9985
vn 0.0565 -0.0000 -0.9984
vn 0.0482 0.1812 -0.9823
vn 0.0489 0.1598 -0.9859
vn 0.0347 0.1628 -0.9860
vn 0.0462 0.1604 -0.9860
vn 0.0483 0.1556 -0.9866
vn 0.0385 0.2658 -0.9633
vn 0.0376 0.2587 -0.9652
vn 0.0280 0.2521 -0.9673
vn 0.0339 0.1451 -0.9888
vn 0.0492 0.2472 -0.9677
vn 0.0494 0.1477 -0.9878
vn 0.0510 0.2476 -0.9675
vn 0.0466 0.1548 -0.9868
vn 0.0618 0.2546 -0.9651
vn 0.0537 0.1657 -0.9847
vn 0.0703 0.2648 -0.9617
vn 0.0522 0.3462 -0.9367
vn 0.0681 0.3362 -0.9393
vn 0.0666 0.3335 -0.9404
vn 0.0579 0.2126 -0.9754
vn 0.0593 0.1988 -0.9782
vn 0.0450 0.1819 -0.9823
vn 0.0474 0.0406 -0.9981
vn 0.0348 0.0385 -0.9987
vn 0.0718 0.0382 -0.9967
vn 0.0403 0.0362 -0.9985
vn 0.0810 0.0376 -0.9960
vn 0.0607 0.0408 -0.9973
vn 0.0830 0.0380 -0.9958
vn 0.0534 0.0365 -0.9979
vn 0.0754 0.0298 -0.9967
vn 0.0540 0.0113 -0.9985
vn 0.0751 0.0085 -0.9971
vn 0.0685 0.0095 -0.9976
vn 0.0904 0.1940 -0.9768
vn 0.0908 0.2266 -0.9697
vn 0.0978 0.2495 -0.9634
vn 0.1200 0.5517 -0.8254
vn 0.1332 0.5680 -0.8122
vn 0.1656 0.5935 -0.7876
vn 0.1894 0.9678 -0.1656
vn 0.2097 0.9777 0.0087
vn 0.1934 0.9350 0.2972
vn 0.0574 0.4069 0.9117
vn 0.0271 0.2537 0.9669
vn -0.0068 0.1460 0.9893
vn -0.0019 0.0423 0.9991
vn -0.0158 0.0190 0.9997
vn -0.0419 0.0079 0.9991
vn -0.0167 -0.0279 0.9995
vn -0.0477 -0.0330 0.9983
vn -0.0679 -0.0346 0.9971
vn -0.0428 -0.0319 0.9986
vn -0.0658 -0.0327 0.9973
vn -0.0504 -0.0342 0.9981
vn -0.0488 0.0414 0.9980
vn -0.0505 0.0411 0.9979
vn -0.0441 0.0512 0.9977
vn -0.0457 0.1356 0.9897
vn -0.0441 0.1348 0.9899
vn -0.0424 0.1369 0.9897
vn -0.0304 0.2225 0.9745
vn -0.0312 0.2098 0.9772
vn -0.0353 0.2033 0.9785
vn 0.0137 0.5012 0.8652
vn -0.0026 0.4777 0.8785
vn -0.0045 0.4596 0.8881
vn 0.0364 0.7688 0.6385
vn 0.0357 0.7641 0.6442
vn 0.0268 0.7683 0.6395
vn 0.0373 0.9184 0.3939
vn 0.0314 0.9323 0.3602
vn 0.0366 0.9421 0.3333
vn 0.0254 0.9532 0.3014
vn 0.0256 0.9564 0.2910
vn 0.0274 0.9616 0.2730
vn 0.0282 0.8889 0.4573
vn 0.0270 0.8935 0.4482
vn 0.0366 0.8988 0.4368
vn 0.0409 0.7210 0.6917
vn 0.0432 0.7222 0.6903
vn 0.0475 0.7290 0.6829
vn 0.0468 0.4028 0.9141
vn 0.0467 0.4102 0.9108
vn 0.0485 0.4073 0.9120
vn 0.0463 -0.0000 0.9989
vn 0.0535 -0.0000 0.9986
vn 0.0536 -0.0000 0.9986
vn 0.0736 0.3139 -0.9466
vn 0.0642 -0.0000 -0.9979
vn 0.0725 0.2396 -0.9682
vn 0.0777 0.2550 -0.9638
vn 0.0819 0.2695 -0.9595
vn 0.0814 0.2682 -0.9599
vn 0.0788 0.2954 -0.9521
vn 0.0802 0.2940 -0.9524
vn 0.0753 0.1850 -0.9799
vn 0.0752 0.1832 -0.9802
vn 0.0719 0.1065 -0.9917
vn 0.0728 0.3006 -0.9510
vn 0.0755 0.2673 -0.9607
vn 0.0778 0.2611 -0.9622
vn 0.0677 0.2197 -0.9732
vn 0.0744 0.2089 -0.9751
vn 0.0716 0.2044 -0.9763
vn 0.0741 -0.0000 -0.9973
vn 0.0447 -0.0000 -0.9990
vn 0.0416 0.2530 -0.9666
vn 0.0388 0.2585 -0.9652
vn 0.0341 0.2094 -0.9772
vn 0.0336 0.1947 -0.9803
vn 0.0429 0.1909 -0.9807
vn 0.0242 0.3316 -0.9431
vn 0.0303 0.3160 -0.9483
vn 0.0292 0.3009 -0.9532
vn 0.0416 0.1878 -0.9813
vn 0.0268 0.2906 -0.9565
vn 0.0391 0.1781 -0.9832
vn 0.0320 0.2809 -0.9592
vn 0.0458 0.1729 -0.9839
vn 0.0246 0.2735 -0.9616
vn 0.0156 0.3908 -0.9204
vn 0.0168 0.3846 -0.9229
vn 0.0248 0.3785 -0.9253
vn 0.0098 0.2985 -0.9544
vn 0.0147 0.2943 -0.9556
vn 0.0249 0.2893 -0.9569
vn 0.0325 0.3743 -0.9267
vn 0.0246 0.2850 -0.9582
vn 0.0274 0.3748 -0.9267
vn 0.0216 0.2803 -0.9597
vn 0.0379 0.3714 -0.9277
vn 0.0192 0.2598 -0.9655
vn 0.0448 0.3596 -0.9320
vn 0.0284 0.2336 -0.9719
vn -0.0022 0.1063 -0.9943
vn -0.0013 0.0887 -0.9961
vn 0.0385 0.0574 -0.9976
vn -0.0168 0.0839 -0.9963
vn 0.0141 0.0636 -0.9979
vn 0.0369 0.0384 -0.9986
vn -0.0006 0.0777 -0.9970
vn 0.0159 0.0544 -0.9984
vn 0.0538 0.0386 -0.9978
vn -0.0017 0.0577 -0.9983
vn 0.0597 0.0337 -0.9976
vn 0.0776 0.0125 -0.9969
vn 0.0488 0.0283 -0.9984
vn 0.0799 0.0309 -0.9963
vn 0.0809 0.1147 -0.9901
vn 0.0882 0.2596 -0.9617
vn 0.1198 0.4254 -0.8970
vn 0.1194 0.5174 -0.8474
vn 0.1381 0.7575 -0.6380
vn 0.1587 0.8520 -0.4989
vn 0.1725 0.9261 -0.3356
vn 0.1267 0.8234 0.5531
vn 0.1096 0.6899 0.7156
vn 0.0852 0.5507 0.8304
vn -0.0063 0.0703 0.9975
vn -0.0226 0.0449 0.9987
vn -0.0181 0.0489 0.9986
vn -0.0448 -0.0293 0.9986
vn -0.0472 -0.0206 0.9987
vn -0.0160 -0.0213 0.9996
vn -0.0540 -0.0270 0.9982
vn -0.0182 -0.0302 0.9994
vn -0.0131 -0.0330 0.9994
vn -0.0120 0.0080 0.9999
vn -0.0086 0.0312 0.9995
vn -0.0262 0.0449 0.9986
vn -0.0108 0.1260 0.9920
vn -0.0137 0.1420 0.9898
vn -0.0322 0.1433 0.9892
vn -0.0027 0.2593 0.9658
vn -0.0272 0.2561 0.9663
vn -0.0268 0.2450 0.9692
vn 0.0194 0.6614 0.7498
vn 0.0431 0.5915 0.8051
vn 0.0446 0.5340 0.8443
vn 0.1461 0.8759 0.4598
vn 0.1500 0.8065 0.5719
vn 0.0694 0.7786 0.6236
vn 0.1793 0.8421 0.5086
vn 0.0752 0.8742 0.4797
vn 0.0415 0.8993 0.4353
vn 0.0457 0.9251 0.3769
vn 0.0227 0.9427 0.3328
vn 0.0231 0.9498 0.3120
vn 0.0180 0.8933 0.4490
vn 0.0239 0.8897 0.4559
vn 0.0301 0.8880 0.4588
vn 0.0369 0.7265 0.6861
vn 0.0429 0.7236 0.6888
vn 0.0429 0.7222 0.6903
vn 0.0557 0.4001 0.9148
vn 0.0609 0.3961 0.9162
vn 0.0554 0.3969 0.9162
vn 0.0681 -0.0000 0.9977
vn 0.0590 -0.0000 0.9983
vn 0.0467 -0.0000 0.9989
vn 0.0620 -0.0000 -0.9981
vn 0.0568 -0.0000 -0.9984
vn 0.0616 -0.0000 -0.9981
vn 0.0516 0.2716 -0.9610
vn 0.0472 0.2606 -0.9643
vn 0.0406 0.2435 -0.9691
vn 0.0358 0.2248 -0.9737
vn 0.0156 0.4080 -0.9128
vn 0.0238 0.3695 -0.9289
vn 0.0227 0.3494 -0.9367
vn 0.0093 0.4407 -0.8976
vn 0.0121 0.4330 -0.9013
vn 0.0088 0.4250 -0.9052
vn -0.0012 0.3421 -0.9397
vn -0.0062 0.3219 -0.9468
vn -0.0052 0.3064 -0.9519
vn 0.0078 0.4139 -0.9103
vn 0.0042 0.2965 -0.9550
vn 0.0133 0.4040 -0.9147
vn 0.0150 0.2942 -0.9556
vn 0.0149 0.3969 -0.9178
vn 0.0138 0.2972 -0.9547
vn 0.0252 0.0806 -0.9964
vn 0.0225 0.0888 -0.9958
vn 0.0033 0.0913 -0.9958
vn 0.0334 -0.0036 -0.9994
vn 0.0036 0.0065 -1.0000
vn 0.0027 0.0109 -0.9999
vn 0.0057 0.0889 -0.9960
vn 0.0227 0.0141 -0.9996
vn 0.0186 0.0898 -0.9958
vn 0.0348 0.0255 -0.9991
vn 0.0233 0.0974 -0.9950
vn 0.0242 0.0468 -0.9986
vn 0.0132 0.1060 -0.9943
vn 0.0018 0.0715 -0.9974
vn 0.0412 -0.0058 -0.9991
vn 0.0258 0.0236 -0.9994
vn -0.0033 0.0650 -0.9979
vn 0.0445 -0.0136 -0.9989
vn 0.0254 0.0153 -0.9996
vn -0.0002 0.0508 -0.9987
vn 0.0390 -0.0300 -0.9988
vn 0.0159 0.0029 -0.9999
vn -0.0032 0.0450 -0.9990
vn 0.0335 -0.0246 -0.9991
vn 0.0135 0.0411 -0.9991
vn 0.0412 0.1253 -0.9913
vn 0.0709 0.1043 -0.9920
vn 0.0704 0.3472 -0.9351
vn 0.0881 0.5987 -0.7961
vn 0.1246 0.6553 -0.7450
vn 0.0317 0.9438 -0.3291
vn 0.0970 0.9719 0.2146
vn -0.0733 0.8077 0.5850
vn 0.0077 0.3618 0.9322
vn 0.0012 0.1274 0.9918
vn -0.0033 0.0428 0.9991
vn -0.0128 -0.0019 0.9999
vn -0.0188 -0.0276 0.9994
vn -0.0033 -0.0202 0.9998
vn -0.0123 -0.0324 0.9994
vn -0.0474 -0.0316 0.9984
vn -0.0002 0.0100 1.0000
vn -0.0291 0.0159 0.9994
vn -0.0335 0.0092 0.9994
vn -0.0067 0.0608 0.9981
vn -0.0055 0.0657 0.9978
vn -0.0070 0.0951 0.9954
vn -0.0049 0.1605 0.9870
vn -0.0019 0.2672 0.9637
vn 0.0191 0.2872 0.9577
vn 0.0168 0.7732 0.6339
vn 0.0817 0.7793 0.6212
vn 0.0474 0.7128 0.6998
vn 0.0915 0.9599 0.2648
vn 0.0909 0.9576 0.2734
vn 0.0909 0.9346 0.3440
vn 0.1168 0.8717 0.4759
vn 0.1301 0.8780 0.4607
vn 0.1896 0.8534 0.4856
vn 0.1085 0.7426 0.6609
vn 0.1414 0.7943 0.5909
vn 0.1121 0.8731 0.4744
vn 0.0436 0.8483 0.5277
vn 0.0314 0.8837 0.4669
vn 0.0198 0.8950 0.4456
vn 0.0096 0.7579 0.6523
vn 0.0180 0.7444 0.6675
vn 0.0286 0.7337 0.6788
vn 0.0355 0.4369 0.8988
vn 0.0468 0.4148 0.9087
vn 0.0506 0.4056 0.9126
vn 0.0564 -0.0000 0.9984
vn 0.0556 -0.0000 0.9985
vn 0.0608 -0.0000 0.9981
vn 0.0291 -0.0000 -0.9996
vn -0.0010 -0.0000 -1.0000
vn 0.0163 0.2132 -0.9769
vn 0.0348 0.2548 -0.9664
vn 0.0245 0.3181 -0.9477
vn 0.0339 0.2748 -0.9609
vn 0.0053 0.5226 -0.8526
vn -0.0010 0.4677 -0.8839
vn -0.0239 0.6649 -0.7465
vn -0.0877 0.5993 -0.7957
vn -0.0657 0.4967 -0.8654
vn -0.1721 0.4393 -0.8817
vn -0.1567 0.4013 -0.9024
vn -0.0145 0.3670 -0.9301
vn -0.1159 0.1373 -0.9837
vn -0.0316 0.1536 -0.9876
vn -0.0193 0.1240 -0.9921
vn -0.0309 -0.0078 -0.9995
vn -0.0267 -0.0084 -0.9996
vn -0.0218 -0.0093 -0.9997
vn -0.0171 0.0998 -0.9949
vn -0.0168 -0.0117 -0.9998
vn -0.0119 0.0857 -0.9963
vn 0.0004 -0.0144 -0.9999
vn 0.0024 0.0784 -0.9969
vn 0.0342 -0.0129 -0.9993
vn -0.0052 -0.0157 -0.9999
vn 0.0300 -0.0259 -0.9992
vn 0.0441 -0.0291 -0.9986
vn 0.0138 -0.0083 -0.9999
vn 0.0401 -0.0265 -0.9988
vn 0.0412 -0.0261 -0.9988
vn 0.0203 -0.0114 -0.9997
vn 0.0254 -0.0026 -0.9997
vn 0.0086 0.0067 -0.9999
vn 0.0173 0.0136 -0.9998
vn 0.0207 0.0040 -0.9998
vn 0.0262 0.0050 -0.9996
vn 0.0374 -0.0091 -0.9993
vn 0.0445 -0.0135 -0.9989
vn 0.0245 0.0094 -0.9997
vn 0.0345 0.0049 -0.9994
vn 0.0406 -0.0179 -0.9990
vn 0.0312 -0.0091 -0.9995
vn 0.0294 -0.0008 -0.9996
vn 0.0387 -0.0239 -0.9990
vn 0.0206 -0.0224 -0.9995
vn 0.0335 -0.0164 -0.9993
vn 0.0547 -0.0079 -0.9985
vn 0.0484 -0.0131 -0.9987
vn 0.1200 0.0757 -0.9899
vn 0.1933 0.2792 -0.9406
vn 0.2687 0.2630 -0.9266
vn 0.3660 0.5692 -0.7362
vn 0.1014 0.9783 -0.1807
vn 0.0014 0.8538 0.5207
vn -0.0608 0.3358 0.9400
vn -0.1416 0.4391 0.8872
vn -0.0149 0.0902 0.9958
vn -0.0046 -0.0047 1.0000
vn 0.0084 0.0292 0.9995
vn 0.0102 0.0127 0.9999
vn 0.0138 0.0073 0.9999
vn 0.0212 0.0291 0.9994
vn 0.0140 0.0384 0.9992
vn -0.0006 0.0548 0.9985
vn 0.0056 0.0789 0.9969
vn -0.0012 0.0868 0.9962
vn 0.0027 0.1005 0.9949
vn 0.0038 0.1311 0.9914
vn 0.0057 0.1738 0.9848
vn -0.0136 0.3338 0.9425
vn 0.0324 0.3390 0.9402
vn -0.1080 0.5745 0.8113
vn -0.0905 0.8998 0.4268
vn 0.0837 0.7782 0.6224
vn 0.0490 0.9341 0.3535
vn 0.0822 0.4286 0.8997
vn 0.1090 0.6437 0.7575
vn 0.1015 0.8148 0.5708
vn 0.0347 0.5724 0.8192
vn 0.0650 0.6186 0.7830
vn 0.0886 0.6901 0.7183
vn -0.0149 0.7697 0.6382
vn 0.0133 0.7710 0.6367
vn 0.0353 0.8020 0.5963
vn -0.0136 0.7871 0.6167
vn 0.0009 0.7834 0.6215
vn 0.0074 0.7740 0.6331
vn 0.0257 0.4873 0.8728
vn 0.0314 0.4768 0.8784
vn 0.0310 0.4593 0.8877
vn 0.0427 -0.0000 0.9991
vn 0.0465 -0.0000 0.9989
vn 0.0130 -0.0000 -0.9999
vn 0.0328 -0.0000 -0.9995
vn 0.0277 0.2000 -0.9794
vn 0.0206 0.1929 -0.9810
vn 0.0151 0.3855 -0.9226
vn 0.0221 0.3540 -0.9350
vn 0.0024 0.5858 -0.8105
vn 0.0081 0.5597 -0.8287
vn -0.0106 0.7164 -0.6976
vn -0.0146 0.6954 -0.7185
vn -0.0204 0.4999 -0.8658
vn -0.0324 0.4764 -0.8786
vn -0.0434 0.4635 -0.8850
vn -0.0261 0.0650 -0.9975
vn -0.0265 0.0630 -0.9977
vn -0.1193 0.0904 -0.9887
vn -0.0181 -0.0447 -0.9988
vn -0.0378 -0.0397 -0.9985
vn -0.0427 -0.0190 -0.9989
vn -0.0252 -0.0253 -0.9994
vn -0.0286 -0.0226 -0.9993
vn -0.0262 -0.0190 -0.9995
vn -0.0191 -0.0270 -0.9995
vn -0.0180 -0.0176 -0.9997
vn -0.0178 -0.0113 -0.9998
vn -0.0234 -0.0141 -0.9996
vn -0.0198 -0.0064 -0.9998
vn -0.0227 -0.0117 -0.9997
vn -0.0177 -0.0015 -0.9998
vn -0.0198 -0.0120 -0.9997
vn -0.0087 0.0011 -1.0000
vn -0.0102 0.0052 -0.9999
vn -0.0068 0.0096 -0.9999
vn 0.0033 0.0072 -1.0000
vn -0.0027 -0.0092 -1.0000
vn 0.0039 -0.0025 -1.0000
vn 0.0149 -0.0012 -0.9999
vn 0.0241 -0.0068 -0.9997
vn 0.0304 -0.0112 -0.9995
vn 0.0415 -0.0267 -0.9988
vn 0.0360 -0.0270 -0.9990
vn 0.0383 -0.0304 -0.9988
vn 0.0349 -0.0354 -0.9988
vn 0.0269 -0.0114 -0.9996
vn 0.0306 -0.0275 -0.9992
vn 0.0342 -0.0132 -0.9993
vn 0.0355 -0.0275 -0.9990
vn 0.0323 -0.0363 -0.9988
vn 0.0329 0.0061 -0.9994
vn 0.0224 -0.0302 -0.9993
vn 0.0202 -0.0500 -0.9985
vn 0.0278 -0.0110 -0.9996
vn 0.0789 0.0200 -0.9967
vn 0.1435 0.1042 -0.9842
vn 0.2459 0.2658 -0.9322
vn 0.1879 0.2145 -0.9585
vn 0.4174 0.5477 -0.7251
vn 0.3475 0.5131 -0.7849
vn 0.5101 0.8220 0.2532
vn 0.5587 0.7892 0.2549
vn 0.1265 0.1517 -0.9803
vn 0.0992 0.1177 -0.9881
vn 0.2995 0.4519 -0.8403
vn 0.0101 -0.0302 -0.9995
vn 0.0293 -0.0265 -0.9992
vn 0.0553 -0.0044 -0.9985
vn 0.1155 0.1001 -0.9882
vn 0.0388 0.0008 -0.9992
vn 0.0425 -0.0247 -0.9988
vn 0.0326 -0.0251 -0.9992
vn 0.0508 0.0232 -0.9984
vn 0.0354 -0.0129 -0.9993
vn 0.0273 -0.0221 -0.9994
vn 0.0111 -0.0244 -0.9996
vn 0.0173 -0.0141 -0.9998
vn 0.0107 -0.0143 -0.9998
vn 0.0277 -0.0015 -0.9996
vn 0.0395 0.0175 -0.9991
vn 0.0053 -0.0238 -0.9997
vn 0.0023 -0.0249 -0.9997
vn 0.0022 -0.0105 -0.9999
vn -0.0053 -0.0006 -1.0000
vn -0.0148 -0.0006 -0.9999
vn 0.0050 -0.0077 -1.0000
vn -0.0029 -0.0260 -0.9997
vn 0.0060 -0.0276 -0.9996
vn 0.0019 0.0026 -1.0000
vn -0.0048 -0.0140 -0.9999
vn 0.0025 -0.0201 -0.9998
vn 0.0063 -0.0289 -0.9996
vn 0.0111 -0.0270 -0.9996
vn -0.0093 -0.0044 -0.9999
vn -0.0076 -0.0154 -0.9999
vn -0.0061 -0.0250 -0.9997
vn 0.0046 -0.0365 -0.9993
vn 0.0022 -0.0396 -0.9992
vn 0.0025 -0.0272 -0.9996
vn 0.0071 -0.0259 -0.9996
vn -0.0050 -0.0335 -0.9994
vn -0.0004 -0.0408 -0.9992
vn 0.0031 -0.0395 -0.9992
vn -0.0124 -0.0369 -0.9992
vn -0.0036 -0.0443 -0.9990
vn 0.0055 -0.0467 -0.9989
vn -0.0182 -0.0309 -0.9994
vn -0.0129 -0.0395 -0.9991
vn 0.0001 -0.0502 -0.9987
vn -0.0190 -0.0407 -0.9990
vn -0.0147 -0.0408 -0.9991
vn -0.0091 -0.0462 -0.9989
vn -0.0180 0.0759 -0.9970
vn -0.0125 0.0982 -0.9951
vn -0.0129 -0.0423 -0.9990
vn -0.0116 0.5307 -0.8475
vn -0.0184 0.5623 -0.8268
vn -0.0177 0.1257 -0.9919
vn -0.0070 0.7265 -0.6871
vn -0.0092 0.7326 -0.6806
vn -0.0127 0.7472 -0.6644
vn -0.0340 0.5982 -0.8006
vn -0.0017 0.5991 -0.8007
vn 0.0027 0.6096 -0.7927
vn 0.0038 0.6259 -0.7799
vn -0.0002 0.6471 -0.7624
vn -0.0188 0.7726 -0.6346
vn 0.0179 0.4358 -0.8999
vn 0.0167 0.4547 -0.8905
vn 0.0164 0.4728 -0.8810
vn 0.0166 0.4961 -0.8681
vn -0.0038 0.6737 -0.7390
vn 0.0294 0.2427 -0.9697
vn 0.0279 0.2551 -0.9665
vn 0.0270 0.2636 -0.9643
vn 0.0273 0.2777 -0.9603
vn 0.0089 0.5235 -0.8520
vn 0.0309 -0.0000 -0.9995
vn 0.0277 -0.0000 -0.9996
vn 0.0360 -0.0000 -0.9994
vn 0.0198 0.2975 -0.9545
vn 0.0105 -0.0000 -0.9999
vn 0.0145 -0.0000 -0.9999
vn 0.0123 0.3172 -0.9483
vn 0.0105 0.3089 -0.9510
vn 0.0009 0.5924 -0.8056
vn 0.0038 0.5686 -0.8226
vn 0.0032 0.5479 -0.8365
vn -0.0109 0.7524 -0.6586
vn -0.0129 0.7256 -0.6880
vn -0.0099 0.7003 -0.7138
vn -0.0266 0.8376 -0.5457
vn -0.0260 0.8203 -0.5713
vn -0.0239 0.8003 -0.5991
vn -0.0512 0.7546 -0.6542
vn -0.0570 0.6996 -0.7123
vn -0.0501 0.6439 -0.7635
vn -0.0675 0.2140 -0.9745
vn -0.0543 0.1751 -0.9830
vn -0.0337 0.1512 -0.9879
vn -0.0328 -0.0610 -0.9976
vn -0.0222 -0.0470 -0.9986
vn -0.0152 -0.0435 -0.9989
vn -0.0216 -0.0470 -0.9987
vn -0.0151 -0.0498 -0.9986
vn -0.0095 -0.0498 -0.9987
vn -0.0117 -0.0681 -0.9976
vn -0.0017 -0.0633 -0.9980
vn 0.0016 -0.0567 -0.9984
vn 0.0008 -0.0555 -0.9985
vn 0.0068 -0.0535 -0.9985
vn 0.0070 -0.0511 -0.9987
vn 0.0027 -0.0371 -0.9993
vn 0.0058 -0.0378 -0.9993
vn 0.0068 -0.0384 -0.9992
vn 0.0001 -0.0222 -0.9998
vn 0.0007 -0.0257 -0.9997
vn 0.0003 -0.0281 -0.9996
vn -0.0042 -0.0085 -1.0000
vn -0.0003 -0.0049 -1.0000
vn 0.0036 0.0012 -1.0000
vn 0.0069 -0.0039 -1.0000
vn 0.0070 -0.0006 -1.0000
vn 0.0072 -0.0004 -1.0000
vn 0.0045 0.0049 -1.0000
vn 0.0093 0.0023 -1.0000
vn 0.0061 0.0043 -1.0000
vn -0.0043 0.0050 -1.0000
vn 0.0132 -0.0216 -0.9997
vn -0.0190 -0.0241 -0.9995
vn -0.0131 -0.0269 -0.9996
vn -0.0458 -0.0568 -0.9973
vn 0.0185 -0.0517 -0.9985
vn 0.0696 0.0007 -0.9976
vn 0.0273 -0.0139 -0.9995
vn 0.1068 0.0365 -0.9936
vn 0.0643 0.0126 -0.9978
vn 0.1809 0.0956 -0.9788
vn 0.0778 0.0426 -0.9961
vn 0.2852 0.1914 -0.9392
vn 0.0994 0.0733 -0.9923
vn 0.3086 0.3223 -0.8949
vn 0.7949 0.6066 0.0118
vn 0.4433 0.4595 -0.7696
vn 0.4027 0.5971 -0.6937
vn 0.1050 0.3233 0.9405
vn 0.2184 0.2991 0.9289
vn 0.1607 0.2348 0.9587
vn 0.0792 0.2638 0.9613
vn 0.1018 0.2344 0.9668
vn 0.0413 0.1664 0.9852
vn 0.0323 0.1394 0.9897
vn 0.0370 0.1347 0.9902
vn 0.1444 0.2711 0.9517
vn 0.0461 0.1466 0.9881
vn 0.1752 0.3060 0.9358
vn 0.0676 0.1609 0.9847
vn 0.1453 0.3017 0.9423
vn 0.0891 0.1718 0.9811
vn 0.2614 0.3117 0.9135
vn 0.0377 0.1295 0.9909
vn 0.0562 0.1341 0.9894
vn 0.0181 0.1814 0.9832
vn 0.0383 0.1210 0.9919
vn -0.0535 0.2195 0.9741
vn -0.2415 0.3603 0.9010
vn -0.2050 0.2843 0.9366
vn 0.0300 0.4139 0.9098
vn -0.1047 0.4467 0.8885
vn -0.1430 0.3805 0.9137
vn -0.0358 0.1167 0.9925
vn 0.0169 0.0412 0.9990
vn 0.0195 0.0309 0.9993
vn 0.0199 0.0323 0.9993
vn 0.0214 0.0303 0.9993
vn -0.1770 0.2357 0.9556
vn -0.0829 0.1438 0.9861
vn -0.1353 0.2396 0.9614
vn 0.0246 0.0351 0.9991
vn -0.1227 0.2682 0.9555
vn 0.0204 0.1456 0.9891
vn -0.0102 0.1692 0.9855
vn 0.0219 0.1127 0.9934
vn 0.0070 0.1080 0.9941
vn 0.0205 0.1066 0.9941
vn 0.0167 0.1144 0.9933
vn 0.0070 0.1082 0.9941
vn 0.0252 0.1182 0.9927
vn 0.0224 0.1223 0.9922
vn 0.0239 0.1182 0.9927
vn 0.0162 0.1080 0.9940
vn 0.0206 0.1221 0.9923
vn 0.0232 0.1153 0.9931
vn 0.0278 0.1243 0.9919
vn 0.0265 0.1139 0.9931
vn 0.0246 0.1183 0.9927
vn 0.0294 0.1085 0.9937
vn 0.0174 0.0994 0.9949
vn 0.0338 0.1391 0.9897
vn 0.0420 0.1266 0.9911
vn 0.0339 0.1189 0.9923
vn 0.0761 0.1538 0.9852
vn 0.0773 0.0999 0.9920
vn 0.0397 0.0948 0.9947
vn 0.2825 0.2519 0.9256
vn 0.4334 0.4608 0.7745
vn 0.0457 0.0777 0.9959
vn 0.6511 0.5726 -0.4981
vn 0.4476 0.4686 -0.7617
vn 0.5195 0.6983 0.4924
vn 0.5577 0.8207 0.1240
vn 0.1424 0.2765 0.9504
vn 0.0478 0.1454 0.9882
vn 0.3033 0.3330 -0.8928
vn 0.2288 0.2222 -0.9478
vn 0.5793 0.8101 -0.0902
vn 0.0525 0.5095 0.8589
vn 0.2331 0.3773 0.8963
vn -0.0654 0.0656 0.9957
vn 0.0131 0.0502 0.9987
vn 0.0118 0.0552 0.9984
vn 0.0031 0.0686 0.9976
vn 0.0285 0.0790 0.9965
vn 0.0241 0.0916 0.9955
vn -0.0074 0.0565 0.9984
vn 0.0298 0.0994 0.9946
vn 0.0100 0.0660 0.9978
vn 0.0397 0.1072 0.9934
vn 0.0407 0.1122 0.9929
vn 0.0401 0.1195 0.9920
vn 0.0415 0.1218 0.9917
vn 0.0345 0.1267 0.9913
vn 0.0460 0.1207 0.9916
vn 0.0458 0.1101 0.9929
vn 0.0412 0.1095 0.9931
vn 0.0467 0.1026 0.9936
vn 0.0335 0.1085 0.9935
vn 0.0267 0.1099 0.9936
vn 0.0277 0.1001 0.9946
vn 0.0163 0.0994 0.9949
vn 0.0041 0.1032 0.9946
vn 0.0426 0.1151 0.9924
vn 0.0228 0.1099 0.9937
vn -0.0024 0.1143 0.9934
vn 0.0362 0.1195 0.9922
vn -0.0044 0.1360 0.9907
vn 0.0323 0.1122 0.9932
vn -0.0306 0.1291 0.9912
vn -0.0666 0.1135 0.9913
vn -0.0362 0.0973 0.9946
vn -0.0415 0.0485 0.9980
vn 0.0062 0.0161 0.9999
vn -0.0119 0.0619 0.9980
vn 0.0194 0.0227 0.9996
vn 0.0075 0.0043 1.0000
vn 0.0137 0.0077 0.9999
vn 0.0168 0.0194 0.9997
vn 0.0132 0.0218 0.9997
vn 0.0099 0.0243 0.9997
vn 0.0159 0.0389 0.9991
vn 0.0215 0.0298 0.9993
vn 0.0119 0.0572 0.9983
vn 0.0205 0.0405 0.9990
vn 0.0053 0.0847 0.9964
vn 0.0186 0.0591 0.9981
vn 0.0015 0.1070 0.9943
vn -0.0064 0.1012 0.9948
vn -0.0035 0.1448 0.9895
vn -0.0003 0.2325 0.9726
vn 0.0069 0.0824 0.9966
vn 0.0175 0.1810 0.9833
vn 0.0176 0.1893 0.9818
vn 0.0560 0.6125 0.7885
vn 0.0681 0.5906 0.8041
vn 0.0119 0.0749 0.9971
vn 0.0050 0.0668 0.9978
vn 0.0161 0.2295 0.9732
vn 0.0536 0.3216 0.9453
vn 0.0969 0.8076 0.5817
vn 0.0580 0.7035 0.7083
vn 0.0227 0.0795 0.9966
vn 0.0184 0.1085 0.9939
vn 0.0578 0.4285 0.9017
vn 0.0098 0.0292 0.9995
vn -0.0045 0.0392 0.9992
vn 0.0059 0.1194 0.9928
vn -0.0174 0.0305 0.9994
vn -0.0168 0.0809 0.9966
vn -0.0023 0.0623 0.9981
vn 0.0196 0.0809 0.9965
vn 0.0277 0.1285 0.9913
vn 0.0121 0.1227 0.9924
vn 0.0208 0.1064 0.9941
vn 0.0330 0.1082 0.9936
vn 0.0322 0.0888 0.9955
vn 0.0230 0.1095 0.9937
vn 0.0285 0.1072 0.9938
vn 0.0272 0.1117 0.9934
vn 0.0285 0.1105 0.9935
vn 0.0265 0.1090 0.9937
vn 0.0197 0.1093 0.9938
vn 0.0284 0.1101 0.9935
vn 0.0346 0.1154 0.9927
vn 0.0374 0.1129 0.9929
vn 0.0232 0.1005 0.9947
vn 0.0241 0.0919 0.9955
vn 0.0268 0.0896 0.9956
vn 0.0364 0.1107 0.9932
vn 0.0397 0.1189 0.9921
vn 0.0397 0.1044 0.9937
vn 0.0309 0.0937 0.9951
vn 0.0236 0.0996 0.9948
vn 0.0309 0.0944 0.9951
vn 0.0284 0.1234 0.9919
vn 0.0249 0.1165 0.9929
vn 0.0092 0.1107 0.9938
vn 0.0388 0.1115 0.9930
vn 0.0399 0.1047 0.9937
vn 0.0207 0.0977 0.9950
vn 0.0449 0.1147 0.9924
vn 0.0311 0.1098 0.9935
vn 0.0007 0.1126 0.9936
vn -0.0333 0.1141 0.9929
vn -0.0417 0.1161 0.9924
vn -0.0238 0.1111 0.9935
vn -0.0096 0.1044 0.9945
vn -0.0481 0.1123 0.9925
vn -0.0300 0.1140 0.9930
vn -0.0625 0.0822 0.9947
vn -0.0722 0.1172 0.9905
vn -0.0322 0.1197 0.9923
vn -0.1318 0.1126 0.9849
vn -0.0560 0.1410 0.9884
vn -0.0230 0.1318 0.9910
vn -0.0236 0.1412 0.9897
vn -0.0249 0.1348 0.9906
vn -0.0110 0.1223 0.9924
vn -0.0167 0.1353 0.9907
vn -0.0108 0.1228 0.9924
vn -0.0056 0.1338 0.9910
vn -0.0140 0.1503 0.9885
vn -0.0054 0.1520 0.9884
vn -0.0036 0.1487 0.9889
vn -0.0021 0.1281 0.9918
vn -0.0013 0.1634 0.9866
vn -0.0028 0.1657 0.9862
vn -0.0077 0.1465 0.9892
vn -0.0091 0.1551 0.9879
vn 0.0091 0.1843 0.9828
vn -0.0031 0.1518 0.9884
vn -0.0022 0.1422 0.9898
vn -0.0062 0.1471 0.9891
vn -0.0156 0.1201 0.9926
vn 0.0076 0.1912 0.9815
vn 0.0113 0.1899 0.9817
vn 0.0089 0.1952 0.9807
vn 0.0024 0.2012 0.9795
vn -0.0142 0.1445 0.9894
vn 0.1457 0.6501 0.7457
vn 0.1692 0.8323 0.5279
vn 0.2635 0.8601 -0.4368
vn 0.1893 0.6275 -0.7553
vn 0.0802 0.1339 -0.9878
vn 0.0533 0.0151 -0.9985
vn 0.0532 -0.0195 -0.9984
vn 0.0545 -0.0349 -0.9979
vn 0.0331 -0.0230 -0.9992
vn 0.0448 -0.0613 -0.9971
vn 0.0499 -0.0553 -0.9972
vn 0.0352 -0.0590 -0.9976
vn 0.0453 -0.0593 -0.9972
vn 0.0322 -0.0520 -0.9981
vn 0.0494 -0.0750 -0.9960
vn 0.0390 -0.0530 -0.9978
vn 0.0403 -0.0650 -0.9971
vn 0.0463 -0.0855 -0.9953
vn 0.0381 -0.0671 -0.9970
vn 0.0443 -0.0772 -0.9960
vn 0.0374 -0.0599 -0.9975
vn 0.0434 -0.0715 -0.9965
vn 0.0501 -0.0972 -0.9940
vn 0.0377 -0.0615 -0.9974
vn 0.0371 -0.0704 -0.9968
vn 0.0366 -0.0699 -0.9969
vn 0.0329 -0.0747 -0.9967
vn 0.0394 -0.0893 -0.9952
vn 0.0307 -0.0643 -0.9975
vn 0.0316 -0.0723 -0.9969
vn 0.0291 -0.0714 -0.9970
vn 0.0198 -0.0705 -0.9973
vn 0.0222 -0.0781 -0.9967
vn 0.0296 -0.0588 -0.9978
vn 0.0238 -0.0636 -0.9977
vn 0.0165 -0.0677 -0.9976
vn -0.0002 -0.0697 -0.9976
vn 0.0029 -0.0713 -0.9975
vn 0.0186 -0.0650 -0.9977
vn 0.0103 -0.0686 -0.9976
vn -0.0053 -0.0721 -0.9974
vn -0.0243 -0.0771 -0.9967
vn -0.0195 -0.0677 -0.9975
vn -0.0010 -0.0648 -0.9979
vn -0.0144 -0.0757 -0.9970
vn -0.0347 -0.0823 -0.9960
vn -0.0371 -0.0819 -0.9959
vn -0.0469 -0.0789 -0.9958
vn -0.0243 -0.0731 -0.9970
vn -0.0358 -0.0733 -0.9967
vn -0.0370 -0.0755 -0.9965
vn -0.0565 -0.0779 -0.9954
vn -0.0433 -0.0787 -0.9960
vn -0.0385 -0.0758 -0.9964
vn -0.0510 -0.0834 -0.9952
vn -0.0581 -0.0854 -0.9947
vn -0.0360 -0.0862 -0.9956
vn -0.0465 -0.0828 -0.9955
vn -0.0554 -0.0780 -0.9954
vn -0.0481 -0.0755 -0.9960
vn -0.0367 -0.0763 -0.9964
vn -0.0496 -0.0830 -0.9953
vn -0.0239 -0.0883 -0.9958
vn -0.0458 -0.0748 -0.9961
vn -0.0414 -0.0744 -0.9964
vn -0.0446 -0.0703 -0.9965
vn -0.0334 -0.0663 -0.9972
vn -0.0446 -0.0759 -0.9961
vn -0.0330 -0.0770 -0.9965
vn -0.0505 -0.0677 -0.9964
vn -0.0478 -0.1403 -0.9890
vn -0.0553 -0.1387 -0.9888
vn -0.0633 -0.1762 -0.9823
vn -0.0559 -0.1313 -0.9898
vn -0.0650 -0.1678 -0.9837
vn -0.0601 0.3683 -0.9278
vn -0.0540 0.2629 -0.9633
vn -0.0320 0.8652 -0.5003
vn -0.0276 0.8336 -0.5516
vn -0.0208 0.8891 -0.4572
vn -0.0216 0.9082 -0.4180
vn -0.0162 0.7914 -0.6111
vn -0.0147 0.8125 -0.5828
vn -0.0092 0.8340 -0.5517
vn -0.0048 0.6324 -0.7746
vn -0.0035 0.6532 -0.7571
vn -0.0048 0.6692 -0.7431
vn 0.0196 0.6573 -0.7533
vn 0.0090 0.3624 -0.9320
vn 0.0185 0.3623 -0.9319
vn 0.0382 0.3596 -0.9323
vn 0.0414 0.3428 -0.9385
vn 0.0231 0.6288 -0.7773
vn 0.0297 -0.0000 -0.9996
vn 0.0424 -0.0000 -0.9991
vn 0.0426 -0.0000 -0.9991
vn -0.0607 -0.0000 -0.9982
vn -0.0690 0.3303 -0.9413
vn -0.1783 -0.0000 -0.9840
vn -0.1823 -0.0000 -0.9832
vn -0.1833 0.3101 -0.9329
vn -0.1820 0.3178 -0.9305
vn -0.1911 0.5758 -0.7949
vn -0.1935 0.5874 -0.7859
vn -0.0928 0.6108 -0.7863
vn -0.2123 0.7913 -0.5733
vn -0.1302 0.8146 -0.5652
vn -0.0211 0.8393 -0.5432
vn -0.1804 0.9432 -0.2788
vn -0.2347 0.9261 -0.2952
vn -0.2439 0.9696 0.0174
vn -0.2235 0.9742 0.0325
vn -0.2449 0.9237 0.2945
vn -0.2420 0.9206 0.3066
vn -0.1303 0.9338 0.3333
vn -0.2349 0.7949 0.5594
vn -0.1147 0.7968 0.5933
vn -0.0127 0.7874 0.6163
vn -0.0226 0.9253 0.3785
vn -0.0124 0.7675 0.6409
vn -0.0165 0.8978 0.4402
vn -0.0082 0.7394 0.6732
vn -0.0144 0.8670 0.4981
vn -0.0177 0.9219 0.3871
vn -0.0106 0.8388 0.5444
vn -0.0147 0.9156 0.4019
vn -0.0180 0.8376 0.5459
vn -0.0219 0.9056 0.4236
vn -0.0215 0.8713 0.4903
vn -0.0225 0.5234 0.8518
vn -0.0246 0.4262 0.9043
vn -0.0209 0.1294 0.9914
vn -0.0272 0.1192 0.9925
vn -0.0190 0.1054 0.9943
vn -0.0320 0.1166 0.9927
vn -0.0541 0.1262 0.9905
vn -0.1003 0.1372 0.9854
vn -0.0282 0.1199 0.9924
vn -0.0524 0.1123 0.9923
vn -0.1076 0.1234 0.9865
vn -0.0505 0.1108 0.9926
vn -0.1058 0.1199 0.9871
vn -0.1428 0.1236 0.9820
vn -0.1702 0.1292 0.9769
vn -0.0903 0.1057 0.9903
vn -0.1462 0.1132 0.9828
vn -0.1897 0.1277 0.9735
vn -0.2227 0.1427 0.9644
vn -0.3032 0.1644 0.9386
vn -0.1578 0.1290 0.9790
vn -0.2142 0.1454 0.9659
vn -0.2473 0.1562 0.9563
vn -0.5174 0.2168 0.8278
vn -0.2155 0.1526 0.9645
vn -0.2551 0.1600 0.9536
vn -0.6589 0.2525 0.7086
vn -0.8185 0.1862 -0.5435
vn -0.9555 0.2929 0.0363
vn -0.2429 0.1625 0.9563
vn -0.6712 0.2758 0.6881
vn -0.7982 0.2128 -0.5635
vn -0.5983 0.2410 0.7641
vn -0.8625 0.2061 -0.4622
vn -0.1225 -0.0504 -0.9912
vn -0.0914 -0.0535 -0.9944
vn -0.0775 -0.0733 -0.9943
vn -0.0443 -0.0741 -0.9963
vn -0.0408 -0.0856 -0.9955
vn -0.0240 -0.0836 -0.9962
vn -0.0628 -0.0716 -0.9955
vn -0.0422 -0.0824 -0.9957
vn -0.0471 -0.0825 -0.9955
vn -0.0607 -0.0751 -0.9953
vn -0.0367 -0.0808 -0.9961
vn -0.0366 -0.0807 -0.9961
vn -0.0423 -0.0746 -0.9963
vn -0.0379 -0.0782 -0.9962
vn -0.0302 -0.0713 -0.9970
vn -0.0328 -0.0805 -0.9962
vn -0.0165 -0.0817 -0.9965
vn -0.0122 -0.0780 -0.9969
vn -0.0200 -0.0817 -0.9965
vn -0.0012 -0.0798 -0.9968
vn 0.0111 -0.0797 -0.9968
vn -0.0063 -0.0883 -0.9961
vn 0.0130 -0.0906 -0.9958
vn 0.0272 -0.0916 -0.9954
vn -0.0007 -0.0702 -0.9975
vn 0.0226 -0.0725 -0.9971
vn 0.0400 -0.0863 -0.9955
vn 0.0198 -0.0397 -0.9990
vn 0.0346 -0.0375 -0.9987
vn 0.0508 -0.0689 -0.9963
vn 0.0348 -0.0366 -0.9987
vn 0.0499 -0.0378 -0.9980
vn 0.0514 -0.0650 -0.9966
vn 0.1818 0.0766 -0.9803
vn 0.0392 -0.0643 -0.9972
vn 0.7702 -0.2258 -0.5965
vn 0.0537 -0.0425 -0.9977
vn 0.0704 0.0622 -0.9956
vn 0.0433 0.0263 -0.9987
vn 0.0328 0.7627 -0.6459
vn -0.0450 0.5420 0.8392
vn 0.0311 -0.0777 -0.9965
vn 0.0316 -0.0860 -0.9958
vn 0.0188 -0.0303 -0.9994
vn 0.0275 -0.0803 -0.9964
vn 0.0311 -0.0860 -0.9958
vn 0.0226 -0.0902 -0.9957
vn 0.0070 -0.0824 -0.9966
vn 0.0252 -0.0462 -0.9986
vn 0.0168 -0.0649 -0.9978
vn 0.0192 -0.0827 -0.9964
vn -0.0143 -0.0836 -0.9964
vn -0.0265 -0.0883 -0.9957
vn 0.0020 -0.0635 -0.9980
vn 0.0096 -0.0800 -0.9967
vn -0.0050 -0.0877 -0.9961
vn -0.0067 -0.0749 -0.9972
vn -0.0142 -0.0882 -0.9960
vn -0.0455 -0.0888 -0.9950
vn -0.0183 -0.0839 -0.9963
vn -0.0357 -0.0823 -0.9960
vn -0.0290 -0.0807 -0.9963
vn -0.0518 -0.0821 -0.9953
vn -0.0618 -0.0843 -0.9945
vn -0.0542 -0.0794 -0.9954
vn -0.0548 -0.0789 -0.9954
vn -0.0795 -0.0741 -0.9941
vn -0.0606 -0.0684 -0.9958
vn -0.0732 -0.0674 -0.9950
vn -0.1778 -0.0391 -0.9833
vn -0.1862 -0.0546 -0.9810
vn -0.0735 -0.0702 -0.9948
vn -0.1578 -0.0436 -0.9865
vn -0.9208 0.2140 -0.3262
vn -0.9434 0.2226 -0.2458
vn -0.4450 0.1959 0.8738
vn -0.5020 0.2077 0.8396
vn -0.2164 0.1569 0.9636
vn -0.1826 0.1449 0.9725
vn -0.1549 0.1401 0.9780
vn -0.1121 0.1359 0.9844
vn -0.0809 0.1243 0.9889
vn -0.0846 0.1218 0.9889
vn -0.0231 0.1117 0.9935
vn -0.0275 0.1025 0.9944
vn -0.0508 0.1180 0.9917
vn -0.0948 0.1350 0.9863
vn -0.0634 0.1311 0.9893
vn -0.0878 0.1315 0.9874
vn -0.0632 0.1285 0.9897
vn -0.0318 0.1190 0.9924
vn -0.0452 0.1191 0.9919
vn -0.0492 0.1238 0.9911
vn -0.0681 0.1214 0.9903
vn -0.0322 0.1226 0.9919
vn -0.0285 0.1189 0.9925
vn -0.0383 0.1319 0.9905
vn -0.0137 0.1033 0.9946
vn -0.0181 0.1263 0.9918
vn -0.0188 0.1742 0.9845
vn -0.0363 0.1554 0.9872
vn -0.0204 0.1326 0.9910
vn -0.0278 0.1321 0.9908
vn -0.0229 0.1046 0.9942
vn -0.0335 0.1214 0.9920
vn -0.0812 0.1401 0.9868
vn -0.1712 0.0978 0.9804
vn -0.0503 0.1666 0.9847
vn -0.0186 0.1516 0.9883
vn -0.0115 0.2372 0.9714
vn -0.0088 0.1469 0.9891
vn -0.0196 0.7303 0.6828
vn -0.0157 0.1159 0.9931
vn -0.0131 0.1472 0.9890
vn -0.0066 0.1522 0.9883
vn -0.0102 0.1547 0.9879
vn 0.0063 0.1914 0.9815
vn -0.0041 0.1675 0.9859
vn -0.0117 0.1406 0.9900
vn -0.0182 0.1483 0.9888
vn -0.0206 0.1534 0.9880
vn -0.0164 0.1554 0.9877
vn -0.0195 0.1366 0.9904
vn -0.0164 0.1319 0.9911
vn -0.0132 0.1363 0.9906
vn -0.0181 0.1285 0.9915
vn -0.0143 0.1397 0.9901
vn -0.0130 0.1399 0.9901
vn -0.0106 0.1514 0.9884
vn -0.0169 0.1327 0.9910
vn -0.0172 0.1442 0.9894
vn -0.0115 0.1465 0.9891
vn -0.0270 0.1161 0.9929
vn -0.0272 0.1307 0.9910
vn 0.0024 0.1333 0.9911
vn -0.0328 0.1282 0.9912
vn -0.0079 0.1118 0.9937
vn -0.0103 0.1226 0.9924
vn -0.0186 0.1129 0.9934
vn -0.0189 0.1221 0.9923
vn -0.0159 0.1147 0.9933
vn -0.0215 0.1174 0.9928
vn -0.0091 0.1088 0.9940
vn -0.0163 0.1160 0.9931
vn -0.0135 0.1073 0.9941
vn -0.0183 0.1137 0.9934
vn -0.0218 0.1166 0.9929
vn -0.0156 0.1028 0.9946
vn -0.0072 0.1159 0.9932
vn -0.0039 0.1034 0.9946
vn -0.0413 0.1171 0.9923
vn -0.0055 0.1275 0.9918
vn -0.0253 0.1282 0.9914
vn -0.0303 0.1120 0.9932
vn -0.0336 0.1157 0.9927
vn -0.0099 0.1117 0.9937
vn 0.0043 0.1039 0.9946
vn 0.0186 0.1074 0.9940
vn -0.0098 0.1116 0.9937
vn 0.0292 0.1086 0.9937
vn 0.0409 0.1103 0.9931
vn 0.0272 0.1028 0.9943
vn 0.0344 0.1048 0.9939
vn 0.0322 0.1126 0.9931
vn 0.0301 0.1127 0.9932
vn 0.0256 0.1134 0.9932
vn 0.0302 0.1119 0.9933
vn 0.0293 0.1152 0.9929
vn 0.0331 0.1114 0.9932
vn 0.0319 0.1017 0.9943
vn 0.0336 0.1298 0.9910
vn 0.0381 0.1343 0.9902
vn 0.0397 0.1330 0.9903
vn 0.0721 0.5539 0.8295
vn 0.0786 0.5520 0.8301
vn 0.0704 0.5413 0.8379
vn 0.0974 0.9308 0.3524
vn 0.1015 0.9285 0.3573
vn 0.0965 0.9228 0.3730
vn 0.0569 0.5258 0.8487
vn 0.0947 0.9076 0.4089
vn 0.0483 0.4969 0.8665
vn 0.1057 0.8743 0.4738
vn 0.1041 0.9865 0.1264
vn 0.1123 0.9848 0.1328
vn 0.1067 0.9818 0.1572
vn 0.1059 0.9844 0.1408
vn 0.1079 0.9874 0.1161
vn 0.1044 0.9867 0.1242
vn 0.0882 0.9678 0.2356
vn 0.1048 0.9824 0.1547
vn 0.0922 0.9392 0.3308
vn 0.1042 0.9809 0.1642
vn 0.1054 0.9328 0.3446
vn 0.1291 0.9808 0.1461
vn 0.1032 0.9805 0.1673
vn 0.1199 0.9809 0.1528
vn 0.1227 0.9924 0.0072
vn 0.2442 0.9660 0.0845
vn 0.4945 0.7536 -0.4330
vn 0.4046 -0.2913 -0.8669
vn -0.0193 -0.9282 -0.3715
vn -0.0901 -0.9819 -0.1667
vn -0.0637 -0.9366 -0.3446
vn -0.0861 -0.9594 -0.2686
vn -0.1039 -0.9740 -0.2012
vn -0.1082 -0.9824 -0.1522
vn -0.1001 -0.9913 -0.0860
vn -0.1065 -0.9655 -0.2375
vn -0.1136 -0.9738 -0.1969
vn -0.1113 -0.9761 -0.1865
vn -0.1048 -0.9767 -0.1870
vn -0.1070 -0.9849 -0.1361
vn -0.1162 -0.9662 -0.2303
vn -0.1096 -0.9652 -0.2373
vn -0.1036 -0.9642 -0.2440
vn -0.0972 -0.9612 -0.2582
vn -0.0986 -0.9774 -0.1868
vn -0.1062 -0.9302 -0.3514
vn -0.0976 -0.9210 -0.3770
vn -0.0949 -0.9101 -0.4034
vn -0.0936 -0.8905 -0.4452
vn -0.1018 -0.9560 -0.2752
vn -0.0886 -0.8338 -0.5450
vn -0.0879 -0.8083 -0.5822
vn -0.0792 -0.7724 -0.6301
vn -0.0793 -0.7366 -0.6716
vn -0.0899 -0.8637 -0.4959
vn -0.0771 -0.6511 -0.7550
vn -0.0673 -0.6134 -0.7869
vn -0.0756 -0.5803 -0.8109
vn -0.0803 -0.5723 -0.8161
vn -0.0803 -0.7168 -0.6926
vn -0.0564 -0.3689 -0.9277
vn -0.0750 -0.3244 -0.9429
vn -0.0738 -0.3261 -0.9424
vn -0.0574 -0.3518 -0.9343
vn -0.0707 -0.5833 -0.8092
vn -0.0553 0.0240 -0.9982
vn -0.0615 -0.0174 -0.9980
vn -0.0481 -0.0833 -0.9954
vn -0.0352 -0.1298 -0.9909
vn -0.0501 -0.3899 -0.9195
vn 0.0596 0.7917 -0.6080
vn -0.0433 0.5858 -0.8093
vn -0.0828 0.3028 -0.9495
vn -0.0583 0.1166 -0.9915
vn -0.0330 -0.1641 -0.9859
vn 0.0051 0.9468 0.3218
vn -0.1042 0.9929 0.0575
vn -0.1008 0.9823 -0.1579
vn -0.0074 0.2035 -0.9791
vn -0.0211 0.0766 -0.9968
vn 0.0230 0.5622 0.8267
vn 0.0164 0.5226 0.8524
vn 0.0244 0.5077 0.8612
vn 0.0194 0.4688 0.8831
vn 0.0357 0.5104 0.8592
vn 0.0302 0.4449 0.8951
vn 0.0383 0.6309 0.7749
vn 0.0382 0.6532 0.7562
vn 0.0443 0.6744 0.7370
vn 0.0510 0.6769 0.7343
vn 0.0484 0.5093 0.8592
vn 0.0442 0.7735 0.6322
vn 0.0468 0.7839 0.6192
vn 0.0518 0.7838 0.6188
vn 0.0578 0.7736 0.6311
vn 0.0577 0.6596 0.7494
vn 0.0461 0.8067 0.5891
vn 0.0536 0.8062 0.5891
vn 0.0594 0.8042 0.5914
vn 0.0552 0.7992 0.5985
vn 0.0534 0.7577 0.6504
vn 0.0544 0.7991 0.5988
vn 0.0580 0.8030 0.5931
vn 0.0550 0.8080 0.5866
vn 0.0527 0.8075 0.5875
vn 0.0463 0.7868 0.6155
vn 0.0564 0.7842 0.6179
vn 0.0561 0.7894 0.6113
vn 0.0544 0.7943 0.6051
vn 0.0887 0.7958 0.5991
vn 0.0805 0.7978 0.5975
vn 0.0616 0.7482 0.6606
vn 0.0571 0.7491 0.6600
vn 0.0839 0.7561 0.6490
vn 0.2300 0.7575 0.6109
vn 0.2519 0.7741 0.5808
vn 0.0639 0.6625 0.7463
vn 0.0641 0.6797 0.7307
vn 0.1742 0.7088 0.6835
vn 0.5308 0.6410 0.5544
vn 0.6106 0.6251 0.4862
vn 0.0284 0.5211 0.8530
vn 0.1094 0.5763 0.8099
vn -0.0047 -0.3161 0.9487
vn 0.0603 -0.2527 0.9657
vn -0.0240 -0.9662 0.2567
vn -0.0050 -0.9520 0.3061
vn -0.0390 -0.9991 -0.0158
vn -0.0039 -0.9999 -0.0169
vn -0.0402 -0.9833 -0.1777
vn 0.0228 -0.9861 -0.1649
vn 0.3184 -0.9348 -0.1575
vn 0.8699 -0.4929 -0.0190
vn 0.0395 -0.9232 -0.3823
vn 0.3753 -0.8654 -0.3320
vn 0.8944 -0.4337 -0.1095
vn 0.9525 0.2143 0.2163
vn 0.9279 0.2514 0.2752
vn 0.3991 -0.7641 -0.5069
vn 0.9088 -0.3601 -0.2108
vn 0.9644 0.2007 0.1720
vn 0.6577 0.6002 0.4553
vn 0.9090 -0.2858 -0.3033
vn 0.9669 0.1972 0.1622
vn 0.6673 0.5753 0.4730
vn 0.2407 0.7147 0.6567
vn 0.2533 0.7628 0.5949
vn 0.0691 0.7672 0.6377
vn 0.2125 0.6174 0.7574
vn 0.0567 0.6927 0.7190
vn 0.0384 0.7322 0.6801
vn 0.0356 0.5896 0.8069
vn 0.0532 0.6289 0.7756
vn 0.0307 0.4724 0.8809
vn 0.0556 0.4835 0.8736
vn 0.0508 0.4967 0.8664
vn 0.0547 0.4455 0.8936
vn 0.0427 0.4340 0.8999
vn 0.0453 0.4375 0.8981
vn -0.0117 0.2439 -0.9697
vn -0.0220 0.2125 -0.9769
vn -0.0208 0.0641 -0.9977
vn -0.0178 0.0730 -0.9972
vn -0.0203 0.0770 -0.9968
vn -0.0059 0.2424 -0.9702
vn -0.0333 -0.2730 -0.9614
vn -0.0424 -0.2533 -0.9665
vn -0.0414 -0.2128 -0.9762
vn -0.0567 -0.5238 -0.8500
vn -0.0565 -0.4904 -0.8697
vn -0.0490 -0.4402 -0.8965
vn -0.0699 -0.6791 -0.7307
vn -0.0665 -0.6441 -0.7620
vn -0.0659 -0.6093 -0.7902
vn -0.0766 -0.7730 -0.6298
vn -0.0739 -0.7415 -0.6668
vn -0.0766 -0.7204 -0.6893
vn -0.0780 -0.8553 -0.5122
vn -0.0826 -0.8372 -0.5407
vn -0.0885 -0.8415 -0.5329
vn -0.0912 -0.9332 -0.3476
vn -0.0981 -0.9348 -0.3413
vn -0.1021 -0.9455 -0.3091
vn -0.1037 -0.9751 -0.1963
vn -0.1089 -0.9763 -0.1873
vn -0.1005 -0.9773 -0.1865
vn -0.1052 -0.9845 -0.1403
vn -0.0997 -0.9833 -0.1524
vn -0.1007 -0.9842 -0.1459
vn -0.1008 -0.9936 -0.0516
vn -0.1046 -0.9937 -0.0414
vn -0.1079 -0.9931 -0.0456
vn -0.1000 -0.9494 0.2976
vn -0.1012 -0.9742 0.2015
vn -0.0662 -0.9978 -0.0071
vn -0.0541 -0.2753 0.9598
vn -0.0454 -0.6793 0.7325
vn 0.0311 0.6388 0.7687
vn -0.0116 0.4962 0.8681
vn 0.0486 0.7427 0.6679
vn 0.0459 0.7359 0.6755
vn 0.0364 0.6497 0.7593
vn 0.0497 0.7733 0.6321
vn 0.0512 0.7460 0.6640
vn 0.0385 0.5559 0.8304
vn 0.0568 0.7931 0.6065
vn 0.0514 0.7413 0.6692
vn -0.0277 0.3507 0.9361
vn -0.0595 0.0841 0.9947
vn -0.0219 -0.5910 0.8064
vn 0.0399 0.7705 0.6361
vn 0.0332 0.5925 0.8049
vn -0.1364 -0.7744 0.6178
vn -0.1716 -0.9286 0.3289
vn -0.8321 0.2707 0.4841
vn 0.7116 0.6900 -0.1324
vn -0.1271 -0.9622 -0.2409
vn -0.1096 -0.9523 -0.2849
vn -0.1163 -0.9572 -0.2651
vn -0.1138 -0.9468 -0.3009
vn -0.1162 -0.9557 -0.2705
vn -0.1197 -0.9566 -0.2658
vn -0.1131 -0.9610 -0.2523
vn -0.1151 -0.9538 -0.2777
vn -0.1089 -0.9474 -0.3010
vn -0.1205 -0.9313 -0.3437
vn -0.1141 -0.9036 -0.4130
vn -0.1219 -0.9505 -0.2857
vn -0.1139 -0.8861 -0.4492
vn -0.1085 -0.8452 -0.5232
vn -0.1032 -0.7978 -0.5941
vn -0.0971 -0.7640 -0.6378
vn -0.1049 -0.8753 -0.4721
vn -0.0895 -0.6587 -0.7471
vn -0.0971 -0.6113 -0.7854
vn -0.0853 -0.5685 -0.8182
vn -0.0585 -0.5176 -0.8536
vn -0.0782 -0.7298 -0.6792
vn -0.0818 -0.3300 -0.9404
vn -0.0701 -0.2745 -0.9590
vn -0.0415 -0.2182 -0.9750
vn -0.0601 -0.1504 -0.9868
vn -0.0683 -0.4697 -0.8802
vn -0.0589 -0.1085 -0.9923
vn -0.0331 -0.0433 -0.9985
vn -0.0554 0.0420 -0.9976
vn -0.0467 0.1132 -0.9925
vn -0.0583 -0.0813 -0.9950
vn 0.0129 0.7327 0.6804
vn -0.0029 0.7785 0.6277
vn 0.0168 0.8084 0.5884
vn 0.0271 0.7714 0.6358
vn 0.0342 0.7171 0.6961
vn 0.0127 0.6688 0.7433
vn 0.0277 0.6346 0.7723
vn 0.0034 0.5855 0.8107
vn 0.0485 0.8262 0.5613
vn 0.0626 0.7959 0.6022
vn 0.0634 0.7442 0.6649
vn 0.0577 0.6711 0.7391
vn 0.0808 0.6313 0.7714
vn 0.0711 0.8254 0.5600
vn 0.0773 0.8107 0.5803
vn 0.0749 0.7706 0.6329
vn 0.0628 0.7147 0.6966
vn 0.0525 0.6204 0.7825
vn 0.0804 0.8232 0.5621
vn 0.0842 0.8196 0.5667
vn 0.0739 0.8012 0.5938
vn 0.0573 0.7762 0.6278
vn 0.0503 0.6702 0.7405
vn 0.0822 0.8265 0.5569
vn 0.0795 0.8299 0.5522
vn 0.0654 0.8231 0.5641
vn 0.0618 0.8143 0.5771
vn 0.0523 0.7606 0.6471
vn 0.0787 0.8221 0.5638
vn 0.0706 0.8256 0.5599
vn 0.0652 0.8248 0.5617
vn 0.0589 0.8234 0.5643
vn 0.0557 0.8101 0.5837
vn 0.0724 0.7965 0.6003
vn 0.0628 0.7989 0.5982
vn 0.0587 0.8026 0.5937
vn 0.0563 0.7974 0.6008
vn 0.0488 0.8151 0.5773
vn 0.0595 0.7470 0.6622
vn 0.0559 0.7504 0.6586
vn 0.0613 0.7496 0.6590
vn 0.0626 0.7441 0.6652
vn 0.0556 0.7844 0.6177
vn 0.0448 0.6227 0.7812
vn 0.0607 0.6564 0.7520
vn 0.0670 0.6694 0.7399
vn 0.0658 0.6662 0.7428
vn 0.0572 0.7426 0.6673
vn 0.0354 -0.0541 0.9979
vn 0.0607 0.0566 0.9966
vn 0.0728 0.1458 0.9866
vn 0.0618 0.2264 0.9721
vn 0.0651 0.6578 0.7504
vn -0.0061 -0.8166 0.5772
vn 0.0209 -0.7396 0.6727
vn 0.0158 -0.6674 0.7445
vn 0.0151 -0.5782 0.8158
vn 0.0693 0.3310 0.9411
vn -0.0280 -0.9922 0.1214
vn -0.0206 -0.9881 0.1526
vn -0.0330 -0.9856 0.1658
vn -0.0335 -0.9805 0.1935
vn -0.0053 -0.5024 0.8646
vn -0.0333 -0.9974 -0.0647
vn -0.0363 -0.9986 -0.0393
vn -0.0396 -0.9988 -0.0277
vn -0.0407 -0.9753 -0.2170
vn -0.0441 -0.9789 -0.1996
vn -0.0433 -0.9121 -0.4077
vn -0.0485 -0.9137 -0.4034
vn -0.0391 -0.9176 -0.3957
vn -0.0480 -0.8060 -0.5899
vn -0.0419 -0.8068 -0.5893
vn 0.0368 -0.8177 -0.5744
vn -0.0508 -0.6845 -0.7272
vn 0.0266 -0.6905 -0.7228
vn 0.4062 -0.6343 -0.6578
vn 0.0477 -0.4879 -0.8716
vn -0.0469 -0.5057 -0.8614
vn -0.0398 -0.2422 -0.9694
vn 0.0703 -0.1941 -0.9785
vn 0.0020 0.0716 -0.9974
vn 0.1847 0.1720 -0.9676
vn -0.0504 -0.2477 -0.9675
vn -0.0283 0.0370 -0.9989
vn -0.0031 0.1648 -0.9863
vn 0.0463 0.2168 -0.9751
vn -0.0463 0.0298 -0.9985
vn -0.0552 0.1502 -0.9871
vn -0.0111 0.4436 0.8962
vn 0.0320 0.4622 0.8862
vn -0.0342 0.0486 -0.9982
vn -0.0469 0.1771 -0.9831
vn -0.0326 -0.2590 -0.9653
vn -0.0238 -0.2676 -0.9632
vn -0.0280 -0.2747 -0.9611
vn -0.0279 -0.5429 -0.8394
vn -0.0359 -0.5461 -0.8370
vn -0.0459 -0.5404 -0.8401
vn -0.0422 -0.7165 -0.6963
vn -0.0560 -0.7211 -0.6906
vn -0.0674 -0.7077 -0.7033
vn -0.0646 -0.8436 -0.5331
vn -0.0695 -0.8324 -0.5498
vn -0.0756 -0.8054 -0.5879
vn -0.0704 -0.9135 -0.4008
vn -0.0785 -0.9030 -0.4223
vn -0.0830 -0.8819 -0.4641
vn -0.0776 -0.9518 -0.2967
vn -0.0862 -0.9435 -0.3200
vn -0.0829 -0.9380 -0.3366
vn -0.0902 -0.9732 -0.2116
vn -0.0945 -0.9738 -0.2069
vn -0.0965 -0.9754 -0.1982
vn -0.1043 -0.9879 -0.1150
vn -0.1007 -0.9886 -0.1122
vn -0.1028 -0.9877 -0.1179
vn -0.1025 -0.9920 0.0735
vn -0.0935 -0.9954 0.0219
vn -0.0937 -0.9951 -0.0310
vn -0.0487 -0.7241 0.6880
vn -0.0589 -0.8459 0.5300
vn -0.0834 -0.9140 0.3970
vn 0.0201 0.0409 0.9990
vn 0.0098 -0.1039 0.9945
vn -0.0119 -0.1880 0.9821
vn 0.0727 0.6308 0.7725
vn 0.0713 0.6517 0.7551
vn 0.0718 0.7254 0.6846
vn 0.0677 0.7351 0.6746
vn 0.0719 0.7749 0.6280
vn 0.0647 0.7727 0.6315
vn 0.0522 0.7745 0.6304
vn 0.0649 0.7997 0.5969
vn 0.0544 0.7979 0.6003
vn 0.0500 0.8005 0.5973
vn 0.0547 0.8253 0.5621
vn 0.0475 0.8349 0.5484
vn 0.0576 0.8359 0.5458
vn 0.0439 0.8606 0.5074
vn 0.0518 0.8682 0.4936
vn 0.0520 0.8643 0.5004
vn 0.0512 0.8146 0.5778
vn 0.0398 0.8384 0.5435
vn 0.0463 0.8832 0.4668
vn 0.0426 0.8842 0.4652
vn 0.0430 0.8791 0.4746
vn 0.0559 0.8126 0.5801
vn 0.0428 0.8806 0.4719
vn 0.0467 0.8129 0.5806
vn 0.0509 0.7619 0.6457
vn 0.0381 0.8876 0.4591
vn 0.0433 0.8164 0.5758
vn 0.0455 0.7611 0.6470
vn 0.0385 0.8315 0.5542
vn 0.0409 0.7817 0.6223
vn -0.1632 -0.9591 0.2312
vn -0.1271 -0.9892 0.0726
vn -0.1200 -0.9914 -0.0523
vn -0.1454 -0.9892 0.0189
vn -0.0940 -0.9955 0.0099
vn -0.1040 -0.9907 -0.0872
vn -0.1122 -0.9687 -0.2215
vn -0.1110 -0.9689 -0.2214
vn -0.1287 -0.9638 -0.2336
vn -0.1136 -0.9371 -0.3302
vn -0.1013 -0.9345 -0.3413
vn -0.1149 -0.9267 -0.3579
vn -0.1195 -0.9156 -0.3839
vn -0.0885 -0.8391 -0.5367
vn -0.1025 -0.8221 -0.5601
vn -0.1078 -0.7997 -0.5907
vn -0.1041 -0.7637 -0.6372
vn -0.1157 -0.9050 -0.4093
vn -0.0781 -0.5832 -0.8086
vn -0.0874 -0.5245 -0.8469
vn -0.0797 -0.4789 -0.8742
vn -0.0715 -0.4337 -0.8982
vn -0.0972 -0.7128 -0.6947
vn -0.0737 -0.3477 -0.9347
vn -0.0668 -0.3055 -0.9499
vn -0.0615 -0.2779 -0.9586
vn -0.0564 -0.2345 -0.9705
vn -0.0701 -0.3857 -0.9200
vn 0.0020 0.9119 0.4103
vn 0.0150 0.9311 0.3644
vn 0.0275 0.9152 0.4020
vn 0.0229 0.9035 0.4280
vn 0.0198 0.8833 0.4683
vn -0.0011 0.8859 0.4640
vn 0.0199 0.8611 0.5080
vn 0.0047 0.8565 0.5162
vn 0.0411 0.8718 0.4882
vn 0.0383 0.8609 0.5073
vn 0.0173 0.8385 0.5446
vn -0.0000 0.8209 0.5711
vn 0.0421 0.8479 0.5284
vn 0.0517 0.8503 0.5238
vn 0.0614 0.8365 0.5446
vn 0.0660 0.8216 0.5662
vn 0.0737 0.8218 0.5649
vn 0.0737 0.8057 0.5877
vn 0.0782 0.8158 0.5730
vn 0.0744 0.7898 0.6089
vn 0.0771 0.8086 0.5832
vn 0.0692 0.7385 0.6707
vn 0.0693 0.7676 0.6372
vn 0.0738 0.7899 0.6088
vn 0.0566 0.6915 0.7201
vn 0.0671 0.7227 0.6879
vn 0.0684 0.7380 0.6714
vn 0.0364 0.3808 0.9239
vn 0.0416 0.4747 0.8792
vn 0.0423 0.5591 0.8280
vn -0.0484 -0.4763 0.8779
vn -0.0283 -0.3251 0.9453
vn 0.0063 -0.1633 0.9866
vn -0.0767 -0.9652 0.2500
vn -0.0374 -0.9289 0.3684
vn -0.0300 -0.8820 0.4703
vn -0.0566 -0.9982 -0.0216
vn -0.0589 -0.9978 0.0296
vn -0.0573 -0.9959 0.0693
vn -0.0657 -0.9873 -0.1448
vn -0.0716 -0.9889 -0.1300
vn -0.0481 -0.9933 -0.1055
vn -0.0724 -0.9619 -0.2636
vn -0.0602 -0.9640 -0.2590
vn -0.0479 -0.9701 -0.2378
vn -0.0624 -0.9135 -0.4019
vn -0.0525 -0.9118 -0.4073
vn -0.0544 -0.8376 -0.5436
vn -0.0433 -0.8232 -0.5661
vn -0.0381 -0.8117 -0.5829
vn -0.0327 -0.7056 -0.7079
vn -0.0303 -0.6951 -0.7183
vn -0.0479 -0.6870 -0.7251
vn -0.0270 -0.5310 -0.8469
vn -0.0475 -0.5148 -0.8560
vn -0.0695 -0.9152 -0.3969
vn -0.0706 -0.9599 -0.2713
vn -0.0713 -0.9809 -0.1811
vn -0.0879 -0.9922 -0.0880
vn -0.1006 -0.9842 0.1456
vn -0.0622 -0.6114 0.7889
vn 0.0305 0.2459 0.9688
vn 0.0602 0.6480 0.7592
vn -0.0715 -0.1669 -0.9834
vn 0.0192 0.9439 0.3296
vn 0.0294 0.9231 0.3834
vn 0.0004 0.9591 0.2831
vn 0.0167 0.9358 0.3521
vn 0.0011 0.9724 0.2333
vn 0.0140 0.9493 0.3140
vn 0.0321 0.8976 0.4397
vn 0.0272 0.9560 0.2921
vn 0.0334 0.9023 0.4298
vn 0.0130 0.8316 0.5552
vn 0.0339 0.9042 0.4259
vn 0.0524 0.8299 0.5555
vn 0.0601 0.7731 0.6314
vn -0.0053 0.7771 0.6293
vn 0.0579 0.8677 0.4937
vn 0.0883 0.8249 0.5583
vn -0.2039 -0.9788 0.0215
vn -0.1613 -0.9766 0.1423
vn -0.1477 -0.9890 -0.0052
vn -0.1695 -0.9826 -0.0755
vn -0.1287 -0.9662 -0.2235
vn -0.1301 -0.9655 -0.2256
vn -0.1427 -0.9172 -0.3720
vn -0.1384 -0.9301 -0.3402
vn -0.1756 -0.8382 -0.5163
vn -0.1580 -0.8497 -0.5030
vn -0.1091 -0.8514 -0.5131
vn -0.1535 -0.6881 -0.7092
vn -0.1022 -0.6641 -0.7406
vn -0.0718 -0.6381 -0.7666
vn -0.0986 -0.5359 -0.8385
vn -0.0605 -0.5010 -0.8633
vn -0.0586 -0.4251 -0.9032
vn -0.1391 -0.5766 -0.8051
vn 0.0182 0.9797 0.1997
vn 0.0192 0.9834 0.1803
vn 0.0247 0.9584 0.2844
vn -0.1818 -0.7162 -0.6738
vn -0.1728 -0.6465 -0.7431
vn -0.1746 -0.8245 -0.5383
vn -0.3253 -0.6820 -0.6551
vn -0.1475 -0.9028 -0.4041
vn -0.1209 -0.9642 -0.2360
vn -0.0785 -0.9969 0.0054
vn -0.0491 -0.9894 0.1365
vn 0.0248 0.8536 0.5204
vn 0.0242 0.8834 0.4679
vn 0.0441 0.4305 0.9015
vn 0.0727 0.6582 0.7493
vn 0.0579 0.7461 0.6633
vn 0.0553 0.7791 0.6244
vn 0.0489 0.8034 0.5934
vn 0.0436 0.8076 0.5882
vn 0.0504 0.7620 0.6457
vn 0.0430 0.6395 0.7676
vn 0.0426 0.5957 0.8021
vn 0.0937 0.8058 0.5847
vn 0.0751 0.9747 -0.2105
vn -0.0403 -0.0157 -0.9991
vn -0.0271 0.1697 -0.9851
vn -0.0695 -0.4260 -0.9020
vn -0.0776 -0.6889 -0.7207
vn -0.0962 -0.8533 -0.5125
vn -0.1113 -0.9394 -0.3244
vn -0.1180 -0.9655 -0.2320
vn -0.0547 -0.9623 -0.2665
vn -0.0222 -0.9513 0.3076
vn 0.1136 0.9765 0.1830
vn 0.1072 0.9940 0.0215
vn 0.1146 0.9392 0.3238
vn 0.1312 0.9740 0.1849
vn 0.1034 0.8368 0.5376
vn 0.1208 0.9320 0.3417
vn 0.1027 0.9842 0.1445
vn 0.1124 0.8376 0.5346
vn 0.1487 0.9421 0.3004
vn 0.1211 0.9787 0.1659
vn 0.0764 0.9962 0.0424
vn 0.1994 0.8498 0.4880
vn 0.2473 0.9065 0.3423
vn 0.1115 0.7517 0.6501
vn 0.0722 0.3769 0.9234
vn 0.0493 0.2367 0.9703
vn 0.0656 0.4322 0.8994
vn 0.0858 0.6553 0.7505
vn 0.0774 0.3854 0.9195
vn 0.0663 0.1445 0.9873
vn 0.0865 0.6547 0.7509
vn 0.0688 0.4607 0.8849
vn 0.0559 0.1720 0.9835
vn 0.0835 0.7133 0.6959
vn 0.0678 0.5867 0.8070
vn 0.0516 0.3032 0.9515
vn 0.0956 0.8889 0.4480
vn 0.0893 0.8148 0.5729
vn 0.0858 0.7313 0.6767
vn 0.0668 0.4667 0.8819
vn 0.0989 0.9676 0.2324
vn 0.1042 0.9471 0.3036
vn 0.1009 0.9123 0.3969
vn 0.0899 0.8659 0.4920
vn 0.0759 0.6539 0.7528
vn 0.1087 0.9796 0.1689
vn 0.1071 0.9768 0.1853
vn 0.1014 0.9675 0.2317
vn 0.0954 0.9511 0.2938
vn 0.0845 0.8171 0.5703
vn 0.0825 0.7731 0.6289
vn 0.0716 0.5234 0.8491
vn 0.0718 0.5846 0.8081
vn 0.0921 0.9307 0.3539
vn 0.0895 0.9092 0.4066
vn 0.0752 0.7320 0.6772
vn 0.1013 0.9804 0.1687
vn 0.0983 0.9765 0.1919
vn 0.0909 0.9714 0.2196
vn 0.0830 0.8891 0.4501
vn 0.1011 0.9875 0.1211
vn 0.0985 0.9866 0.1300
vn 0.0904 0.9854 0.1445
vn 0.0838 0.9647 0.2498
vn 0.0783 0.9567 0.2804
vn 0.0647 0.8493 0.5240
vn 0.0723 0.8686 0.4902
vn 0.0870 0.9841 0.1546
vn 0.0673 0.9862 0.1510
vn 0.0693 0.9509 0.3016
vn 0.0912 0.9324 0.3497
vn 0.0688 0.9337 0.3513
vn 0.0471 0.9209 0.3868
vn 0.0400 0.9905 0.1315
vn 0.0578 0.5392 0.8402
vn 0.0484 0.4902 0.8703
vn 0.0383 0.4323 0.9009
vn 0.0408 0.9000 0.4339
vn 0.0308 0.1265 0.9915
vn 0.0298 0.1230 0.9920
vn 0.0377 0.1070 0.9935
vn 0.0374 0.3826 0.9231
vn 0.0323 0.1160 0.9927
vn 0.0468 0.1123 0.9926
vn 0.0162 0.1251 0.9920
vn 0.0225 0.0989 0.9948
vn 0.0408 0.1174 0.9922
vn 0.0039 0.1255 0.9921
vn -0.0193 0.1183 0.9928
vn -0.0266 0.1376 0.9901
vn -0.0051 0.1046 0.9945
vn -0.0158 0.1076 0.9941
vn -0.0152 0.1125 0.9935
vn -0.0200 0.1036 0.9944
vn -0.0193 0.1194 0.9927
vn -0.0142 0.1214 0.9925
vn -0.0220 0.1162 0.9930
vn -0.0270 0.1130 0.9932
vn -0.0233 0.1113 0.9935
vn -0.0231 0.1125 0.9934
vn -0.0220 0.1054 0.9942
vn -0.0240 0.1152 0.9931
vn -0.0192 0.1189 0.9927
vn -0.0185 0.1102 0.9937
vn -0.0153 0.1083 0.9940
vn -0.0267 0.1034 0.9943
vn -0.0180 0.1120 0.9935
vn -0.0167 0.1146 0.9933
vn -0.0215 0.1229 0.9922
vn -0.0180 0.1091 0.9939
vn -0.0121 0.1087 0.9940
vn -0.0061 0.1102 0.9939
vn -0.0317 0.1087 0.9936
vn -0.0294 0.1004 0.9945
vn -0.0209 0.1026 0.9945
vn -0.0235 0.1224 0.9922
vn -0.0267 0.1171 0.9928
vn -0.0352 0.1091 0.9934
vn -0.0228 0.1206 0.9924
vn -0.0186 0.1156 0.9931
vn -0.0311 0.1222 0.9920
vn -0.0252 0.1167 0.9929
vn -0.0230 0.1165 0.9929
vn -0.0298 0.1251 0.9917
vn -0.0118 0.1064 0.9943
vn -0.0212 0.1156 0.9931
vn -0.0243 0.1270 0.9916
vn -0.0033 0.1141 0.9935
vn -0.0263 0.1272 0.9915
vn -0.0241 0.1110 0.9935
vn -0.0099 0.1235 0.9923
vn -0.0207 0.1330 0.9909
vn -0.0312 0.1291 0.9911
vn -0.0335 0.1304 0.9909
vn -0.0157 0.1310 0.9913
vn -0.0262 0.1301 0.9911
vn -0.0235 0.1242 0.9920
vn -0.0096 0.1303 0.9914
vn -0.0183 0.1390 0.9901
vn -0.0222 0.1332 0.9908
vn -0.0233 0.1345 0.9906
vn -0.0169 0.1368 0.9905
vn -0.0158 0.1444 0.9894
vn -0.0182 0.1352 0.9907
vn -0.0195 0.1288 0.9915
vn -0.0151 0.1589 0.9872
vn -0.0168 0.1483 0.9888
vn -0.0139 0.1581 0.9873
vn -0.0155 0.1223 0.9924
vn -0.0220 0.1119 0.9935
vn -0.0265 0.1396 0.9899
vn -0.0166 0.1321 0.9911
vn -0.0382 0.1314 0.9906
vn -0.0206 0.1347 0.9907
vn -0.0373 0.1311 0.9907
vn -0.0298 0.1257 0.9916
vn -0.0064 0.1154 0.9933
vn -0.0324 0.1155 0.9928
vn -0.0085 0.1073 0.9942
vn -0.0391 0.1230 0.9916
vn -0.0165 0.1072 0.9941
vn -0.0390 0.1212 0.9919
vn -0.0192 0.1092 0.9938
vn -0.0359 0.1164 0.9926
vn -0.0215 0.1111 0.9936
vn -0.0294 0.1199 0.9923
vn -0.0286 0.1087 0.9937
vn -0.0412 0.1177 0.9922
vn -0.0126 0.1095 0.9939
vn -0.0438 0.1061 0.9934
vn -0.0186 0.1092 0.9938
vn -0.0238 0.1101 0.9936
vn -0.0341 0.0999 0.9944
vn -0.0220 0.1100 0.9937
vn -0.0198 0.1126 0.9934
vn -0.0291 0.1050 0.9940
vn -0.0204 0.1098 0.9937
vn -0.0261 0.1148 0.9930
vn -0.0273 0.1076 0.9938
vn -0.0240 0.1134 0.9933
vn -0.0251 0.1083 0.9938
vn -0.0211 0.1119 0.9935
vn -0.0204 0.1169 0.9929
vn -0.0168 0.1127 0.9935
vn -0.0216 0.1058 0.9941
vn -0.0199 0.1232 0.9922
vn -0.0173 0.1306 0.9913
vn -0.0221 0.1245 0.9920
vn -0.0223 0.1108 0.9936
vn -0.0406 0.1191 0.9921
vn -0.0273 0.1265 0.9916
vn -0.0264 0.1112 0.9934
vn -0.0585 0.1630 0.9849
vn -0.0382 0.2432 0.9692
vn 0.0268 0.3233 0.9459
vn 0.0246 0.8685 0.4950
vn 0.0406 0.8856 0.4627
vn 0.0118 0.9936 0.1124
vn 0.0320 0.9938 0.1068
vn 0.0382 0.9926 0.1151
vn 0.0302 0.9421 0.3340
vn 0.0454 0.9490 0.3120
vn 0.0517 0.9511 0.3044
vn 0.0462 0.7939 0.6063
vn 0.0528 0.8117 0.5817
vn 0.0629 0.8309 0.5529
vn 0.0398 0.5613 0.8267
vn 0.0514 0.5947 0.8023
vn 0.0545 0.6248 0.7789
vn 0.0390 0.2761 0.9603
vn 0.0426 0.3200 0.9464
vn 0.0426 0.3646 0.9302
vn 0.0597 0.6539 0.7542
vn 0.0444 0.4221 0.9054
vn 0.0679 0.6910 0.7197
vn 0.0599 0.4729 0.8791
vn 0.0284 0.0878 0.9957
vn 0.0482 0.1403 0.9889
vn 0.0587 0.2052 0.9770
vn 0.0319 -0.1149 0.9929
vn 0.0397 -0.0552 0.9977
vn 0.0476 0.0091 0.9988
vn 0.0600 0.2843 0.9569
vn 0.0537 0.0851 0.9949
vn 0.0667 0.3682 0.9274
vn 0.0511 0.1794 0.9824
vn 0.0397 -0.0546 0.9977
vn 0.0401 -0.0131 0.9991
vn 0.0424 0.0496 0.9979
vn 0.0259 0.1718 0.9848
vn 0.0350 0.0999 0.9944
vn 0.0451 0.0620 0.9971
vn -0.0021 0.6244 0.7811
vn 0.0083 0.4523 0.8918
vn 0.0355 0.2803 0.9593
vn -0.0216 0.8536 0.5204
vn -0.0151 0.7450 0.6669
vn -0.0078 0.5669 0.8237
vn -0.0226 0.9118 0.4099
vn -0.0236 0.8622 0.5061
vn -0.0074 0.7564 0.6541
vn 0.0317 0.4071 0.9128
vn 0.0073 0.6362 0.7715
vn -0.0063 0.8798 0.4754
vn -0.0285 0.8579 0.5130
vn -0.0368 0.8066 0.5900
vn 0.0052 0.7918 0.6107
vn -0.0055 0.7951 0.6064
vn -0.0166 0.7923 0.6098
vn 0.0256 0.5057 0.8623
vn 0.0141 0.5004 0.8657
vn 0.0126 0.4907 0.8712
vn 0.0290 -0.0000 0.9996
vn 0.0265 -0.0000 0.9996
vn 0.0376 -0.0000 0.9993
vn 0.0331 -0.0000 -0.9995
vn 0.0342 -0.0000 -0.9994
vn 0.0306 0.2306 -0.9726
vn 0.0273 0.2163 -0.9759
vn 0.0110 0.4113 -0.9114
vn 0.0362 -0.0000 -0.9993
vn 0.0227 -0.0000 -0.9997
vn 0.0192 -0.0000 -0.9998
vn 0.0099 0.3512 -0.9362
vn 0.0097 0.3361 -0.9418
vn -0.0095 0.6138 -0.7894
vn -0.0126 0.7742 -0.6329
vn -0.0217 0.8728 -0.4876
vn -0.0244 0.8563 -0.5159
vn -0.0391 0.8598 -0.5091
vn -0.0542 0.8318 -0.5525
vn -0.0544 0.7940 -0.6054
vn -0.0903 0.3518 -0.9317
vn -0.0833 0.3298 -0.9404
vn -0.0672 0.2823 -0.9570
vn -0.0678 -0.1007 -0.9926
vn -0.0578 -0.0892 -0.9943
vn -0.0468 -0.0815 -0.9956
vn -0.0497 -0.0763 -0.9958
vn -0.0369 -0.0555 -0.9978
vn -0.0274 -0.0461 -0.9986
vn -0.0338 -0.0583 -0.9977
vn -0.0276 -0.0652 -0.9975
vn -0.0209 -0.0690 -0.9974
vn -0.0265 -0.0726 -0.9970
vn -0.0182 -0.0654 -0.9977
vn -0.0103 -0.0591 -0.9982
vn -0.0146 -0.0396 -0.9991
vn -0.0130 -0.0353 -0.9993
vn -0.0054 -0.0355 -0.9994
vn -0.0096 -0.0256 -0.9996
vn -0.0097 -0.0208 -0.9997
vn -0.0034 -0.0201 -0.9998
vn -0.0014 -0.0245 -0.9997
vn -0.0011 -0.0161 -0.9999
vn -0.0023 -0.0110 -0.9999
vn 0.0163 -0.0410 -0.9990
vn 0.0101 -0.0274 -0.9996
vn 0.0047 -0.0140 -0.9999
vn 0.0265 -0.0546 -0.9982
vn 0.0227 -0.0444 -0.9988
vn 0.0178 -0.0363 -0.9992
vn 0.0272 -0.0371 -0.9989
vn 0.0225 -0.0316 -0.9992
vn 0.0181 -0.0158 -0.9997
vn 0.0125 -0.0332 -0.9994
vn 0.0202 -0.0078 -0.9998
vn 0.0180 -0.0283 -0.9994
vn -0.0081 -0.0228 -0.9997
vn 0.0194 -0.0081 -0.9998
vn 0.0246 -0.0047 -0.9997
vn 0.0226 -0.0577 -0.9981
vn 0.0143 -0.0724 -0.9973
vn 0.0184 -0.1062 -0.9942
vn 0.0222 -0.0604 -0.9979
vn 0.0322 -0.0481 -0.9983
vn 0.0428 0.0158 -0.9990
vn 0.0336 -0.0622 -0.9975
vn 0.0390 -0.0066 -0.9992
vn 0.0325 -0.1098 -0.9934
vn 0.0369 -0.0842 -0.9958
vn 0.0253 -0.0309 -0.9992
vn 0.0312 -0.0594 -0.9977
vn 0.0379 -0.0708 -0.9968
vn 0.0369 -0.0674 -0.9970
vn 0.0255 -0.0459 -0.9986
vn 0.0253 -0.0111 -0.9996
vn 0.0261 -0.0206 -0.9994
vn 0.0264 -0.0353 -0.9990
vn 0.0265 -0.0488 -0.9985
vn 0.0321 -0.0574 -0.9978
vn 0.0257 -0.0348 -0.9991
vn 0.0212 -0.0292 -0.9993
vn 0.0181 -0.0272 -0.9995
vn 0.0146 -0.0327 -0.9994
vn 0.0239 -0.0560 -0.9981
vn 0.0286 -0.0592 -0.9978
vn 0.0234 -0.0578 -0.9981
vn 0.0189 -0.0515 -0.9985
vn 0.0099 -0.0437 -0.9990
vn 0.0157 -0.0462 -0.9988
vn 0.0173 -0.0530 -0.9984
vn 0.0241 -0.0589 -0.9980
vn 0.0190 -0.0591 -0.9981
vn 0.0025 -0.0588 -0.9983
vn 0.0049 -0.0440 -0.9990
vn 0.0080 -0.0366 -0.9993
vn 0.0103 -0.0499 -0.9987
vn -0.0025 -0.0598 -0.9982
vn -0.0100 -0.0665 -0.9977
vn -0.0033 -0.0620 -0.9981
vn -0.0065 -0.0330 -0.9994
vn -0.0142 -0.0395 -0.9991
vn -0.0236 -0.0469 -0.9986
vn -0.0287 -0.0587 -0.9979
vn -0.0170 -0.0703 -0.9974
vn -0.0217 -0.0489 -0.9986
vn -0.0353 -0.0622 -0.9974
vn -0.0397 -0.0734 -0.9965
vn -0.0383 -0.0750 -0.9964
vn -0.0345 -0.0712 -0.9969
vn -0.0386 -0.0736 -0.9965
vn -0.0388 -0.0652 -0.9971
vn -0.0393 -0.0606 -0.9974
vn -0.0502 -0.0674 -0.9965
vn -0.0452 -0.0727 -0.9963
vn -0.0371 -0.0594 -0.9975
vn -0.0473 -0.0720 -0.9963
vn -0.0549 -0.0791 -0.9954
vn -0.0522 -0.0767 -0.9957
vn -0.0549 -0.0722 -0.9959
vn -0.0568 -0.0934 -0.9940
vn -0.0562 -0.1033 -0.9931
vn -0.0557 -0.1166 -0.9916
vn -0.0691 -0.1371 -0.9881
vn -0.0647 -0.1619 -0.9847
vn -0.0702 0.3759 -0.9240
vn -0.0542 -0.0729 -0.9959
vn -0.0444 -0.0779 -0.9960
vn -0.0274 -0.0716 -0.9971
vn -0.0125 -0.0679 -0.9976
vn 0.0065 -0.0533 -0.9986
vn 0.0200 -0.0597 -0.9980
vn 0.0272 -0.0592 -0.9979
vn 0.0316 -0.0573 -0.9979
vn 0.0290 -0.0417 -0.9987
vn 0.0195 -0.0270 -0.9994
vn 0.0227 -0.0139 -0.9996
vn 0.0493 0.0379 -0.9981
vn 0.0111 -0.0000 -0.9999
vn -0.1829 -0.0000 -0.9831
vn -0.1841 -0.0000 -0.9829
vn -0.1901 0.3043 -0.9334
vn -0.1867 0.3053 -0.9338
vn -0.2063 0.5699 -0.7954
vn -0.2000 0.5699 -0.7970
vn -0.2239 0.7850 -0.5776
vn -0.2173 0.7851 -0.5799
vn -0.2062 0.7875 -0.5808
vn -0.2318 0.9232 -0.3064
vn -0.2241 0.9258 -0.3045
vn -0.2368 0.9715 -0.0057
vn -0.2307 0.9730 0.0033
vn -0.2355 0.9318 0.2763
vn -0.2300 0.9310 0.2835
vn -0.2360 0.8193 0.5225
vn -0.2320 0.8152 0.5308
vn -0.2454 0.8045 0.5410
vn -0.2415 0.6246 0.7426
vn -0.2506 0.6081 0.7533
vn -0.2040 0.6047 0.7699
vn -0.2366 0.4060 0.8827
vn -0.1547 0.4111 0.8983
vn -0.0474 0.4144 0.9089
vn -0.0816 0.6040 0.7928
vn 0.0017 0.4204 0.9073
vn -0.0027 0.5994 0.8005
vn -0.0031 0.4245 0.9054
vn -0.0067 0.5884 0.8085
vn -0.0102 0.4215 0.9068
vn -0.0078 0.5692 0.8222
vn -0.0073 0.4123 0.9110
vn -0.0055 0.5502 0.8350
vn -0.0055 0.7071 0.7071
vn -0.0060 0.5282 0.8491
vn -0.0127 0.6773 0.7356
vn -0.0189 0.8153 0.5788
vn -0.0174 0.6515 0.7584
vn -0.0247 0.7931 0.6086
vn -0.0297 0.8939 0.4472
vn -0.0248 0.7712 0.6361
vn -0.0318 0.8808 0.4725
vn -0.0384 0.8850 0.4641
vn -0.0397 0.8829 0.4680
vn -0.0422 0.6423 0.7653
vn -0.0520 0.5963 0.8011
vn -0.0298 0.2382 0.9708
vn -0.0354 0.1769 0.9836
vn -0.0239 0.0932 0.9954
vn -0.0213 0.1004 0.9947
vn -0.0232 0.1094 0.9937
vn -0.0264 0.1140 0.9931
vn -0.0256 0.1230 0.9921
vn -0.0172 0.1149 0.9932
vn -0.0289 0.1044 0.9941
vn -0.0260 0.1036 0.9943
vn -0.0130 0.1141 0.9934
vn -0.0263 0.1037 0.9943
vn -0.0472 0.1036 0.9935
vn -0.0199 0.1089 0.9939
vn -0.0361 0.1069 0.9936
vn -0.0718 0.1117 0.9911
vn -0.0284 0.1168 0.9928
vn -0.0574 0.1223 0.9908
vn -0.1560 0.1423 0.9775
vn -0.0381 0.1234 0.9916
vn -0.1232 0.1409 0.9823
vn -0.1923 0.1525 0.9694
vn -0.0816 0.1375 0.9871
vn -0.1549 0.1491 0.9766
vn -0.0469 0.1275 0.9907
vn -0.0280 0.1248 0.9918
vn -0.0313 0.1269 0.9914
vn -0.0360 0.1179 0.9924
vn -0.0488 0.1280 0.9906
vn -0.0614 0.1245 0.9903
vn -0.0604 0.1186 0.9911
vn -0.0313 0.1059 0.9939
vn -0.0454 0.1181 0.9920
vn -0.0238 0.1062 0.9941
vn -0.0375 0.1164 0.9925
vn -0.0400 0.1209 0.9919
vn -0.0327 0.1192 0.9923
vn -0.0190 0.1343 0.9908
vn -0.0137 0.1210 0.9926
vn -0.0155 0.1095 0.9939
vn -0.0401 0.1174 0.9923
vn -0.0152 0.1013 0.9947
vn -0.0404 0.1099 0.9931
vn -0.0362 0.1075 0.9935
vn -0.0388 0.1130 0.9928
vn -0.0339 0.1104 0.9933
vn -0.0297 0.1117 0.9933
vn -0.0281 0.1106 0.9935
vn -0.0359 0.1100 0.9933
vn -0.0337 0.1093 0.9934
vn -0.0353 0.1076 0.9936
vn -0.0368 0.1111 0.9931
vn -0.0273 0.1071 0.9939
vn -0.0451 0.1085 0.9931
vn -0.0239 0.1089 0.9938
vn -0.0335 0.1034 0.9941
vn -0.0345 0.1107 0.9933
vn -0.0225 0.1198 0.9925
vn -0.0293 0.1129 0.9932
vn -0.0311 0.1118 0.9932
vn -0.0237 0.1227 0.9922
vn -0.0236 0.1239 0.9920
vn -0.0326 0.1099 0.9934
vn -0.0259 0.1181 0.9927
vn -0.0191 0.1251 0.9920
vn -0.0225 0.1183 0.9927
vn -0.0219 0.1204 0.9925
vn -0.0274 0.1158 0.9929
vn -0.0212 0.1159 0.9930
vn -0.0171 0.1249 0.9920
vn -0.0202 0.1235 0.9921
vn -0.0211 0.1179 0.9928
vn -0.0188 0.1214 0.9924
vn -0.0211 0.1229 0.9922
vn -0.0303 0.1461 0.9888
vn -0.0180 0.1141 0.9933
vn -0.0357 0.1733 0.9842
vn -0.0239 0.1245 0.9919
vn -0.0460 0.3635 0.9305
vn -0.0426 0.3509 0.9354
vn -0.0400 0.6848 0.7276
vn -0.0444 0.6626 0.7476
vn -0.0222 0.8233 0.5671
vn -0.0231 0.8045 0.5935
vn -0.0122 0.7811 0.6243
vn -0.0027 0.7660 0.6429
vn -0.0798 0.7537 0.6524
vn -0.0036 0.6745 0.7382
vn -0.0551 0.6633 0.7464
vn -0.5395 0.6331 0.5551
vn -0.9455 0.2458 0.2134
vn -0.8741 0.3352 0.3515
vn -0.8472 0.4896 0.2063
vn -0.3480 0.6650 0.6608
vn -0.3075 0.8771 0.3690
vn -0.0009 0.7435 0.6688
vn 0.0035 0.9324 0.3613
vn 0.0282 0.7700 0.6374
vn -0.0037 0.4571 0.8894
vn 0.0248 0.4925 0.8700
vn 0.0361 0.5257 0.8499
vn 0.0237 0.1732 0.9846
vn 0.0239 0.1993 0.9796
vn 0.0276 0.2343 0.9718
vn 0.0221 -0.0569 0.9981
vn 0.0250 -0.0499 0.9984
vn 0.0300 -0.0307 0.9991
vn 0.0313 -0.1777 0.9836
vn 0.0280 -0.1861 0.9821
vn 0.0248 -0.1798 0.9834
vn 0.0302 -0.0016 0.9995
vn 0.0202 -0.1681 0.9856
vn 0.0263 0.0392 0.9989
vn 0.0211 -0.1533 0.9879
vn 0.0146 -0.0719 0.9973
vn 0.0164 -0.0923 0.9956
vn 0.0139 -0.0995 0.9949
vn -0.0095 0.5106 0.8598
vn -0.0115 0.4365 0.8996
vn -0.0009 0.3916 0.9201
vn 0.0229 -0.0857 0.9961
vn 0.0127 0.3355 0.9419
vn 0.0377 -0.0737 0.9966
vn 0.0140 0.2458 0.9692
vn -0.0242 0.8444 0.5351
vn -0.0247 0.7882 0.6149
vn -0.0084 0.7166 0.6974
vn -0.0267 0.9367 0.3490
vn -0.0253 0.9249 0.3792
vn -0.0250 0.9065 0.4215
vn -0.0180 0.9095 0.4152
vn -0.0194 0.9150 0.4029
vn -0.0181 0.9202 0.3910
vn -0.0097 0.8463 0.5327
vn -0.0097 0.8642 0.5030
vn -0.0038 0.8755 0.4832
vn 0.0091 0.7093 0.7049
vn 0.0107 0.7365 0.6763
vn 0.0169 0.7641 0.6449
vn 0.0022 0.8794 0.4761
vn 0.0140 0.7828 0.6221
vn 0.0334 0.4795 0.8769
vn 0.0419 0.4955 0.8676
vn 0.0334 0.5037 0.8632
vn 0.0553 -0.0000 0.9985
vn 0.0473 -0.0000 0.9989
vn 0.0418 -0.0000 0.9991
vn -0.1889 -0.0000 -0.9820
vn -0.2108 -0.0000 -0.9775
vn -0.2141 0.3046 -0.9281
vn -0.1951 0.3054 -0.9320
vn -0.2227 0.5746 -0.7876
vn -0.2102 0.5730 -0.7922
vn -0.2342 0.7920 -0.5638
vn -0.2273 0.7877 -0.5726
vn -0.2413 0.9287 -0.2816
vn -0.2402 0.9246 -0.2956
vn -0.2360 0.9228 -0.3045
vn -0.2484 0.9687 -0.0035
vn -0.2436 0.9698 -0.0086
vn -0.2496 0.9302 0.2691
vn -0.2457 0.9306 0.2712
vn -0.2484 0.8227 0.5113
vn -0.2457 0.8205 0.5162
vn -0.2471 0.6526 0.7163
vn -0.2419 0.6475 0.7226
vn -0.2384 0.6383 0.7319
vn -0.2350 0.4290 0.8722
vn -0.2467 0.4340 0.8665
vn -0.2384 0.2163 0.9468
vn -0.2336 0.1913 0.9533
vn -0.2336 -0.0000 0.9723
vn -0.2333 -0.0000 0.9724
vn -0.9686 -0.0000 -0.2485
vn -0.9202 -0.0000 -0.3913
vn -0.6976 0.6500 -0.3015
vn -0.7534 0.6385 -0.1571
vn -0.2485 0.9620 -0.1132
vn -0.3592 0.9332 0.0125
vn -0.0767 0.9969 -0.0181
vn -0.1711 0.9737 0.1504
vn -0.2308 0.7652 0.6010
vn -0.1052 0.9592 0.2625
vn -0.1335 0.6855 0.7158
vn -0.1192 0.3881 0.9139
vn -0.2112 0.4256 0.8799
vn -0.0443 0.6435 0.7642
vn -0.0322 0.3699 0.9285
vn -0.0005 0.6158 0.7879
vn 0.0023 0.3619 0.9322
vn -0.0027 0.5956 0.8033
vn -0.0036 0.3597 0.9331
vn -0.0034 0.5778 0.8162
vn -0.0096 0.3563 0.9343
vn 0.0061 0.5762 0.8173
vn -0.0036 0.3424 0.9396
vn 0.0035 0.5963 0.8028
vn -0.0022 0.3350 0.9422
vn -0.0023 0.3943 0.9190
vn -0.0141 0.3626 0.9318
vn -0.0044 0.3801 0.9249
vn -0.0091 0.5060 0.8625
vn -0.0062 0.3764 0.9264
vn -0.0098 0.4885 0.8725
vn -0.0174 0.6308 0.7758
vn -0.0087 0.4718 0.8817
vn -0.0153 0.6117 0.7910
vn -0.0230 0.7500 0.6611
vn -0.0142 0.5899 0.8074
vn -0.0208 0.7279 0.6853
vn -0.0266 0.8484 0.5287
vn -0.0303 0.8660 0.4991
vn -0.0295 0.8983 0.4383
vn -0.0301 0.8931 0.4489
vn -0.0341 0.7534 0.6566
vn -0.0272 0.6973 0.7163
vn -0.0379 0.3594 0.9324
vn -0.0232 0.2935 0.9557
vn -0.0310 0.1122 0.9932
vn -0.0216 0.0915 0.9956
vn -0.0294 0.0907 0.9954
vn -0.0228 0.1031 0.9944
vn -0.0370 0.1096 0.9933
vn -0.0325 0.1225 0.9919
vn -0.0184 0.1260 0.9919
vn -0.0388 0.1106 0.9931
vn -0.0283 0.1165 0.9928
vn -0.0075 0.1233 0.9923
vn -0.0359 0.1040 0.9939
vn -0.0203 0.1074 0.9940
vn 0.0010 0.1102 0.9939
vn -0.0351 0.1089 0.9934
vn 0.0016 0.1077 0.9942
vn -0.0160 0.1140 0.9934
vn -0.0042 0.1113 0.9938
vn -0.0157 0.1191 0.9928
vn -0.0276 0.1228 0.9920
vn -0.0195 0.1154 0.9931
vn -0.0347 0.1238 0.9917
vn -0.0276 0.1142 0.9931
vn -0.0115 0.1100 0.9939
vn -0.0150 0.1066 0.9942
vn -0.0159 0.1035 0.9945
vn -0.0357 0.1126 0.9930
vn -0.0407 0.1119 0.9929
vn -0.0402 0.1159 0.9924
vn -0.0406 0.1174 0.9923
vn -0.0201 0.1085 0.9939
vn -0.0396 0.1167 0.9924
vn -0.0155 0.1115 0.9936
vn -0.0276 0.1077 0.9938
vn -0.0241 0.1084 0.9938
vn -0.0184 0.1124 0.9935
vn -0.0408 0.1085 0.9933
vn -0.0265 0.1151 0.9930
vn -0.0267 0.1191 0.9925
vn -0.0394 0.1101 0.9931
vn -0.0300 0.1202 0.9923
vn -0.0280 0.1252 0.9917
vn -0.0316 0.1147 0.9929
vn -0.0258 0.1002 0.9946
vn -0.0268 0.1030 0.9943
vn -0.0368 0.1129 0.9929
vn -0.0380 0.1195 0.9921
vn -0.0390 0.1357 0.9900
vn -0.0311 0.1336 0.9905
vn -0.0337 0.1192 0.9923
vn -0.0227 0.1265 0.9917
vn -0.0225 0.1229 0.9922
vn -0.0180 0.1241 0.9921
vn -0.0207 0.2644 0.9642
vn -0.0162 0.2814 0.9595
vn -0.0234 0.3120 0.9498
vn -0.0135 0.6495 0.7602
vn -0.0310 0.6714 0.7405
vn -0.0391 0.6885 0.7242
vn -0.0325 0.3491 0.9365
vn -0.0267 0.8442 0.5354
vn -0.0312 0.8358 0.5482
vn -0.0208 0.8146 0.5797
vn -0.0225 0.7995 0.6002
vn -0.0156 0.7140 0.7000
vn -0.0156 0.6983 0.7157
vn -0.0110 0.6831 0.7302
vn -0.0066 0.5685 0.8227
vn -0.0108 0.5604 0.8282
vn -0.0092 0.5652 0.8249
vn -0.0064 0.4568 0.8896
vn -0.0099 0.4580 0.8889
vn -0.0643 0.4807 0.8745
vn -0.0496 0.5708 0.8196
vn -0.0008 0.3754 0.9268
vn -0.0629 0.3890 0.9191
vn 0.0101 0.3511 0.9363
vn -0.0323 0.3259 0.9449
vn 0.0057 0.6015 0.7989
vn -0.0115 0.5043 0.8635
vn -0.1414 0.3709 0.9178
vn -0.0141 0.8570 0.5151
vn -0.0549 0.7723 0.6329
vn -0.0628 0.6205 0.7817
vn -0.2043 0.1456 0.9680
vn 0.0056 0.4193 0.9078
vn -0.0629 -0.0465 0.9969
vn 0.0273 0.2487 0.9682
vn 0.0144 -0.1241 0.9922
vn 0.0020 -0.0865 0.9963
vn 0.0190 -0.1445 0.9893
vn 0.0205 -0.0688 0.9974
vn -0.0039 0.1445 0.9895
vn 0.0296 -0.1583 0.9869
vn 0.0278 0.1378 0.9901
vn 0.0374 0.0561 0.9977
vn 0.0328 0.0034 0.9995
vn 0.0095 0.7157 0.6983
vn -0.0084 0.6588 0.7523
vn -0.0156 0.6121 0.7906
vn 0.0226 -0.0309 0.9993
vn -0.0169 0.5949 0.8036
vn 0.0173 -0.0527 0.9985
vn -0.0171 0.5564 0.8307
vn -0.0389 0.9473 0.3179
vn -0.0351 0.9377 0.3456
vn -0.0276 0.9198 0.3915
vn -0.0272 0.9659 0.2573
vn -0.0216 0.9619 0.2724
vn -0.0192 0.9591 0.2826
vn -0.0243 0.8939 0.4476
vn -0.0258 0.9552 0.2948
vn -0.0245 0.8701 0.4923
vn -0.0274 0.9480 0.3170
vn -0.0108 0.9342 0.3566
vn -0.0068 0.9198 0.3923
vn -0.0092 0.9098 0.4149
vn 0.0145 0.8413 0.5404
vn 0.0079 0.8401 0.5424
vn -0.0039 0.8384 0.5450
vn 0.0235 0.7109 0.7029
vn 0.0187 0.7121 0.7018
vn 0.0154 0.7026 0.7114
vn 0.0396 0.5148 0.8564
vn 0.0303 0.5236 0.8514
vn 0.0540 -0.0000 0.9985
vn 0.0240 0.6947 0.7189
vn 0.0159 0.6774 0.7354
vn 0.0203 0.5402 0.8413
vn 0.0078 0.8407 0.5415
vn -0.0055 0.8424 0.5388
vn 0.0087 0.6781 0.7349
vn -0.0153 0.9411 0.3377
vn -0.0169 0.9415 0.3366
vn -0.0052 0.8500 0.5268
vn 0.0126 0.8662 0.4995
vn 0.0436 0.7365 0.6750
vn 0.0187 0.7038 0.7102
vn -0.0140 0.9470 0.3208
vn -0.0118 0.9592 0.2826
vn 0.0240 0.8860 0.4631
vn -0.0328 0.9722 0.2317
vn -0.0308 0.9815 0.1888
vn -0.0085 0.9680 0.2508
vn -0.0428 0.9548 0.2941
vn -0.0354 0.9702 0.2397
vn -0.0197 0.9891 0.1459
vn -0.0134 0.9917 0.1281
vn -0.0022 0.9709 0.2395
vn -0.0033 0.9702 0.2421
vn -0.0188 0.9837 0.1786
vn -0.0145 0.9897 0.1424
vn -0.0127 0.9908 0.1344
vn 0.0099 0.7802 0.6254
vn 0.0088 0.8470 0.5315
vn -0.0143 0.9915 0.1296
vn -0.0071 0.9910 0.1334
vn -0.0087 0.9883 0.1525
vn -0.0143 0.9893 0.1452
vn 0.0039 0.9103 0.4140
vn -0.0089 0.9506 0.3102
vn -0.0031 0.9900 0.1412
vn -0.0088 0.9885 0.1509
vn -0.0100 0.9872 0.1589
vn -0.0055 0.9872 0.1595
vn -0.0164 0.9726 0.2320
vn -0.0229 0.9813 0.1911
vn -0.0243 0.9871 0.1585
vn -0.0342 0.9904 0.1341
vn -0.0151 0.9970 0.0756
vn -0.0165 0.9918 0.1271
vn -0.0376 0.9816 0.1870
vn -0.0434 0.9851 0.1662
vn -0.0242 0.9965 0.0806
vn -0.0168 0.9057 0.4236
vn -0.0439 0.9291 0.3672
vn -0.0420 0.9450 0.3243
vn -0.0296 0.9928 0.1160
vn -0.0189 0.6771 0.7356
vn -0.0274 0.7177 0.6958
vn -0.0187 0.7357 0.6771
vn -0.0223 0.9574 0.2879
vn 0.0009 0.3787 0.9255
vn -0.0045 0.4020 0.9156
vn -0.0049 0.4153 0.9096
vn -0.0093 0.4087 0.9126
vn -0.0198 0.7317 0.6813
vn -0.0007 0.3588 0.9334
vn -0.0012 0.3505 0.9366
vn -0.0056 0.3509 0.9364
vn -0.0039 0.3601 0.9329
vn -0.0033 0.3895 0.9210
vn -0.0039 0.4466 0.8947
vn -0.0106 0.4519 0.8920
vn -0.0093 0.4660 0.8847
vn -0.0076 0.4887 0.8724
vn -0.0024 0.3762 0.9265
vn -0.0140 0.5887 0.8082
vn -0.0135 0.5957 0.8031
vn -0.0128 0.6134 0.7896
vn -0.0160 0.6412 0.7672
vn -0.0094 0.5157 0.8567
vn -0.0142 0.7318 0.6813
vn -0.0142 0.7468 0.6649
vn -0.0183 0.7677 0.6405
vn -0.0230 0.7946 0.6066
vn -0.0175 0.6724 0.7400
vn -0.0146 0.8435 0.5369
vn -0.0196 0.8575 0.5141
vn -0.0298 0.8757 0.4820
vn -0.0305 0.8917 0.4515
vn -0.0235 0.8245 0.5654
vn -0.0271 0.8294 0.5580
vn -0.0454 0.8175 0.5741
vn -0.0462 0.7961 0.6035
vn -0.0594 0.4894 0.8701
vn -0.0604 0.4288 0.9014
vn -0.0515 0.2008 0.9783
vn -0.0475 0.1562 0.9866
vn -0.0329 0.0952 0.9949
vn -0.0368 0.5485 0.8353
vn -0.0394 0.2232 0.9740
vn -0.0327 0.5946 0.8034
vn -0.0320 0.2418 0.9698
vn -0.0189 0.6275 0.7784
vn -0.0225 0.8326 0.5533
vn -0.0181 0.8344 0.5508
vn -0.0152 0.8422 0.5390
vn -0.0161 0.8330 0.5530
vn -0.0164 0.8243 0.5659
vn -0.0143 0.7231 0.6906
vn -0.0098 0.5821 0.8130
vn -0.0013 0.4515 0.8923
vn -0.0000 0.3694 0.9293
vn -0.0171 0.7023 0.7117
vn -0.0134 0.5665 0.8240
vn -0.0126 0.5425 0.8399
vn -0.0107 0.4398 0.8981
vn -0.0082 0.4187 0.9081
vn -0.0038 0.3961 0.9182
vn -0.0047 0.3596 0.9331
vn -0.0034 0.3632 0.9317
vn -0.0004 0.3750 0.9270
vn -0.0096 0.6117 0.7910
vn -0.0027 0.6585 0.7526
vn -0.0064 0.7026 0.7116
vn -0.0115 0.9396 0.3420
vn -0.0104 0.9576 0.2880
vn -0.0194 0.9626 0.2703
vn -0.0191 0.9950 0.0981
vn -0.0162 0.9965 0.0817
vn -0.0156 0.9963 0.0842
vn -0.0269 0.9926 0.1185
vn -0.0239 0.9966 0.0783
vn -0.0199 0.9983 0.0540
vn -0.0410 0.9895 0.1389
vn -0.0282 0.9949 0.0969
vn -0.0140 0.9980 0.0614
vn -0.0366 0.9853 0.1667
vn -0.0171 0.9911 0.1324
vn 0.0015 0.9945 0.1048
vn -0.0044 0.9554 0.2953
vn 0.0273 0.9537 0.2995
vn 0.0419 0.9534 0.2988
vn 0.0041 0.9930 0.1181
vn 0.0343 0.9499 0.3106
vn -0.0028 0.9888 0.1492
vn 0.0351 0.9449 0.3254
vn -0.0008 0.9851 0.1718
vn 0.0357 0.9396 0.3403
vn 0.0007 0.9818 0.1898
vn 0.0314 0.9324 0.3601
vn -0.0012 0.9778 0.2095
vn 0.0255 0.9204 0.3902
vn -0.0022 0.9738 0.2276
vn 0.0179 0.9092 0.4160
vn 0.0497 0.8209 0.5689
vn 0.0361 0.8184 0.5735
vn 0.0342 0.8091 0.5867
vn 0.0141 0.9040 0.4274
vn 0.0510 0.7882 0.6134
vn 0.0192 0.8992 0.4370
vn 0.0604 0.7625 0.6442
vn 0.0742 0.7044 0.7059
vn 0.0854 0.6827 0.7257
vn 0.0718 0.6456 0.7603
vn 0.1270 -0.0000 0.9919
vn 0.1086 -0.0000 0.9941
vn 0.0706 -0.0000 0.9975
vn 0.0456 0.6002 0.7986
vn 0.0391 -0.0000 0.9992
vn 0.0246 0.5628 0.8262
vn 0.0275 -0.0000 0.9996
vn -0.9239 -0.0000 -0.3826
vn -0.9632 -0.0000 -0.2688
vn -0.6668 0.7282 -0.1582
vn -0.6742 0.6783 -0.2921
vn -0.1223 0.9919 0.0338
vn -0.1744 0.9816 -0.0777
vn -0.0178 0.9960 0.0876
vn -0.0335 0.9994 0.0125
vn 0.0011 0.9948 0.1019
vn -0.0036 0.9988 0.0489
vn -0.0343 0.9988 0.0357
vn 0.0020 0.9973 0.0739
vn -0.0122 0.9976 0.0676
vn -0.0373 0.9403 0.3382
vn -0.0053 0.9967 0.0814
vn -0.0065 0.9274 0.3740
vn -0.0028 0.9963 0.0860
vn -0.0014 0.9206 0.3905
vn -0.0053 0.9965 0.0834
vn -0.0018 0.9151 0.4033
vn -0.0052 0.9968 0.0804
vn 0.0036 0.9194 0.3933
vn 0.0013 0.9979 0.0642
vn 0.0091 0.9330 0.3597
vn -0.0034 0.9989 0.0461
vn -0.0157 0.9492 0.3142
vn -0.0268 0.6493 0.7600
vn -0.0291 0.9589 0.2823
vn -0.0364 0.7126 0.7006
vn -0.0180 0.4143 0.9100
vn -0.0146 0.7604 0.6493
vn -0.0108 0.4523 0.8918
vn -0.0063 0.3780 0.9258
vn -0.0106 0.4797 0.8774
vn -0.0073 0.3778 0.9259
vn -0.0091 0.4563 0.8898
vn -0.0061 0.3694 0.9293
vn -0.0076 0.5174 0.8557
vn -0.0051 0.5651 0.8250
vn -0.0209 0.8347 0.5504
vn -0.0165 0.8783 0.4779
vn -0.0219 0.9130 0.4074
vn -0.0274 0.9814 0.1899
vn -0.0340 0.9859 0.1639
vn -0.0270 0.9910 0.1309
vn -0.0304 0.9930 0.1137
vn -0.0319 0.9903 0.1350
vn -0.0277 0.9899 0.1393
vn -0.0179 0.9964 0.0832
vn -0.0221 0.9922 0.1227
vn -0.0350 0.9884 0.1480
vn -0.0099 0.9983 0.0581
vn -0.0258 0.9948 0.0989
vn -0.0412 0.9876 0.1514
vn -0.0045 0.9934 0.1146
vn -0.0146 0.9831 0.1827
vn -0.0185 0.9654 0.2601
vn 0.0428 0.9259 0.3753
vn 0.0334 0.8877 0.4593
vn 0.0368 0.8520 0.5222
vn 0.0636 0.8312 0.5524
vn 0.0809 0.8277 0.5553
vn 0.1008 0.6520 0.7515
vn 0.0759 0.8289 0.5542
vn 0.1027 0.6649 0.7398
vn 0.0777 0.8293 0.5534
vn 0.0970 0.6826 0.7243
vn 0.0774 0.8266 0.5574
vn 0.0739 0.7061 0.7043
vn 0.0654 0.8231 0.5642
vn 0.0539 0.7258 0.6858
vn 0.0930 -0.0000 0.9957
vn 0.0709 -0.0000 0.9975
vn 0.0719 -0.0000 0.9974
vn 0.0472 0.7322 0.6795
vn 0.0847 -0.0000 0.9964
vn 0.0535 0.7213 0.6906
vn 0.1103 -0.0000 0.9939
vn -0.9701 -0.0000 -0.2427
vn -0.8692 -0.0000 -0.4944
vn -0.3563 0.9174 -0.1770
vn -0.5464 0.8328 -0.0884
vn -0.0402 0.9989 0.0253
vn -0.0787 0.9946 0.0679
vn -0.0016 0.9990 0.0446
vn -0.0068 0.9965 0.0836
vn 0.0006 0.9986 0.0537
vn 0.0008 0.9973 0.0728
vn 0.0027 0.9974 0.0721
vn 0.0045 0.9983 0.0585
vn 0.0061 0.9944 0.1056
vn 0.0040 0.9986 0.0533
vn 0.0001 0.9946 0.1042
vn -0.0017 0.9962 0.0874
vn -0.0050 0.9947 0.1026
vn -0.0053 0.9960 0.0895
vn -0.0112 0.9946 0.1036
vn -0.0098 0.9966 0.0823
vn -0.0113 0.9943 0.1056
vn -0.0104 0.9975 0.0704
vn -0.0114 0.9941 0.1081
vn -0.0098 0.9983 0.0569
vn -0.0119 0.9937 0.1116
vn -0.0075 0.9990 0.0445
vn -0.0120 0.9932 0.1160
vn -0.0052 0.9992 0.0401
vn -0.0096 0.9987 0.0505
vn -0.0046 0.9991 0.0426
vn -0.0064 0.9983 0.0585
vn -0.0120 0.9668 0.2553
vn -0.0058 0.9984 0.0569
vn -0.0120 0.9743 0.2251
vn -0.0153 0.7956 0.6056
vn -0.0238 0.9779 0.2076
vn -0.0120 0.9979 0.0641
vn -0.0198 0.9961 0.0860
vn -0.0076 0.9988 0.0485
vn -0.0111 0.9988 0.0476
vn -0.0165 0.9983 0.0555
vn -0.0196 0.9932 0.1150
vn -0.0189 0.9963 0.0840
vn -0.0103 0.9984 0.0559
vn -0.0275 0.9883 0.1501
vn -0.0144 0.9921 0.1242
vn -0.0022 0.9951 0.0988
vn -0.0030 0.9732 0.2300
vn 0.0220 0.9658 0.2585
vn 0.0373 0.9520 0.3037
vn 0.1003 0.7774 0.6210
vn 0.1099 0.7339 0.6703
vn 0.1787 -0.0000 0.9839
vn 0.1694 -0.0000 0.9856
vn -0.6285 -0.0000 -0.7778
vn -0.4565 -0.0000 -0.8897
vn -0.1972 0.9545 -0.2238
vn -0.0222 0.9991 0.0360
vn -0.0107 0.9962 0.0867
vn -0.0043 0.9921 0.1255
vn -0.0039 0.9935 0.1137
vn -0.0000 0.9949 0.1009
vn 0.0006 0.9921 0.1252
vn -0.0020 0.9972 0.0752
vn 0.0018 0.9932 0.1167
vn 0.0050 0.9963 0.0859
vn 0.0009 0.9944 0.1056
vn 0.0017 0.9959 0.0906
vn -0.0011 0.9984 0.0557
vn -0.0025 0.9960 0.0894
vn -0.0061 0.9981 0.0617
vn -0.0035 0.9966 0.0823
vn -0.0066 0.9975 0.0708
vn -0.0027 0.9974 0.0721
vn -0.0064 0.9966 0.0821
vn -0.0043 0.9980 0.0625
vn -0.0084 0.9956 0.0938
vn -0.0064 0.9985 0.0539
vn -0.0109 0.9947 0.1019
vn -0.0038 0.9988 0.0485
vn -0.0112 0.9943 0.1065
vn -0.0124 0.9926 0.1210
vn -0.0098 0.9937 0.1119
vn -0.0120 0.9918 0.1272
vn -0.0048 0.9989 0.0468
vn -0.0151 0.9914 0.1301
vn -0.0142 0.9919 0.1266
vn -0.0247 0.9888 0.1474
vn 0.0009 0.9962 0.0876
vn -0.0082 0.9904 0.1377
vn -0.0173 0.9810 0.1930
vn 0.0472 0.9471 0.3174
vn 0.0482 0.9115 0.4085
vn 0.0726 0.8469 0.5268
vn 0.1710 -0.0000 0.9853
vn 0.1748 -0.0000 0.9846
vn 0.1643 -0.0000 0.9864
vn 0.1811 -0.0000 0.9835
vn 0.0410 0.9644 0.2613
vn 0.0023 0.9983 0.0579
vn 0.1850 0.0001 0.9827
vn 0.1931 0.0001 0.9812
vn 0.0298 0.9706 0.2389
vn 0.0206 0.9851 0.1709
vn -0.0044 0.9904 0.1383
vn -0.0066 0.9939 0.1098
vn 0.0015 0.9957 0.0926
vn 0.0017 0.9972 0.0753
vn -0.0060 0.9940 0.1092
vn -0.0005 0.9936 0.1130
vn -0.0029 0.9941 0.1081
vn -0.0024 0.9946 0.1038
vn -0.0000 0.9981 0.0616
vn -0.0012 0.9982 0.0602
vn -0.0019 0.9990 0.0455
vn -0.0053 0.9988 0.0477
vn -0.0097 0.9983 0.0575
vn -0.0003 0.9981 0.0616
vn -0.0078 0.9980 0.0632
vn -0.0022 0.9982 0.0605
vn -0.0025 0.9966 0.0821
vn -0.0028 0.9979 0.0649
vn -0.0046 0.9979 0.0641
vn -0.0101 0.9984 0.0556
vn -0.0143 0.9979 0.0639
vn -0.0111 0.9952 0.0969
vn 0.8700 0.3542 0.3429
vn -0.3763 -0.0000 -0.9265
vn -0.4008 -0.0000 -0.9162
vn -0.1377 0.9610 -0.2400
vn -0.5608 0.0001 -0.8280
vn -0.2213 0.9430 -0.2484
vn -0.0129 0.9899 0.1412
vn -0.2848 0.9415 -0.1801
vn -0.0361 0.9909 0.1300
vn -0.2534 0.9645 -0.0745
vn -0.0742 0.9911 0.1105
vn -0.1803 0.9833 -0.0241
vn -0.0912 0.9908 0.1002
vn -0.1554 0.9879 0.0003
vn -0.0849 0.9892 0.1193
vn -0.9479 0.0001 0.3186
vn -0.6194 0.0001 0.7851
vn -0.7313 0.0001 -0.6821
vn -0.8369 0.0001 -0.5473
vn -0.8638 0.0001 -0.5038
vn -0.8773 0.0001 -0.4800
vn 0.1244 -0.0000 0.9922
vn 0.1337 -0.0000 0.9910
vn 0.1289 -0.0000 0.9917
vn 0.0238 -0.0000 0.9997
vn 0.0181 0.4599 0.8878
vn -0.2234 -0.0000 -0.9747
vn -0.2278 -0.0000 -0.9737
vn -0.2386 0.3089 -0.9207
vn -0.2296 0.3025 -0.9251
vn -0.2544 0.5736 -0.7786
vn -0.2389 0.5727 -0.7842
vn -0.2530 0.7952 -0.5511
vn -0.2428 0.7954 -0.5553
vn -0.2413 0.9357 -0.2574
vn -0.2381 0.9336 -0.2677
vn -0.2391 0.9704 0.0333
vn -0.2333 0.9722 0.0186
vn -0.2448 0.9696 0.0060
vn -0.2368 0.9332 0.2701
vn -0.2460 0.9311 0.2692
vn -0.2454 0.8266 0.5064
vn -0.2461 0.8257 0.5076
vn -0.2492 0.6495 0.7184
vn -0.2488 0.6511 0.7170
vn -0.2447 0.4279 0.8701
vn -0.2517 0.4290 0.8675
vn -0.2407 0.2369 0.9412
vn -0.2449 0.2333 0.9411
vn -0.2439 -0.0000 0.9698
vn -0.2417 -0.0000 0.9704
vn -0.2479 -0.0000 -0.9688
vn -0.2607 -0.0000 -0.9654
vn -0.2707 0.3393 -0.9009
vn -0.2561 0.3233 -0.9110
vn -0.2909 0.5950 -0.7492
vn -0.2691 0.5821 -0.7673
vn -0.3180 0.7990 -0.5104
vn -0.2755 0.7942 -0.5416
vn -0.3347 0.9196 -0.2056
vn -0.2780 0.9308 -0.2373
vn -0.3172 0.9455 0.0736
vn -0.2736 0.9601 0.0572
vn -0.2937 0.9041 0.3104
vn -0.2664 0.9175 0.2953
vn -0.2474 0.9286 0.2766
vn -0.2687 0.8178 0.5090
vn -0.2602 0.8232 0.5047
vn -0.2768 0.6425 0.7145
vn -0.2586 0.6432 0.7207
vn -0.2718 0.4253 0.8633
vn -0.2488 0.4301 0.8678
vn -0.2579 0.2316 0.9380
vn -0.2473 0.2317 0.9408
vn -0.2485 -0.0000 0.9686
vn -0.2506 -0.0000 0.9681
vn -0.8854 -0.0000 0.4648
vn -0.1307 -0.0000 0.9914
vn -0.1429 -0.3485 0.9263
vn -0.9118 -0.0683 0.4048
vn -0.7004 0.3153 -0.6403
vn -0.7130 -0.0000 -0.7012
vn -0.9365 -0.1050 0.3347
vn -0.6776 0.5312 -0.5085
vn -0.3571 0.6079 -0.7092
vn -0.3150 0.3603 -0.8781
vn -0.3055 -0.0000 -0.9522
vn -0.1828 -0.6121 0.7694
vn -0.0236 -0.6333 0.7735
vn -0.0329 -0.3517 0.9356
vn -0.0022 -0.3418 0.9398
vn 0.0039 -0.6240 0.7814
vn -0.0431 -0.0000 0.9991
vn -0.0017 -0.0000 1.0000
vn 0.0010 -0.0000 1.0000
vn 0.0034 -0.3393 0.9407
vn -0.0250 -0.0000 0.9997
vn -0.0282 -0.0000 0.9996
vn -0.0216 -0.3299 0.9438
vn -0.0101 -0.3354 0.9420
vn -0.0051 -0.6044 0.7966
vn 0.0132 -0.6123 0.7906
vn 0.0087 -0.6154 0.7882
vn 0.0231 -0.8328 0.5531
vn 0.0156 -0.8379 0.5456
vn 0.0127 -0.8493 0.5277
vn 0.0099 -0.9737 0.2275
vn 0.0073 -0.9791 0.2031
vn -0.0052 -0.9946 -0.1033
vn -0.0068 -0.9922 -0.1243
vn -0.0084 -0.9153 -0.4028
vn -0.0209 -0.9053 -0.4244
vn -0.0721 -0.8979 -0.4343
vn -0.0249 -0.7349 -0.6777
vn -0.1327 -0.7292 -0.6713
vn -0.6945 -0.5949 -0.4046
vn -0.5397 -0.8039 -0.2498
vn -0.8752 0.1830 0.4478
vn -0.9026 0.1552 0.4016
vn -0.4196 0.5663 0.7094
vn -0.3997 0.7285 0.5564
vn -0.3161 0.6214 0.7169
vn -0.2933 0.7969 0.5281
vn -0.4219 0.4050 0.8111
vn -0.3198 0.4171 0.8508
vn -0.3921 0.2790 0.8766
vn -0.2905 0.2454 0.9249
vn -0.3831 -0.0000 0.9237
vn -0.2768 -0.0000 0.9609
vn -0.0151 -0.0000 0.9999
vn -0.0064 -0.0000 1.0000
vn -0.0061 -0.3360 0.9418
vn -0.0158 -0.3333 0.9427
vn -0.0041 -0.6010 0.7992
vn -0.0134 -0.6012 0.7990
vn 0.0002 -0.8186 0.5744
vn -0.0061 -0.8231 0.5678
vn 0.0073 -0.8281 0.5606
vn 0.0002 -0.9641 0.2657
vn 0.0068 -0.9674 0.2532
vn 0.0116 -0.9696 0.2443
vn 0.0009 -0.9976 -0.0692
vn -0.0029 -0.9970 -0.0779
vn -0.0002 -0.9253 -0.3793
vn 0.0024 -0.9209 -0.3898
vn 0.0025 -0.7615 -0.6481
vn 0.0084 -0.7542 -0.6566
vn -0.0011 -0.7495 -0.6620
vn 0.0087 -0.5339 -0.8455
vn 0.0084 -0.5217 -0.8531
vn -0.0234 -0.5074 -0.8614
vn 0.0107 -0.2684 -0.9632
vn -0.0309 -0.2555 -0.9663
vn -0.1386 -0.4810 -0.8657
vn -0.9024 -0.1100 -0.4166
vn -0.7234 0.2952 0.6241
vn 0.0080 -0.0000 -1.0000
vn -0.0428 -0.0000 -0.9991
vn 0.0074 -0.2738 -0.9617
vn 0.0050 -0.0000 -1.0000
vn 0.0011 -0.2800 -0.9600
vn 0.0033 -0.5437 -0.8393
vn -0.0114 -0.5559 -0.8311
vn -0.0094 -0.2882 -0.9575
vn -0.0100 -0.7686 -0.6397
vn -0.0123 -0.7735 -0.6337
vn -0.0192 -0.5680 -0.8228
vn -0.0040 -0.9298 -0.3681
vn -0.0034 -0.9336 -0.3583
vn -0.0081 -0.9364 -0.3509
vn -0.0151 -0.7784 -0.6276
vn 0.0007 -0.9980 -0.0626
vn 0.0007 -0.9986 -0.0527
vn -0.0015 -0.9990 -0.0446
vn -0.0042 -0.9990 -0.0434
vn -0.0111 -0.9373 -0.3484
vn 0.0022 -0.9615 0.2747
vn 0.0014 -0.9595 0.2816
vn 0.0005 -0.9582 0.2861
vn 0.0035 -0.9576 0.2880
vn -0.0005 -0.9987 -0.0518
vn 0.0010 -0.8144 0.5802
vn 0.0021 -0.8135 0.5816
vn -0.0019 -0.8129 0.5825
vn -0.0178 -0.8120 0.5834
vn -0.0085 -0.9583 0.2855
vn 0.0048 -0.6015 0.7989
vn -0.0076 -0.6043 0.7967
vn -0.0266 -0.6039 0.7966
vn -0.0731 -0.6026 0.7947
vn -0.0623 -0.8097 0.5835
vn -0.0134 -0.3178 0.9481
vn -0.0305 -0.3149 0.9486
vn -0.0728 -0.3185 0.9451
vn -0.2416 -0.3223 0.9153
vn -0.2532 -0.5909 0.7660
vn -0.0302 -0.0000 0.9995
vn -0.0686 -0.0000 0.9976
vn -0.2346 -0.0000 0.9721
vn -0.6193 -0.0000 0.7851
vn -0.6167 -0.2916 0.7312
vn -0.9231 -0.0000 0.3845
vn -0.9973 -0.0000 0.0735
vn -0.9153 -0.1836 0.3584
vn -0.9174 -0.2762 0.2864
vn -0.6305 -0.4928 0.5997
vn -0.9301 -0.2897 0.2257
vn -0.6257 -0.6161 0.4785
vn -0.2350 -0.7809 0.5787
vn -0.6008 -0.7362 0.3116
vn -0.1685 -0.9332 0.3175
vn -0.0373 -0.9558 0.2917
vn -0.0868 -0.9959 -0.0260
vn -0.0022 -0.9985 -0.0555
vn -0.0024 -0.9981 -0.0613
vn 0.0141 -0.9362 -0.3513
vn -0.0009 -0.9370 -0.3493
vn -0.0086 -0.9371 -0.3490
vn -0.0003 -0.7887 -0.6147
vn -0.0113 -0.7859 -0.6183
vn -0.0158 -0.7836 -0.6211
vn -0.0140 -0.5762 -0.8172
vn -0.0200 -0.5782 -0.8157
vn -0.0196 -0.5763 -0.8170
vn -0.0237 -0.3103 -0.9503
vn -0.0238 -0.3073 -0.9513
vn -0.0218 -0.2989 -0.9540
vn -0.0259 -0.0000 -0.9997
vn -0.0226 -0.0000 -0.9997
vn -0.0092 -0.0000 -1.0000
vn 0.0024 -0.0000 1.0000
vn -0.0055 -0.0000 1.0000
vn 0.0006 -0.3304 0.9438
vn 0.0015 -0.3374 0.9414
vn 0.0005 -0.5992 0.8006
vn -0.0167 -0.0000 0.9999
vn -0.9984 -0.0000 -0.0567
vn -0.9985 -0.0000 -0.0549
vn -0.9987 -0.0048 -0.0511
vn -0.9991 -0.0000 -0.0416
vn -0.9984 -0.0000 -0.0560
vn -0.9984 -0.0024 -0.0572
vn -0.9991 -0.0060 -0.0411
vn -0.9990 -0.0436 -0.0055
vn -0.9487 -0.2861 0.1347
vn -0.5623 -0.8269 0.0051
vn -0.5765 -0.7442 -0.3373
vn -0.0625 -0.9285 -0.3660
vn -0.1162 -0.7417 -0.6606
vn 0.0039 -0.7816 -0.6238
vn -0.1676 -0.5139 -0.8413
vn -0.0219 -0.5522 -0.8334
vn -0.0065 -0.5706 -0.8212
vn -0.0495 -0.2906 -0.9556
vn -0.0198 -0.3082 -0.9511
vn -0.0175 -0.3116 -0.9500
vn -0.0265 -0.0000 -0.9996
vn -0.0186 -0.0000 -0.9998
vn -0.0243 -0.0000 -0.9997
vn -0.1609 -0.0000 -0.9870
vn -0.0633 -0.0000 -0.9980
vn -0.1700 -0.2716 -0.9473
vn -0.0647 -0.0763 -0.9950
vn -0.8600 0.1977 -0.4704
vn -0.0726 -0.0686 -0.9950
vn 0.0794 -0.1293 -0.9884
vn 0.6763 -0.0001 -0.7366
vn 0.3718 0.7925 -0.4835
vn 0.1283 -0.0000 -0.9917
vn 0.1389 0.6862 -0.7140
vn 0.0053 0.9816 -0.1910
vn 0.0588 -0.0843 -0.9947
vn -0.5888 0.3240 -0.7405
vn 0.3151 0.2164 0.9241
vn 0.1308 0.9856 -0.1070
vn 0.1284 0.0359 -0.9911
vn 0.1411 0.0660 -0.9878
vn 0.1490 0.0530 -0.9874
vn 0.1126 0.0001 0.9936
vn 0.1216 -0.0003 0.9926
vn 0.9061 -0.0001 0.4230
vn 0.6278 -0.0001 0.7784
vn -0.1657 -0.9757 -0.1432
vn -0.2391 -0.9694 0.0559
vn 0.3836 0.5473 -0.7439
vn 0.8005 0.5990 -0.0207
vn 0.3150 0.2166 0.9240
vn -0.1166 -0.0000 0.9932
vn -0.1166 0.0204 0.9930
vn -0.1167 0.0204 0.9930
vn -0.1167 -0.0000 0.9932
vn -0.1167 0.0203 0.9930
vn -0.0233 -0.9921 0.1237
vn -0.0019 -0.9939 0.1107
vn -0.0088 -0.9769 0.2133
vn -0.0194 -0.9922 0.1232
vn -0.0759 -0.9027 0.4235
vn -0.0303 -0.9882 0.1503
vn -0.0197 -0.9834 0.1804
vn -0.0058 -0.9959 0.0907
vn 0.0151 -0.9773 0.2112
vn 0.0380 -0.9927 0.1147
vn 0.0364 -0.9915 0.1252
vn -0.0913 0.1917 -0.9772
vn -0.8354 0.0530 -0.5470
vn -0.4978 -0.3459 0.7953
vn 0.0142 -0.9943 0.1057
vn 0.0186 -0.9903 0.1377
vn 0.0082 -0.9978 0.0654
vn -0.0700 -0.9808 0.1818
vn -0.0609 -0.9688 0.2403
vn -0.0230 -0.9738 0.2262
vn -0.0380 -0.9850 0.1681
vn -0.0396 -0.9826 0.1815
vn 0.1438 -0.9225 0.3583
vn 0.0131 -0.9916 0.1283
vn 0.0350 -0.9759 0.2154
vn 0.1101 -0.7007 0.7049
vn 0.0962 -0.6806 0.7263
vn 0.0886 -0.6450 0.7590
vn 0.0545 -0.2206 -0.9738
vn 0.0544 -0.2461 -0.9677
vn 0.0447 -0.2614 -0.9642
vn 0.0542 -0.1985 -0.9786
vn 0.0954 -0.6261 0.7739
vn 0.1014 -0.6366 0.7645
vn 0.0255 -0.2022 -0.9790
vn 0.0461 -0.1669 -0.9849
vn 0.0341 -0.2372 -0.9709
vn 0.0419 -0.2491 -0.9676
vn 0.0421 -0.2497 -0.9674
vn 0.0425 -0.5122 0.8578
vn 0.0539 -0.4867 0.8719
vn 0.0375 -0.4543 0.8901
vn 0.0761 -0.6169 -0.7833
vn 0.0602 -0.6099 -0.7902
vn 0.0236 -0.5784 -0.8154
vn -0.2965 -0.4077 0.8636
vn -0.4000 -0.7710 0.4955
vn -0.6927 -0.4970 0.5226
vn -0.3201 -0.1998 0.9261
vn -0.2420 -0.4084 0.8801
vn -0.2649 -0.3821 0.8854
vn -0.2022 -0.9753 -0.0885
vn -0.0434 -0.8601 -0.5082
vn -0.0434 -0.8556 -0.5158
vn -0.6626 -0.7269 -0.1806
vn -0.1003 0.0154 -0.9948
vn -0.1503 0.1943 -0.9694
vn -0.8138 0.5788 -0.0522
vn -0.0144 -0.8892 -0.4573
vn -0.0667 -0.5999 -0.7973
vn -0.0962 -0.9725 0.2122
vn -0.1399 -0.9875 0.0722
vn -0.0910 -0.9656 -0.2435
vn -0.2529 -0.7369 0.6269
vn -0.0498 -0.9370 0.3457
vn -0.2989 -0.0712 0.9516
vn -0.0626 -0.0597 -0.9963
vn -0.0784 0.1251 -0.9890
vn -0.0670 0.1923 -0.9790
vn -0.0982 0.1981 -0.9753
vn -0.3048 0.0393 0.9516
vn -0.0693 -0.3013 0.9510
vn -0.0419 -0.7691 0.6377
vn -0.1080 -0.1139 0.9876
vn -0.0604 -0.1147 0.9916
vn -0.1883 -0.1349 0.9728
vn -0.0158 -0.9963 0.0847
vn -0.0185 -0.9945 0.1028
vn -0.0154 -0.9906 0.1356
vn -0.0243 -0.9923 0.1211
vn -0.1096 -0.9791 -0.1714
vn -0.1298 -0.9722 -0.1947
vn -0.0231 -0.9952 0.0954
vn -0.0181 -0.9916 0.1283
vn -0.0153 -0.9938 0.1102
vn -0.0080 -0.9975 0.0698
vn -0.0175 -0.9938 0.1098
vn -0.0129 -0.9938 0.1102
vn -0.0167 -0.9969 0.0770
vn -0.0189 -0.9960 0.0869
vn -0.0321 -0.9949 0.0960
vn -0.0283 -0.9941 0.1043
vn -0.0364 -0.9934 0.1091
vn -0.1156 0.1197 -0.9861
vn -0.9739 -0.1335 -0.1835
vn -0.2194 0.0388 -0.9749
vn -0.9478 -0.2609 -0.1836
vn -0.3805 -0.2435 0.8922
vn -0.4322 -0.2447 0.8679
vn -0.0319 -0.9897 0.1393
vn -0.0286 -0.9935 0.1104
vn -0.0486 -0.9909 0.1255
vn -0.1448 -0.1568 0.9770
vn -0.1512 -0.1525 0.9767
vn -0.1641 -0.1362 0.9770
vn -0.1550 -0.1359 0.9785
vn -0.2898 0.8206 0.4925
vn -0.9365 0.2803 0.2108
vn -0.9217 0.3855 0.0437
vn -0.4212 0.9070 -0.0009
vn -0.2451 0.9657 -0.0859
vn -0.0481 0.9879 -0.1471
vn -0.0426 0.9845 0.1700
vn -0.0282 0.8641 0.5025
vn -0.5948 0.7604 0.2607
vn -0.9274 0.0705 0.3673
vn -0.9218 -0.1326 0.3644
vn -0.9588 -0.1115 0.2613
vn -0.3905 -0.9122 0.1238
vn -0.3736 -0.8578 0.3530
vn -0.7403 -0.6007 -0.3019
vn -0.4010 -0.7976 -0.4506
vn -0.4178 -0.8951 -0.1556
vn -0.8707 -0.4559 -0.1847
vn -0.6616 -0.2090 0.7201
vn -0.6907 -0.0697 -0.7198
vn -0.7462 -0.2832 0.6024
vn -0.3749 -0.1814 0.9092
vn -0.0874 0.1265 -0.9881
vn -0.9170 -0.2411 0.3179
vn -0.0710 0.0486 -0.9963
vn -0.0784 0.0726 -0.9943
vn -0.0598 0.0974 -0.9934
vn -0.3547 -0.0122 -0.9349
vn -0.9915 0.1118 0.0668
vn -0.9963 0.0806 0.0313
vn -0.9989 0.0220 -0.0424
vn -0.9988 0.0386 -0.0306
vn -0.9984 0.0116 -0.0562
vn -0.9991 0.0232 -0.0368
vn -0.9937 0.0796 0.0791
vn -0.9467 0.1366 -0.2917
vn -0.6076 0.3903 -0.6918
vn -0.5034 0.2397 -0.8301
vn -0.8245 0.1086 -0.5554
vn -0.9945 0.0226 -0.1027
vn -0.9446 0.1501 -0.2919
vn -0.5979 0.5165 -0.6130
vn -0.9949 0.0210 -0.0989
vn -0.9988 0.0014 -0.0499
vn -0.9985 0.0406 -0.0368
vn -0.9964 0.0451 -0.0724
vn -0.9550 0.2535 -0.1542
vn -0.9538 0.3003 -0.0044
vn -0.2078 0.0789 -0.9750
vn -0.0800 0.0826 -0.9934
vn -0.1495 0.0556 -0.9872
vn -0.2288 0.0876 -0.9695
vn -0.9432 -0.1642 -0.2889
vn -0.9660 -0.0596 -0.2517
vn -0.9925 -0.0461 -0.1135
vn -0.4338 -0.1442 0.8894
vn -0.2430 -0.1313 0.9611
vn -0.1256 -0.1338 0.9830
vn -0.1458 -0.1370 0.9798
vn -0.9159 -0.3899 -0.0956
vn -0.1024 0.0477 -0.9936
vn -0.1253 0.0886 -0.9882
vn -0.1982 -0.1690 0.9655
vn -0.1574 -0.1597 0.9745
vn -0.1043 0.1035 -0.9891
vn -0.2303 -0.0524 -0.9717
vn -0.9705 -0.2392 -0.0317
vn -0.0864 0.0735 -0.9935
vn -0.5558 -0.4249 0.7145
vn -0.1555 -0.1453 0.9771
vn -0.1166 -0.1402 0.9832
vn -0.0949 -0.1338 0.9865
vn -0.0836 -0.1313 0.9878
vn -0.4642 -0.2908 0.8366
vn -0.1042 -0.1404 0.9846
vn -0.0537 0.0956 -0.9940
vn -0.0543 0.0816 -0.9952
vn -0.6709 -0.2683 -0.6913
vn -0.4611 -0.1827 0.8684
vn -0.2510 -0.2993 0.9206
vn -0.2705 -0.4371 0.8578
vn -0.5017 -0.5095 0.6991
vn -0.4296 -0.1030 0.8971
vn -0.2817 0.0206 0.9593
vn -0.2568 -0.4061 0.8770
vn -0.0714 -0.3662 0.9278
vn 0.3027 -0.4140 0.8585
vn 0.4845 -0.6875 0.5409
vn 0.6577 -0.0874 -0.7482
vn -0.4788 -0.2696 0.8355
vn -0.8939 -0.1026 0.4364
vn -0.4114 -0.3541 0.8399
vn -0.8971 -0.2157 0.3857
vn -0.3498 -0.4568 0.8179
vn -0.4451 -0.5648 0.6949
vn 0.8112 0.3045 -0.4993
vn 0.9724 -0.0756 0.2205
vn 0.3902 0.1105 -0.9141
vn 0.4060 0.4293 -0.8068
vn 0.7593 -0.6488 -0.0503
vn 0.4012 -0.2241 -0.8882
vn 0.6074 -0.5127 0.6068
vn 0.4635 -0.4007 0.7903
vn -0.0629 -0.1350 0.9888
vn -0.0919 -0.1450 0.9852
vn -0.0497 -0.1374 0.9893
vn -0.0562 -0.1349 0.9893
vn -0.0483 -0.1330 0.9899
vn -0.0476 -0.1378 0.9893
vn -0.8041 -0.5131 -0.3001
vn -0.3053 -0.2832 0.9092
vn -0.0376 0.0474 0.9982
vn -0.5928 -0.6066 -0.5297
vn 0.0858 -0.0330 -0.9958
vn 0.0412 -0.0415 -0.9983
vn -0.0821 -0.0092 -0.9966
vn -0.1414 0.0365 -0.9893
vn 0.2470 -0.4774 0.8433
vn 0.0431 -0.4135 0.9095
vn 0.4120 -0.9087 -0.0678
vn 0.1938 -0.5095 0.8384
vn 0.0497 -0.5512 0.8329
vn 0.0176 -0.4483 0.8937
vn -0.5602 -0.6721 0.4841
vn -0.1013 -0.7890 0.6060
vn -0.1565 -0.6092 0.7774
vn -0.5048 -0.5637 0.6538
vn -0.8224 -0.3715 0.4309
vn -0.9486 -0.2752 0.1564
vn -0.2469 -0.3674 0.8967
vn -0.0345 0.0466 -0.9983
vn -0.4518 -0.3682 -0.8126
vn -0.5408 -0.5197 0.6614
vn -0.1778 -0.2119 0.9610
vn -0.5492 -0.8269 -0.1209
vn -0.2133 -0.7382 0.6400
vn -0.2556 -0.9582 0.1282
vn -0.7589 -0.6210 0.1961
vn -0.5381 -0.5757 0.6157
vn -0.1305 -0.2753 0.9525
vn -0.2400 -0.9528 0.1858
vn -0.1133 -0.3054 0.9455
vn -0.0599 -0.4031 -0.9132
vn 0.6517 0.1127 0.7500
vn 0.8793 -0.3059 0.3650
vn 0.8227 0.5685 -0.0076
vn 0.5824 0.7733 0.2505
vn 0.0458 0.9500 0.3089
vn 0.2011 0.1212 0.9720
vn 0.1834 0.9802 -0.0752
vn 0.3840 -0.6120 0.6914
vn 0.2138 -0.0928 0.9725
vn 0.6279 -0.1780 0.7577
vn -0.0093 -0.2047 0.9788
vn -0.0267 -0.3411 0.9396
vn 0.3014 -0.9512 -0.0668
vn 0.1801 -0.9705 0.1603
vn 0.0610 -0.4036 -0.9129
vn 0.1134 -0.3568 -0.9273
vn 0.0904 -0.0598 -0.9941
vn 0.4778 -0.8497 -0.2228
vn 0.0587 -0.1714 -0.9835
vn 0.3881 -0.9106 0.1423
vn 0.0598 -0.2922 0.9545
vn 0.1358 -0.2067 -0.9689
vn 0.1375 -0.3889 -0.9110
vn 0.2015 -0.9348 0.2926
vn 0.0035 -0.2205 0.9754
vn 0.0038 -0.2084 0.9780
vn 0.4787 -0.8764 0.0525
vn 0.2454 -0.9679 -0.0546
vn 0.1665 -0.5024 -0.8485
vn 0.1905 -0.4369 -0.8791
vn 0.2441 -0.4062 -0.8806
vn 0.1795 -0.5961 0.7826
vn 0.0243 -0.2566 0.9662
vn 0.0405 0.0107 -0.9991
vn 0.0695 -0.4057 0.9114
vn 0.4170 -0.9089 0.0070
vn 0.1281 -0.6332 0.7633
vn 0.0140 -0.9034 0.4286
vn 0.2001 -0.2429 -0.9492
vn -0.0451 -0.7952 -0.6047
vn 0.0446 -0.0757 -0.9961
vn 0.0741 -0.2298 -0.9704
vn 0.1691 -0.8485 0.5014
vn -0.0334 -0.1831 0.9825
vn 0.0254 0.0316 -0.9992
vn 0.0154 0.0227 -0.9996
vn -0.0380 -0.0299 -0.9988
vn 0.0509 -0.6960 -0.7163
vn 0.0232 -0.1930 -0.9809
vn 0.2573 -0.9466 -0.1943
vn -0.0576 -0.4355 0.8983
vn -0.0291 -0.1541 0.9876
vn 0.4269 -0.6840 -0.5916
vn 0.3240 -0.3696 -0.8709
vn 0.5115 -0.6017 -0.6135
vn 0.5774 -0.7690 0.2745
vn 0.4237 -0.8936 -0.1481
vn 0.1076 -0.7613 0.6394
vn 0.0568 -0.3715 0.9267
vn 0.1678 -0.2478 0.9542
vn 0.1599 -0.2071 0.9652
vn -0.0594 -0.1229 0.9906
vn -0.0794 -0.1651 0.9831
vn -0.0666 -0.1560 0.9855
vn -0.1236 -0.1928 0.9734
vn -0.0435 -0.1685 0.9847
vn -0.1117 -0.2190 0.9693
vn -0.0220 -0.1041 0.9943
vn 0.3743 -0.8077 0.4555
vn 0.5539 -0.7764 0.3007
vn 0.4670 -0.5979 -0.6515
vn 0.5222 -0.6530 -0.5486
vn 0.4151 -0.9093 -0.0293
vn 0.8004 -0.5991 -0.0204
vn 0.6647 -0.2816 0.6919
vn 0.0136 0.8900 -0.4557
vn 0.3727 -0.0670 -0.9255
vn 0.2093 -0.7273 -0.6537
vn 0.0895 -0.6585 0.7472
vn 0.1238 -0.9467 0.2973
vn 0.0548 -0.6802 0.7310
vn -0.0006 -0.2566 0.9665
vn 0.0384 -0.4131 0.9099
vn 0.0701 -0.5274 0.8467
vn -0.0612 -0.8686 0.4918
vn -0.2626 0.3218 0.9097
vn -0.0390 -0.1717 0.9844
vn 0.0960 -0.9435 0.3172
vn 0.0778 -0.9959 -0.0454
vn 0.1078 -0.9937 0.0293
vn 0.0830 -0.5852 0.8067
vn 0.1193 -0.9307 -0.3457
vn -0.4253 0.8839 -0.1947
vn -0.2036 0.8162 0.5406
vn -0.0396 -0.1021 0.9940
vn -0.1143 0.9500 -0.2904
vn -0.1125 0.9561 -0.2704
vn -0.2130 0.9767 -0.0255
vn -0.0764 0.9946 0.0701
vn -0.0922 0.9944 -0.0524
vn -0.1844 0.9787 -0.0906
vn -0.1321 0.9558 -0.2627
vn -0.1991 0.9551 -0.2193
vn -0.2351 0.9635 -0.1279
vn -0.0602 -0.9443 0.3235
vn -0.1213 -0.9474 0.2961
vn -0.0067 -0.8784 0.4779
vn -0.0746 -0.8554 0.5125
vn -0.0900 -0.8205 0.5645
vn -0.0484 -0.8430 0.5357
vn -0.0117 -0.8389 0.5441
vn -0.6461 -0.1323 -0.7517
vn -0.7266 -0.2520 -0.6392
vn 0.0172 -0.9633 0.2679
vn -0.5140 -0.4092 -0.7539
vn -0.2242 0.1799 0.9578
vn -0.2140 0.9321 -0.2922
vn -0.1686 0.9447 -0.2813
vn -0.1871 0.9049 -0.3823
vn -0.0020 -0.9563 0.2923
vn 0.0169 -0.9141 0.4052
vn -0.0448 -0.9322 0.3590
vn -0.4751 -0.8620 -0.1766
vn -0.5935 -0.5132 -0.6200
vn 0.0038 -0.9778 0.2094
vn -0.2824 0.6966 -0.6595
vn -0.4687 0.5207 -0.7136
vn -0.4074 -0.9118 -0.0512
vn -0.8502 0.1207 0.5124
vn -0.5806 0.6234 -0.5237
vn -0.1735 0.8907 -0.4201
vn 0.0250 -0.9937 -0.1090
vn 0.0221 -0.9882 -0.1513
vn 0.0223 -0.9887 -0.1481
vn 0.0603 -0.0309 -0.9977
vn 0.0641 -0.0081 -0.9979
vn 0.9869 0.0244 0.1594
vn 0.0705 -0.2610 -0.9628
vn 0.0687 -0.2274 -0.9714
vn 0.0640 -0.2855 -0.9562
vn 0.1131 -0.2376 -0.9647
vn 0.0877 -0.4974 -0.8631
vn 0.0673 -0.3272 -0.9426
vn 0.0357 -0.8644 -0.5015
vn 0.0627 -0.4511 -0.8903
vn -0.0065 -0.9966 -0.0824
vn 0.0146 -0.9921 -0.1246
vn -0.7122 0.2272 -0.6641
vn -0.9288 0.2898 -0.2310
vn 0.0220 0.0496 -0.9985
vn 0.0757 -0.6793 -0.7299
vn 0.0406 -0.9416 -0.3342
vn 0.0456 -0.9895 -0.1374
vn 0.1514 -0.8718 -0.4658
vn 0.0345 -0.6551 -0.7547
vn 0.0594 -0.3603 -0.9309
vn 0.0481 -0.3452 -0.9373
vn 0.0608 -0.2393 -0.9690
vn 0.0094 -0.7202 -0.6937
vn 0.0308 -0.5259 -0.8500
vn 0.0313 -0.3878 0.9212
vn 0.3894 -0.7996 0.4572
vn 0.1022 -0.4838 -0.8692
vn 0.2918 -0.6020 -0.7433
vn 0.0782 -0.3172 -0.9451
vn 0.0727 -0.2102 -0.9750
vn 0.0792 -0.2155 -0.9733
vn 0.0822 -0.2433 -0.9665
vn 0.0974 -0.3054 -0.9472
vn -0.0243 -0.4045 0.9142
vn -0.0128 -0.3045 0.9524
vn 0.0012 -0.2137 0.9769
vn -0.0147 -0.2318 0.9726
vn -0.0110 -0.2836 0.9589
vn 0.0014 -0.2207 0.9753
vn 0.3964 -0.9151 0.0743
vn 0.2945 -0.8234 0.4851
vn 0.3096 -0.9152 0.2579
vn 0.4351 -0.9004 0.0022
vn 0.1295 -0.7645 -0.6315
vn 0.5033 -0.8483 -0.1646
vn 0.2761 -0.9409 -0.1962
vn 0.3731 -0.9178 -0.1355
vn 0.1643 -0.9205 0.3546
vn 0.1864 -0.9597 -0.2102
vn 0.2150 -0.8681 -0.4474
vn 0.3853 -0.9031 -0.1897
vn 0.1532 -0.8218 -0.5488
vn 0.1719 -0.9834 -0.0588
vn 0.1467 -0.7636 -0.6288
vn 0.1243 -0.7769 -0.6173
vn 0.1786 -0.7993 -0.5738
vn 0.1269 -0.7069 -0.6958
vn 0.1768 -0.8744 -0.4519
vn 0.1650 -0.6760 -0.7182
vn 0.1098 -0.6740 -0.7305
vn 0.1023 -0.7118 -0.6949
vn 0.1307 -0.5827 -0.8021
vn 0.1208 -0.8191 -0.5608
vn 0.0948 -0.5266 -0.8448
vn 0.1032 -0.5742 -0.8122
vn 0.0962 -0.6516 -0.7525
vn 0.0888 -0.5148 -0.8527
vn 0.1444 -0.8629 -0.4842
vn 0.1816 -0.7207 -0.6690
vn 0.0812 -0.5418 -0.8366
vn 0.0907 -0.6089 -0.7880
vn 0.1289 -0.5619 -0.8171
vn 0.2496 -0.9657 0.0714
vn 0.2825 -0.8857 -0.3684
vn 0.0686 -0.4900 -0.8690
vn 0.0716 -0.5883 -0.8054
vn 0.1644 -0.5304 -0.8317
vn 0.1958 -0.8293 0.5234
vn 0.2484 -0.8221 -0.5122
vn 0.0683 -0.3987 -0.9145
vn 0.0481 -0.5488 -0.8346
vn 0.0850 -0.3141 -0.9456
vn 0.0714 -0.3359 -0.9392
vn 0.0718 -0.3048 -0.9497
vn 0.0725 -0.4395 -0.8953
vn 0.0565 -0.5360 -0.8423
vn 0.0634 -0.3930 -0.9174
vn 0.0790 -0.2930 -0.9528
vn 0.0597 -0.3573 -0.9321
vn 0.0453 -0.5912 -0.8052
vn 0.0529 -0.6109 -0.7899
vn 0.0376 -0.5703 -0.8206
vn 0.0531 -0.3156 -0.9474
vn 0.0239 -0.5311 -0.8470
vn 0.0285 -0.6415 -0.7666
vn 0.0403 -0.6273 -0.7778
vn 0.0124 -0.6860 -0.7275
vn 0.0178 -0.4479 -0.8939
vn -0.0037 -0.7318 -0.6815
vn 0.0448 -0.5815 -0.8123
vn 0.0431 -0.5036 -0.8628
vn 0.0205 -0.6800 -0.7329
vn 0.0086 -0.6733 -0.7393
vn -0.0046 -0.7331 -0.6801
vn 0.0764 -0.0688 -0.9947
vn 0.0676 -0.0741 -0.9950
vn 0.0329 -0.9697 -0.2421
vn 0.0323 -0.9437 -0.3294
vn 0.0316 -0.9431 -0.3310
vn 0.0330 -0.9696 -0.2425
vn 0.0783 -0.2108 -0.9744
vn 0.0755 -0.2085 -0.9751
vn 0.0771 -0.2315 -0.9698
vn 0.0785 -0.2371 -0.9683
vn 0.0762 -0.1765 -0.9814
vn 0.0719 -0.1776 -0.9815
vn 0.0756 -0.1816 -0.9805
vn 0.0734 -0.1734 -0.9821
vn 0.0760 -0.1832 -0.9801
vn 0.0739 -0.1913 -0.9788
vn 0.0721 -0.1707 -0.9827
vn 0.0730 -0.2132 -0.9743
vn 0.0766 -0.1829 -0.9801
vn 0.0701 -0.2449 -0.9670
vn 0.0718 -0.2016 -0.9768
vn 0.0723 -0.1787 -0.9812
vn 0.0768 -0.1728 -0.9819
vn 0.0604 -0.1939 -0.9792
vn 0.0626 -0.1776 -0.9821
vn 0.0706 -0.1764 -0.9818
vn 0.0573 -0.2199 -0.9738
vn 0.0602 -0.1878 -0.9804
vn 0.0564 -0.2607 -0.9638
vn 0.0620 -0.1994 -0.9779
vn 0.0398 -0.3374 -0.9405
vn 0.0608 -0.2265 -0.9721
vn 0.0526 -0.2711 -0.9611
vn 0.0733 -0.2364 -0.9689
vn 0.0660 -0.2416 -0.9681
vn 0.0819 -0.2616 -0.9617
vn 0.0999 -0.2935 -0.9507
vn 0.0801 -0.2683 -0.9600
vn 0.0895 -0.3363 -0.9375
vn 0.0190 -0.4283 0.9034
vn 0.0267 -0.4179 0.9081
vn 0.0419 -0.4937 0.8686
vn 0.0242 -0.4758 0.8792
vn 0.0500 -0.4960 0.8669
vn 0.0379 -0.4739 0.8798
vn 0.0151 -0.3881 0.9215
vn 0.0077 -0.3467 0.9380
vn 0.0789 -0.5979 0.7977
vn 0.0102 -0.3426 0.9394
vn 0.0012 -0.3024 0.9532
vn 0.1127 -0.8032 0.5849
vn 0.0508 -0.5385 0.8411
vn -0.0018 -0.2634 0.9647
vn 0.0865 -0.9950 0.0502
vn 0.0406 -0.7060 0.7071
vn 0.0192 -0.3645 0.9310
vn 0.1175 -0.9864 0.1152
vn 0.0424 -0.7221 0.6905
vn 0.0027 -0.4877 0.8730
vn 0.1395 -0.9360 0.3232
vn 0.0606 -0.6552 0.7530
vn 0.0013 -0.5556 0.8314
vn 0.1028 -0.8086 0.5794
vn 0.0642 -0.7626 0.6437
vn 0.0368 -0.6630 0.7477
vn 0.1309 -0.8247 0.5503
vn 0.1175 -0.8018 0.5860
vn 0.0485 -0.7610 0.6469
vn 0.2862 -0.8006 0.5265
vn 0.2799 -0.7719 0.5708
vn 0.1066 -0.7724 0.6261
vn 0.4713 -0.6496 0.5966
vn 0.5002 -0.5999 0.6244
vn 0.7124 -0.6993 -0.0588
vn 0.8017 -0.5929 -0.0754
vn 0.3435 -0.6190 -0.7063
vn 0.3573 -0.5577 -0.7492
vn 0.3624 -0.8349 -0.4143
vn 0.1539 -0.7285 -0.6675
vn 0.1493 -0.7222 -0.6753
vn 0.0945 -0.6998 -0.7080
vn 0.0880 -0.7012 -0.7076
vn 0.1427 -0.7101 -0.6895
vn 0.0886 -0.6648 -0.7417
vn 0.0842 -0.6789 -0.7294
vn 0.0830 -0.7004 -0.7089
vn 0.0828 -0.6460 -0.7588
vn 0.0781 -0.6698 -0.7384
vn 0.0813 -0.6864 -0.7227
vn 0.0659 -0.6396 -0.7659
vn 0.0631 -0.6722 -0.7377
vn 0.0755 -0.6843 -0.7253
vn 0.0443 -0.6345 -0.7716
vn 0.0430 -0.6796 -0.7324
vn 0.0629 -0.6878 -0.7232
vn 0.0440 -0.6484 -0.7600
vn 0.0308 -0.6355 -0.7715
vn 0.0363 -0.6567 -0.7533
vn 0.0452 -0.6232 -0.7808
vn 0.0454 -0.4700 -0.8815
vn 0.0120 -0.5147 -0.8573
vn 0.0517 -0.4706 -0.8808
vn 0.0313 -0.0680 -0.9972
vn 0.0549 -0.4726 -0.8795
vn 0.0370 -0.9014 -0.4313
vn 0.0843 -0.5248 -0.8470
vn 0.0361 -0.9029 -0.4284
vn 0.0684 -0.2015 -0.9771
vn 0.0733 -0.2030 -0.9764
vn 0.0651 -0.2213 -0.9730
vn 0.0687 -0.1853 -0.9803
vn 0.0646 -0.1938 -0.9789
vn 0.0655 -0.1909 -0.9794
vn 0.0636 -0.1847 -0.9807
vn 0.0726 -0.1898 -0.9791
vn 0.0725 -0.1990 -0.9773
vn 0.0694 -0.1939 -0.9786
vn 0.0718 -0.1898 -0.9792
vn 0.0718 -0.2074 -0.9756
vn 0.0726 -0.2033 -0.9764
vn 0.0726 -0.1831 -0.9804
vn 0.0773 -0.2089 -0.9749
vn 0.0750 -0.1800 -0.9808
vn 0.0786 -0.2042 -0.9758
vn 0.0764 -0.1918 -0.9785
vn 0.0765 -0.2171 -0.9731
vn 0.0775 -0.2244 -0.9714
vn 0.0931 -0.2926 -0.9517
vn 0.0819 -0.2776 -0.9572
vn 0.1713 -0.8067 -0.5656
vn 0.1463 -0.4903 -0.8592
vn 0.0854 -0.9951 0.0495
vn -0.0211 -0.3097 0.9506
vn 0.0782 -0.5935 0.8010
vn -0.0202 -0.1920 0.9812
vn -0.0059 -0.2240 0.9746
vn -0.0213 -0.1681 0.9855
vn -0.0236 -0.1607 0.9867
vn -0.0180 -0.1630 0.9865
vn -0.0128 -0.1781 0.9839
vn -0.0213 -0.1641 0.9862
vn -0.0091 -0.1909 0.9816
vn -0.0162 -0.1731 0.9848
vn -0.0136 -0.1927 0.9812
vn -0.0148 -0.1743 0.9846
vn -0.0095 -0.2210 0.9752
vn -0.0043 -0.2262 0.9741
vn -0.0109 -0.1926 0.9812
vn 0.0071 -0.2717 0.9623
vn 0.0208 -0.3117 0.9500
vn -0.0036 -0.2410 0.9705
vn 0.0129 -0.2981 0.9544
vn 0.0389 -0.3535 0.9346
vn 0.0687 -0.2677 -0.9610
vn 0.0627 -0.2939 -0.9538
vn 0.0704 -0.3284 -0.9419
vn 0.0557 -0.4448 0.8939
vn 0.0335 -0.3728 0.9273
vn 0.0028 -0.2688 0.9632
vn 0.0070 -0.3131 0.9497
vn -0.0049 -0.2621 0.9650
vn -0.0088 -0.2299 0.9732
vn -0.0007 -0.2839 0.9589
vn -0.0057 -0.2439 0.9698
vn -0.0116 -0.2277 0.9737
vn -0.0041 -0.2575 0.9663
vn -0.0067 -0.2256 0.9742
vn -0.0090 -0.2182 0.9759
vn -0.0039 -0.2249 0.9744
vn -0.0057 -0.2477 0.9688
vn -0.0083 -0.2272 0.9738
vn -0.0039 -0.3187 0.9478
vn -0.0150 -0.3653 0.9308
vn -0.0061 -0.3585 0.9335
vn -0.0205 -0.4494 0.8931
vn -0.0373 -0.5036 0.8632
vn -0.0152 -0.5187 0.8548
vn -0.0188 -0.5740 0.8186
vn -0.0384 -0.6341 0.7723
vn -0.0423 -0.6337 0.7724
vn 0.0198 -0.7016 0.7123
vn 0.0093 -0.7443 0.6678
vn -0.0507 -0.7313 0.6802
vn 0.0422 -0.7599 0.6487
vn 0.0436 -0.7587 0.6500
vn 0.0049 -0.7653 0.6437
vn 0.0987 -0.7613 0.6409
vn 0.0893 -0.7023 0.7062
vn 0.0452 -0.7065 0.7063
vn 0.2756 -0.7623 0.5856
vn 0.2675 -0.7121 0.6491
vn 0.5325 -0.5811 0.6154
vn 0.5306 -0.5914 0.6072
vn 0.8606 -0.4957 -0.1172
vn 0.8529 -0.5209 -0.0357
vn 0.3693 -0.5190 -0.7709
vn 0.3977 -0.5479 -0.7359
vn 0.1430 -0.7008 -0.6989
vn 0.1475 -0.6970 -0.7017
vn 0.4202 -0.5503 -0.7215
vn 0.0797 -0.7019 -0.7078
vn 0.0779 -0.7018 -0.7081
vn 0.1507 -0.6938 -0.7043
vn 0.0793 -0.6943 -0.7153
vn 0.0784 -0.6879 -0.7216
vn 0.0823 -0.6734 -0.7347
vn 0.0746 -0.6873 -0.7225
vn 0.0754 -0.6639 -0.7440
vn 0.0780 -0.6662 -0.7417
vn 0.0619 -0.6659 -0.7435
vn 0.0819 -0.6107 -0.7876
vn 0.1093 -0.5717 -0.8132
vn 0.0933 -0.6381 -0.7642
vn 0.0770 -0.4124 -0.9077
vn 0.0807 -0.4221 -0.9030
vn 0.0870 -0.4168 -0.9048
vn 0.0787 -0.3783 -0.9223
vn 0.0762 -0.2207 -0.9723
vn 0.0804 -0.2317 -0.9695
vn 0.0684 -0.1949 -0.9784
vn 0.0779 -0.1958 -0.9775
vn 0.0697 -0.1746 -0.9822
vn 0.0740 -0.1707 -0.9825
vn 0.0720 -0.1438 -0.9870
vn 0.0694 -0.1357 -0.9883
vn 0.0707 -0.1689 -0.9831
vn 0.0818 -0.1670 -0.9826
vn 0.0815 -0.1396 -0.9868
vn 0.0764 -0.1903 -0.9788
vn 0.0852 -0.2012 -0.9758
vn 0.0913 -0.1878 -0.9779
vn 0.0790 -0.2234 -0.9715
vn 0.0844 -0.2610 -0.9616
vn 0.0998 -0.2628 -0.9597
vn 0.0784 -0.2351 -0.9688
vn 0.0855 -0.2616 -0.9614
vn 0.0806 -0.2347 -0.9687
vn 0.0866 -0.2742 -0.9578
vn 0.0996 -0.3781 -0.9204
vn 0.1083 -0.3539 -0.9290
vn 0.1042 -0.4463 -0.8888
vn 0.1252 -0.4160 -0.9007
vn 0.2140 -0.9448 0.2481
vn 0.0018 -0.2382 0.9712
vn -0.0102 -0.2504 0.9681
vn -0.0026 -0.3013 0.9535
vn -0.0187 -0.1683 0.9856
vn -0.0209 -0.1698 0.9853
vn -0.0202 -0.1673 0.9857
vn -0.0240 -0.1515 0.9882
vn -0.0255 -0.1476 0.9887
vn -0.0210 -0.1519 0.9882
vn -0.0250 -0.1464 0.9889
vn -0.0224 -0.1471 0.9889
vn -0.0246 -0.1562 0.9874
vn -0.0250 -0.1500 0.9884
vn -0.0234 -0.1569 0.9873
vn -0.0256 -0.1501 0.9883
vn -0.0225 -0.1661 0.9859
vn -0.0279 -0.1655 0.9858
vn -0.0129 -0.1714 0.9851
vn -0.0125 -0.1946 0.9808
vn -0.0143 -0.1710 0.9852
vn -0.0147 -0.2396 0.9708
vn -0.0138 -0.1680 0.9857
vn -0.0174 -0.1816 0.9832
vn -0.0216 -0.1798 0.9835
vn -0.0111 -0.2031 0.9791
vn -0.0160 -0.2064 0.9783
vn -0.0205 -0.1958 0.9804
vn -0.0147 -0.2086 0.9779
vn -0.0147 -0.2211 0.9751
vn -0.0185 -0.2395 0.9707
vn -0.0102 -0.2202 0.9754
vn -0.0024 -0.4179 0.9085
vn -0.0006 -0.4629 0.8864
vn -0.0042 -0.3880 0.9216
vn 0.0080 -0.6879 0.7258
vn 0.0133 -0.7263 0.6872
vn 0.0054 -0.6140 0.7893
vn 0.0171 -0.8098 0.5865
vn 0.0194 -0.8415 0.5398
vn -0.0002 -0.7353 0.6777
vn 0.0124 -0.8583 0.5131
vn 0.0195 -0.8814 0.4719
vn -0.0316 -0.7916 0.6102
vn -0.0160 -0.8563 0.5163
vn 0.0161 -0.8796 0.4755
vn -0.0447 -0.7967 0.6028
vn -0.0294 -0.7859 0.6176
vn -0.0025 -0.8210 0.5710
vn 0.0059 -0.7428 0.6695
vn 0.0153 -0.7197 0.6942
vn -0.0198 -0.7609 0.6486
vn 0.0500 -0.6617 0.7481
vn 0.0529 -0.6032 0.7958
vn 0.0257 -0.6244 0.7807
vn 0.0850 -0.6330 0.7694
vn 0.0836 -0.6010 0.7949
vn 0.2684 -0.6327 0.7264
vn 0.2631 -0.5978 0.7572
vn 0.5388 -0.6193 0.5711
vn 0.5440 -0.5808 0.6057
vn 0.7577 -0.5463 -0.3569
vn 0.7572 -0.6327 0.1622
vn 0.4048 -0.6207 -0.6714
vn 0.3656 -0.6091 -0.7038
vn 0.7979 -0.6025 -0.0199
vn 0.1597 -0.6243 -0.7647
vn 0.1834 -0.5324 -0.8264
vn 0.4011 -0.5041 -0.7649
vn 0.2029 -0.4902 -0.8477
vn 0.4199 -0.4247 -0.8020
vn 0.0794 -0.4272 -0.9006
vn 0.0835 -0.4048 -0.9106
vn 0.0842 -0.3664 -0.9266
vn 0.0907 -0.3550 -0.9305
vn 0.0793 -0.2395 -0.9677
vn 0.0868 -0.2521 -0.9638
vn 0.0701 -0.2013 -0.9770
vn 0.0762 -0.2053 -0.9757
vn 0.0692 -0.1667 -0.9836
vn 0.0718 -0.1601 -0.9845
vn 0.0707 -0.1333 -0.9886
vn 0.0692 -0.1331 -0.9887
vn 0.0694 -0.1315 -0.9889
vn 0.0699 -0.1370 -0.9881
vn 0.0690 -0.1252 -0.9897
vn 0.0801 -0.1733 -0.9816
vn 0.0708 -0.1727 -0.9824
vn 0.0977 -0.1829 -0.9783
vn 0.1131 -0.2665 -0.9572
vn 0.1016 -0.2693 -0.9577
vn 0.1100 -0.2593 -0.9595
vn 0.1967 -0.5616 -0.8037
vn 0.1719 -0.5250 -0.8336
vn 0.1217 -0.5035 -0.8554
vn 0.1626 -0.9458 0.2810
vn 0.2389 -0.9159 0.3226
vn 0.0803 -0.3720 -0.9247
vn 0.1124 -0.9935 0.0165
vn 0.0091 -0.2951 0.9554
vn 0.0196 -0.2565 0.9664
vn 0.0052 -0.3683 0.9297
vn -0.0052 -0.2794 0.9602
vn -0.0154 -0.1671 0.9858
vn -0.0281 -0.1481 0.9886
vn -0.0252 -0.1360 0.9904
vn -0.0236 -0.1456 0.9891
vn -0.0254 -0.1390 0.9900
vn -0.0305 -0.1363 0.9902
vn -0.0284 -0.1499 0.9883
vn -0.0308 -0.1409 0.9895
vn -0.0314 -0.1320 0.9907
vn -0.0225 -0.1485 0.9887
vn -0.0228 -0.2113 0.9772
vn -0.0316 -0.1628 0.9862
vn -0.0249 -0.1711 0.9849
vn -0.0166 -0.2872 0.9577
vn -0.0202 -0.2024 0.9791
vn -0.0111 -0.4238 0.9057
vn -0.0206 -0.2716 0.9622
vn -0.0037 -0.5948 0.8039
vn -0.0086 -0.3858 0.9225
vn 0.0254 -0.7277 0.6854
vn 0.0182 -0.5028 0.8642
vn 0.0490 -0.8168 0.5748
vn 0.0050 -0.5807 0.8141
vn 0.0303 -0.8523 0.5222
vn -0.0027 -0.5882 0.8087
vn 0.0179 -0.8373 0.5465
vn -0.0194 -0.2621 0.9649
vn -0.0001 -0.5352 0.8447
vn 0.0213 -0.8017 0.5974
vn 0.0222 -0.7629 0.6462
vn 0.0330 -0.8805 0.4730
vn 0.0302 -0.8900 0.4550
vn 0.0258 -0.8674 0.4969
vn 0.0346 -0.9025 0.4293
vn 0.0377 -0.9203 0.3894
vn 0.0251 -0.8881 0.4589
vn 0.0243 -0.8858 0.4634
vn 0.0413 -0.8897 0.4547
vn 0.0229 -0.8850 0.4651
vn 0.0281 -0.8223 0.5684
vn 0.0199 -0.8119 0.5834
vn 0.0204 -0.8276 0.5610
vn 0.0248 -0.7696 0.6381
vn 0.0294 -0.7669 0.6411
vn 0.0029 -0.7690 0.6392
vn 0.0077 -0.6626 0.7489
vn 0.0295 -0.6549 0.7552
vn -0.0110 -0.6530 0.7573
vn -0.0018 -0.5093 0.8606
vn 0.0136 -0.5291 0.8485
vn 0.0309 -0.4836 0.8747
vn 0.0358 -0.4060 0.9132
vn 0.0057 -0.4344 0.9007
vn 0.0483 -0.4811 0.8753
vn 0.0447 -0.3968 0.9168
vn 0.0775 -0.5025 0.8611
vn 0.0749 -0.3888 0.9183
vn 0.2590 -0.5424 0.7992
vn 0.2531 -0.4277 0.8678
vn 0.5815 -0.4809 0.6562
vn 0.5835 -0.4705 0.6619
vn 0.7416 -0.6249 -0.2439
vn 0.8289 -0.5224 -0.2003
vn 0.5832 -0.4294 0.6896
vn 0.0846 -0.3782 -0.9218
vn 0.0864 -0.3504 -0.9326
vn 0.0917 -0.3421 -0.9352
vn 0.0917 -0.3315 -0.9390
vn 0.0912 -0.2595 -0.9614
vn 0.0866 -0.2662 -0.9600
vn 0.0830 -0.2086 -0.9745
vn 0.0758 -0.2115 -0.9744
vn 0.0772 -0.1559 -0.9847
vn 0.0725 -0.1495 -0.9861
vn 0.0737 -0.1405 -0.9873
vn 0.0782 -0.1434 -0.9866
vn 0.0681 -0.1401 -0.9878
vn 0.0788 -0.1487 -0.9857
vn 0.0728 -0.1618 -0.9841
vn 0.0762 -0.1547 -0.9850
vn 0.0782 -0.1731 -0.9818
vn 0.0923 -0.2370 -0.9671
vn 0.0911 -0.2280 -0.9694
vn 0.0858 -0.2523 -0.9638
vn 0.1271 -0.4392 -0.8894
vn 0.1307 -0.4446 -0.8861
vn 0.1435 -0.4778 -0.8667
vn 0.1939 -0.9659 0.1719
vn 0.1960 -0.9797 0.0421
vn 0.2240 -0.9522 0.2077
vn 0.0109 -0.2682 0.9633
vn 0.0165 -0.2899 0.9569
vn 0.0099 -0.2495 0.9683
vn -0.0179 -0.1463 0.9891
vn -0.0119 -0.1615 0.9868
vn -0.0128 -0.1530 0.9881
vn -0.0218 -0.1269 0.9917
vn -0.0239 -0.1254 0.9918
vn -0.0241 -0.1178 0.9927
vn -0.0251 -0.1207 0.9924
vn -0.0335 -0.1300 0.9909
vn -0.0331 -0.1364 0.9901
vn -0.0252 -0.1314 0.9910
vn -0.0312 -0.1247 0.9917
vn -0.0318 -0.1246 0.9917
vn -0.0278 -0.1320 0.9909
vn -0.0353 -0.1379 0.9898
vn -0.0174 -0.3414 0.9397
vn -0.0283 -0.2410 0.9701
vn -0.0079 -0.4314 0.9021
vn 0.0382 -0.8157 0.5773
vn 0.0216 -0.7376 0.6749
vn 0.0053 -0.5353 0.8446
vn 0.0467 -0.8709 0.4892
vn 0.0236 -0.6568 0.7537
vn 0.0552 -0.9257 0.3742
vn 0.0200 -0.7898 0.6130
vn 0.0519 -0.9565 0.2870
vn 0.0260 -0.8666 0.4984
vn 0.0578 -0.9528 0.2982
vn 0.0449 -0.8961 0.4415
vn 0.0556 -0.9446 0.3234
vn 0.0548 -0.9205 0.3869
vn 0.0565 -0.9446 0.3233
vn 0.0439 -0.9261 0.3748
vn 0.0533 -0.9367 0.3461
vn 0.0312 -0.9090 0.4156
vn 0.0397 -0.9250 0.3780
vn 0.0315 -0.9239 0.3814
vn 0.0294 -0.9122 0.4087
vn 0.0429 -0.9107 0.4109
vn 0.0430 -0.9069 0.4192
vn 0.0497 -0.8584 0.5106
vn 0.0279 -0.8664 0.4986
vn 0.0488 -0.8254 0.5625
vn 0.0557 -0.7566 0.6515
vn 0.0545 -0.7700 0.6357
vn 0.0160 -0.7546 0.6559
vn 0.0157 -0.6423 0.7663
vn 0.0572 -0.6384 0.7676
vn 0.0319 -0.6412 0.7667
vn 0.0334 -0.5021 0.8642
vn 0.0174 -0.5020 0.8647
vn 0.0309 -0.5204 0.8534
vn 0.0290 -0.4087 0.9122
vn 0.0350 -0.3997 0.9160
vn 0.0142 -0.4380 0.8988
vn 0.0117 -0.2900 0.9570
vn 0.0264 -0.2569 0.9661
vn 0.0134 -0.2903 0.9568
vn 0.0406 -0.2660 0.9631
vn 0.0427 -0.2641 0.9635
vn 0.0758 -0.2645 0.9614
vn 0.2484 -0.3209 0.9140
vn 0.0755 -0.3212 -0.9440
vn 0.0718 -0.3002 -0.9512
vn 0.0855 -0.3170 -0.9446
vn 0.0800 -0.2951 -0.9521
vn 0.0869 -0.2724 -0.9583
vn 0.0842 -0.2736 -0.9581
vn 0.0805 -0.2073 -0.9749
vn 0.0782 -0.2026 -0.9761
vn 0.0751 -0.1478 -0.9862
vn 0.0730 -0.1516 -0.9857
vn 0.0709 -0.1407 -0.9875
vn 0.0702 -0.1405 -0.9876
vn 0.0770 -0.1399 -0.9872
vn 0.0692 -0.1192 -0.9905
vn 0.0880 -0.1522 -0.9844
vn 0.0820 -0.1368 -0.9872
vn 0.1005 -0.1930 -0.9760
vn 0.0999 -0.1845 -0.9777
vn 0.0903 -0.2108 -0.9733
vn 0.1327 -0.3399 -0.9311
vn 0.1287 -0.2782 -0.9519
vn 0.1403 -0.4230 -0.8952
vn 0.2244 -0.9702 0.0911
vn 0.2427 -0.9664 -0.0851
vn 0.2201 -0.9701 0.1023
vn 0.0491 -0.3278 0.9435
vn 0.0352 -0.3378 0.9406
vn 0.0255 -0.3328 0.9427
vn -0.0111 -0.1547 0.9879
vn -0.0002 -0.1361 0.9907
vn -0.0077 -0.1670 0.9859
vn -0.0209 -0.1136 0.9933
vn -0.0304 -0.0993 0.9946
vn -0.0199 -0.1183 0.9928
vn -0.0286 -0.1090 0.9936
vn -0.0269 -0.0915 0.9954
vn -0.0328 -0.1213 0.9921
vn -0.0310 -0.1034 0.9942
vn -0.0233 -0.1216 0.9923
vn -0.0252 -0.1207 0.9924
vn -0.0282 -0.1259 0.9916
vn -0.0299 -0.1368 0.9902
vn -0.0365 -0.1305 0.9908
vn -0.0298 -0.1190 0.9924
vn -0.0259 -0.1618 0.9865
vn -0.0078 -0.4893 0.8721
vn -0.0275 -0.3538 0.9349
vn -0.0002 -0.6275 0.7786
vn 0.0334 -0.9124 0.4080
vn 0.0271 -0.8768 0.4802
vn 0.0415 -0.9396 0.3398
vn 0.0456 -0.9723 0.2295
vn 0.0421 -0.9716 0.2328
vn 0.0602 -0.9571 0.2834
vn 0.0607 -0.9681 0.2433
vn 0.0622 -0.9674 0.2456
vn 0.0566 -0.9697 0.2376
vn 0.0544 -0.9771 0.2055
vn 0.0501 -0.9658 0.2545
vn 0.0676 -0.9734 0.2188
vn 0.0717 -0.9436 0.3234
vn 0.0748 -0.9560 0.2836
vn 0.0726 -0.9236 0.3765
vn 0.0582 -0.9438 0.3254
vn 0.0585 -0.9047 0.4220
vn 0.0582 -0.9311 0.3601
vn 0.0586 -0.8681 0.4929
vn 0.0578 -0.9170 0.3947
vn 0.0553 -0.8423 0.5361
vn 0.0439 -0.8512 0.5230
vn 0.0443 -0.7538 0.6556
vn 0.0518 -0.7536 0.6553
vn 0.0254 -0.7671 0.6410
vn 0.0255 -0.6219 0.7827
vn 0.0488 -0.6354 0.7706
vn 0.0541 -0.6234 0.7800
vn 0.0517 -0.4932 0.8684
vn 0.0299 -0.4985 0.8664
vn 0.0555 -0.5042 0.8618
vn 0.0529 -0.4189 0.9065
vn 0.0478 -0.3831 0.9225
vn 0.0208 -0.4215 0.9066
vn 0.0256 -0.2765 0.9607
vn 0.0492 -0.2779 0.9593
vn 0.0389 -0.2507 0.9673
vn 0.0755 -0.2825 -0.9563
vn 0.0729 -0.2648 -0.9615
vn 0.0840 -0.2801 -0.9563
vn 0.0792 -0.2743 -0.9584
vn 0.0820 -0.2764 -0.9575
vn 0.0775 -0.2824 -0.9562
vn 0.0690 -0.2031 -0.9767
vn 0.0707 -0.2005 -0.9771
vn 0.0667 -0.1452 -0.9872
vn 0.0691 -0.1374 -0.9881
vn 0.0770 -0.1321 -0.9882
vn 0.0705 -0.1194 -0.9903
vn 0.0793 -0.1127 -0.9905
vn 0.0780 -0.1021 -0.9917
vn 0.0803 -0.1210 -0.9894
vn 0.0888 -0.1144 -0.9895
vn 0.0938 -0.1743 -0.9802
vn 0.0981 -0.1724 -0.9801
vn 0.1164 -0.3063 -0.9448
vn 0.1222 -0.3120 -0.9422
vn 0.1174 -0.2775 -0.9535
vn 0.2422 -0.9521 -0.1865
vn 0.2221 -0.9630 -0.1525
vn 0.2628 -0.9500 -0.1687
vn 0.0642 -0.4387 0.8963
vn 0.0757 -0.4629 0.8832
vn 0.0425 -0.3950 0.9177
vn -0.0194 -0.1384 0.9902
vn -0.0100 -0.1475 0.9890
vn -0.0110 -0.1334 0.9910
vn -0.0290 -0.0457 0.9985
vn -0.0394 -0.0553 0.9977
vn -0.0265 -0.0611 0.9978
vn -0.0369 -0.0797 0.9961
vn -0.0298 -0.0525 0.9982
vn -0.0354 -0.0937 0.9950
vn -0.0301 -0.0980 0.9947
vn -0.0357 -0.1104 0.9932
vn -0.0290 -0.1136 0.9931
vn -0.0300 -0.1118 0.9933
vn -0.0341 -0.1313 0.9908
vn -0.0339 -0.1282 0.9912
vn -0.0332 -0.1306 0.9909
vn -0.0241 -0.1173 0.9928
vn -0.0225 -0.1934 0.9809
vn -0.0356 -0.1442 0.9889
vn -0.0177 -0.2553 0.9667
vn 0.0188 -0.7049 0.7090
vn 0.0065 -0.5995 0.8003
vn 0.0089 -0.8157 0.5784
vn 0.0353 -0.9709 0.2369
vn 0.0370 -0.9592 0.2804
vn 0.0421 -0.9691 0.2430
vn 0.0380 -0.9561 0.2906
vn 0.0388 -0.9587 0.2816
vn 0.0365 -0.9594 0.2798
vn 0.0345 -0.9027 0.4289
vn 0.0328 -0.9103 0.4125
vn 0.0479 -0.9560 0.2893
vn 0.0447 -0.8964 0.4410
vn 0.0568 -0.9497 0.3080
vn 0.0489 -0.8901 0.4531
vn 0.0507 -0.9403 0.3365
vn 0.0523 -0.8680 0.4939
vn 0.0505 -0.9140 0.4027
vn 0.0548 -0.8308 0.5538
vn 0.0660 -0.8828 0.4652
vn 0.0577 -0.7942 0.6049
vn 0.0644 -0.8562 0.5126
vn 0.0603 -0.7513 0.6572
vn 0.0590 -0.8148 0.5767
vn 0.0616 -0.7035 0.7080
vn 0.0562 -0.7726 0.6324
vn 0.0534 -0.6738 0.7370
vn 0.0519 -0.6555 0.7534
vn 0.0507 -0.5390 0.8408
vn 0.0483 -0.5524 0.8322
vn 0.0555 -0.5225 0.8508
vn 0.0620 -0.4041 0.9126
vn 0.0490 -0.4122 0.9098
vn 0.0359 -0.3791 0.9247
vn 0.0412 -0.2430 0.9692
vn 0.0666 -0.2576 0.9640
vn 0.0433 -0.2492 0.9675
vn 0.0788 -0.2589 -0.9627
vn 0.0799 -0.2673 -0.9603
vn 0.0790 -0.2729 -0.9588
vn 0.0778 -0.2721 -0.9591
vn 0.0782 -0.2841 -0.9556
vn 0.0773 -0.2840 -0.9557
vn 0.0726 -0.1971 -0.9777
vn 0.0677 -0.2011 -0.9772
vn 0.0693 -0.1348 -0.9885
vn 0.0633 -0.1280 -0.9897
vn 0.0682 -0.1151 -0.9910
vn 0.0734 -0.1075 -0.9915
vn 0.0658 -0.0868 -0.9941
vn 0.0765 -0.0825 -0.9937
vn 0.0745 -0.1062 -0.9916
vn 0.0777 -0.0958 -0.9924
vn 0.0909 -0.1826 -0.9790
vn 0.0914 -0.1852 -0.9784
vn 0.1110 -0.3155 -0.9424
vn 0.1102 -0.3375 -0.9349
vn 0.2057 -0.9457 -0.2516
vn 0.1973 -0.9503 -0.2407
vn 0.2191 -0.9560 -0.1949
vn 0.0649 -0.4918 0.8683
vn 0.0725 -0.5262 0.8473
vn 0.0732 -0.4727 0.8782
vn 0.0018 -0.1606 0.9870
vn -0.0150 -0.1439 0.9895
vn 0.0036 -0.1621 0.9868
vn -0.0253 -0.0315 0.9992
vn -0.0272 -0.0345 0.9990
vn -0.0374 -0.0452 0.9983
vn -0.0517 -0.0348 0.9981
vn -0.0390 -0.0018 0.9992
vn -0.0401 -0.0475 0.9981
vn -0.0340 -0.0826 0.9960
vn -0.0459 -0.0833 0.9955
vn -0.0313 -0.0993 0.9946
vn -0.0316 -0.1228 0.9919
vn -0.0330 -0.1190 0.9923
vn -0.0286 -0.1154 0.9929
vn -0.0331 -0.1261 0.9915
vn -0.0289 -0.1184 0.9925
vn -0.0320 -0.1355 0.9903
vn -0.0242 -0.1333 0.9908
vn -0.0328 -0.1325 0.9906
vn -0.0131 -0.4580 0.8889
vn -0.0196 -0.4180 0.9083
vn -0.0111 -0.5099 0.8602
vn 0.0339 -0.8959 0.4430
vn 0.0185 -0.8811 0.4726
vn 0.0355 -0.9260 0.3759
vn 0.0353 -0.9713 0.2354
vn 0.0448 -0.9690 0.2431
vn 0.0308 -0.9676 0.2504
vn 0.0341 -0.9293 0.3678
vn 0.0341 -0.9435 0.3296
vn 0.0373 -0.9169 0.3973
vn 0.0340 -0.8203 0.5709
vn 0.0346 -0.8393 0.5426
vn 0.0334 -0.8007 0.5981
vn 0.0330 -0.5963 0.8021
vn 0.0297 -0.6151 0.7879
vn 0.0388 -0.7853 0.6179
vn 0.0400 -0.5846 0.8104
vn 0.0428 -0.7713 0.6350
vn 0.0453 -0.5731 0.8182
vn 0.0445 -0.7488 0.6613
vn 0.0474 -0.5547 0.8307
vn 0.0502 -0.7198 0.6924
vn 0.0488 -0.5351 0.8434
vn 0.0516 -0.6885 0.7234
vn 0.0495 -0.5126 0.8572
vn 0.0496 -0.6489 0.7593
vn 0.0482 -0.4766 0.8778
vn 0.0542 -0.6058 0.7937
vn 0.0486 -0.4371 0.8981
vn 0.0588 -0.5739 0.8168
vn 0.0528 -0.4158 0.9079
vn 0.0453 -0.4100 0.9109
vn 0.0390 -0.2480 0.9680
vn 0.0446 -0.2366 0.9706
vn 0.0457 -0.2595 0.9647
vn 0.0710 -0.2794 -0.9575
vn 0.0695 -0.2807 -0.9573
vn 0.0719 -0.2676 -0.9608
vn 0.0731 -0.2615 -0.9624
vn 0.0733 -0.2865 -0.9553
vn 0.0762 -0.2899 -0.9540
vn 0.0678 -0.2025 -0.9769
vn 0.0730 -0.1952 -0.9780
vn 0.0674 -0.1190 -0.9906
vn 0.0747 -0.1119 -0.9909
vn 0.0705 -0.0967 -0.9928
vn 0.0755 -0.0936 -0.9927
vn 0.0750 -0.0750 -0.9944
vn 0.0705 -0.0680 -0.9952
vn 0.0846 -0.0908 -0.9923
vn 0.0754 -0.0816 -0.9938
vn 0.1006 -0.1880 -0.9770
vn 0.1009 -0.1784 -0.9788
vn 0.1256 -0.3478 -0.9291
vn 0.1371 -0.3352 -0.9321
vn 0.2181 -0.9389 -0.2664
vn 0.2344 -0.9047 -0.3559
vn 0.0806 -0.5711 0.8169
vn 0.1114 -0.6242 0.7733
vn 0.0704 -0.5480 0.8335
vn -0.0213 -0.1387 0.9901
vn -0.0310 -0.1371 0.9901
vn -0.0136 -0.1314 0.9912
vn -0.0418 -0.0172 0.9990
vn -0.0431 -0.0155 0.9990
vn -0.0463 -0.0337 0.9984
vn -0.0626 0.0175 0.9979
vn -0.0543 0.0254 0.9982
vn -0.0379 0.0148 0.9992
vn -0.0385 -0.0328 0.9987
vn -0.0590 -0.0194 0.9981
vn -0.0427 -0.0657 0.9969
vn -0.0420 -0.1150 0.9925
vn -0.0402 -0.1064 0.9935
vn -0.0377 -0.1125 0.9929
vn -0.0400 -0.1259 0.9912
vn -0.0405 -0.1177 0.9922
vn -0.0417 -0.1396 0.9893
vn -0.0384 -0.1414 0.9892
vn -0.0289 -0.1361 0.9903
vn -0.0086 -0.3919 0.9200
vn -0.0234 -0.3921 0.9196
vn -0.0018 -0.3963 0.9181
vn 0.0304 -0.8561 0.5159
vn 0.0292 -0.8396 0.5424
vn 0.0081 -0.8713 0.4907
vn 0.0292 -0.9798 0.1978
vn 0.0368 -0.9835 0.1773
vn 0.0349 -0.9708 0.2373
vn 0.0367 -0.9500 0.3100
vn 0.0402 -0.9541 0.2966
vn 0.0369 -0.9493 0.3121
vn 0.0305 -0.8610 0.5077
vn 0.0349 -0.8705 0.4909
vn 0.0309 -0.8521 0.5224
vn 0.0286 -0.6550 0.7551
vn 0.0338 -0.6740 0.7380
vn 0.0279 -0.6360 0.7712
vn 0.0262 -0.3551 0.9345
vn 0.0343 -0.3724 0.9274
vn 0.0275 -0.3385 0.9406
vn 0.0317 -0.3274 0.9443
vn 0.0391 -0.3209 0.9463
vn 0.0461 -0.3165 0.9475
vn 0.0485 -0.3116 0.9490
vn 0.0484 -0.3016 0.9522
vn 0.0492 -0.2847 0.9574
vn 0.0489 -0.2618 0.9639
vn 0.0454 -0.2404 0.9696
vn 0.0423 -0.3873 0.9210
vn 0.0382 -0.3957 0.9176
vn 0.0368 -0.6874 0.7254
vn 0.0437 -0.4006 0.9152
vn 0.0414 -0.6971 0.7158
vn 0.0406 -0.8770 0.4787
vn 0.0475 -0.7074 0.7053
vn 0.0408 -0.8822 0.4692
vn 0.0366 -0.9610 0.2742
vn 0.0332 -0.8908 0.4533
vn 0.0284 -0.9630 0.2678
vn 0.0373 -0.9784 0.2032
vn 0.0348 -0.9588 0.2818
vn 0.0420 -0.9723 0.2301
vn 0.0214 -0.8401 0.5419
vn 0.0399 -0.9710 0.2356
vn 0.0236 -0.8503 0.5258
vn -0.0167 -0.4036 0.9148
vn 0.0191 -0.8429 0.5377
vn -0.0175 -0.3991 0.9168
vn -0.0367 -0.1374 0.9898
vn -0.0154 -0.3796 0.9250
vn -0.0414 -0.1343 0.9901
vn -0.0399 -0.1232 0.9916
vn -0.0429 -0.1323 0.9903
vn -0.0363 -0.1452 0.9887
vn -0.0428 -0.1310 0.9905
vn -0.0479 -0.0929 0.9945
vn -0.0496 -0.0848 0.9952
vn -0.0459 -0.1285 0.9906
vn -0.0471 -0.0686 0.9965
vn -0.0560 -0.0051 0.9984
vn -0.0504 0.0118 0.9987
vn -0.0631 -0.0619 0.9961
vn -0.0778 0.0129 0.9969
vn -0.0496 0.0273 0.9984
vn -0.0786 0.0250 0.9966
vn -0.0642 0.0186 0.9978
vn -0.0639 0.0341 0.9974
vn -0.0646 -0.0212 0.9977
vn -0.0501 -0.0022 0.9987
vn -0.0653 0.0430 0.9969
vn -0.0539 0.0132 0.9985
vn -0.0157 -0.1118 0.9936
vn -0.0258 -0.1006 0.9946
vn -0.0783 0.0170 0.9968
vn -0.0504 -0.0919 0.9945
vn 0.1089 -0.6616 0.7419
vn 0.0867 -0.6752 0.7325
vn -0.0362 -0.0838 0.9958
vn 0.0959 -0.6865 0.7208
vn 0.1987 -0.8943 -0.4008
vn 0.2252 -0.8889 -0.3990
vn 0.2008 -0.8856 -0.4189
vn 0.1152 -0.7257 0.6783
vn 0.2125 -0.8550 -0.4730
vn 0.1194 -0.3330 -0.9353
vn 0.1239 -0.3398 -0.9323
vn 0.1323 -0.3169 -0.9392
vn 0.2059 -0.8290 -0.5199
vn 0.1258 -0.3154 -0.9406
vn 0.0946 -0.1043 -0.9900
vn 0.0747 -0.1221 -0.9897
vn 0.0869 -0.0935 -0.9918
vn 0.1272 -0.3065 -0.9433
vn 0.0873 -0.0727 -0.9935
vn 0.0676 -0.0349 -0.9971
vn 0.0820 -0.0434 -0.9957
vn 0.0732 -0.0215 -0.9971
vn 0.0854 -0.0582 -0.9946
vn 0.0793 -0.0191 -0.9967
vn 0.0781 -0.0514 -0.9956
vn 0.0612 -0.0543 -0.9966
vn 0.0776 -0.0506 -0.9957
vn 0.0641 -0.0216 -0.9977
vn 0.0686 -0.0509 -0.9963
vn 0.0699 -0.0747 -0.9948
vn 0.0755 -0.0834 -0.9937
vn 0.0736 -0.0730 -0.9946
vn 0.0796 -0.0503 -0.9956
vn 0.0655 -0.0662 -0.9957
vn 0.0679 -0.0986 -0.9928
vn 0.0687 -0.1026 -0.9924
vn 0.0580 -0.0976 -0.9935
vn 0.0625 -0.0636 -0.9960
vn 0.0698 -0.1019 -0.9923
vn 0.0675 -0.2346 -0.9698
vn 0.0671 -0.2171 -0.9738
vn 0.0716 -0.2486 -0.9660
vn 0.0653 -0.1073 -0.9921
vn 0.0720 -0.2639 -0.9619
vn 0.0748 -0.3270 -0.9421
vn 0.0770 -0.3221 -0.9436
vn 0.0795 -0.3297 -0.9407
vn 0.0731 -0.2852 -0.9557
vn 0.0773 -0.3253 -0.9424
vn 0.0804 -0.2400 -0.9674
vn 0.0780 -0.2394 -0.9678
vn 0.0706 -0.2384 -0.9686
vn 0.0803 -0.3133 -0.9463
vn 0.0705 -0.2299 -0.9707
vn 0.0649 -0.1684 -0.9836
vn 0.0761 -0.1757 -0.9815
vn 0.0603 -0.1586 -0.9855
vn 0.0610 -0.2172 -0.9742
vn 0.0513 -0.1445 -0.9882
vn 0.0553 -0.1353 -0.9893
vn 0.0848 -0.1632 -0.9830
vn 0.0791 -0.2199 -0.9723
vn 0.0635 -0.1876 -0.9802
vn 0.0694 -0.1791 -0.9814
vn 0.0597 -0.2011 -0.9778
vn 0.0656 -0.2894 -0.9549
vn 0.0646 -0.2778 -0.9585
vn 0.0702 -0.3007 -0.9511
vn 0.0706 -0.3136 -0.9469
vn 0.0606 -0.3269 -0.9431
vn 0.0818 -0.3012 -0.9500
vn 0.0728 -0.1479 -0.9863
vn 0.0665 -0.1635 -0.9843
vn 0.0537 -0.1254 -0.9906
vn 0.0481 -0.0502 -0.9976
vn 0.0657 -0.0434 -0.9969
vn 0.0744 -0.0598 -0.9954
vn 0.0799 -0.0489 -0.9956
vn 0.0636 -0.0465 -0.9969
vn 0.0575 -0.0497 -0.9971
vn 0.0611 -0.0225 -0.9979
vn 0.0716 -0.0253 -0.9971
vn 0.0799 -0.0188 -0.9966
vn 0.0841 -0.0303 -0.9960
vn 0.0671 -0.0203 -0.9975
vn 0.0742 -0.0471 -0.9961
vn 0.1162 -0.2792 -0.9532
vn 0.1184 -0.2644 -0.9571
vn 0.1195 -0.2957 -0.9478
vn 0.1813 -0.7298 -0.6592
vn 0.1833 -0.6595 -0.7290
vn 0.1955 -0.7861 -0.5864
vn 0.1404 -0.8063 0.5746
vn 0.1532 -0.8740 0.4611
vn 0.1368 -0.7685 0.6250
vn -0.0276 -0.1097 0.9936
vn -0.0217 -0.1033 0.9944
vn -0.0280 -0.1050 0.9941
vn -0.0414 0.0019 0.9991
vn -0.0571 -0.0105 0.9983
vn -0.0509 0.0181 0.9985
vn -0.0478 0.0411 0.9980
vn -0.0466 0.0370 0.9982
vn -0.0838 0.0437 0.9955
vn -0.0786 0.0219 0.9967
vn -0.0452 0.0293 0.9985
vn -0.0662 0.0230 0.9975
vn -0.0594 -0.0562 0.9967
vn -0.0614 -0.0579 0.9964
vn -0.0552 -0.0602 0.9967
vn -0.0488 -0.1266 0.9907
vn -0.0500 -0.1297 0.9903
vn -0.0503 -0.1286 0.9904
vn -0.0400 -0.1848 0.9820
vn -0.0417 -0.1944 0.9800
vn -0.0361 -0.1668 0.9853
vn 0.0039 -0.4184 0.9083
vn -0.0077 -0.4387 0.8986
vn 0.0065 -0.3879 0.9217
vn 0.0518 -0.7872 0.6145
vn 0.0394 -0.7736 0.6324
vn 0.0270 -0.8144 0.5796
vn 0.0352 -0.9653 0.2589
vn 0.0442 -0.9541 0.2963
vn 0.0318 -0.9704 0.2395
vn 0.0361 -0.9594 0.2796
vn 0.0315 -0.9643 0.2631
vn 0.0393 -0.9552 0.2934
vn 0.0398 -0.9013 0.4314
vn 0.0458 -0.9021 0.4292
vn 0.0316 -0.8983 0.4383
vn 0.0379 -0.7294 0.6830
vn 0.0414 -0.7326 0.6794
vn 0.0461 -0.7194 0.6930
vn 0.0497 -0.3952 0.9173
vn 0.0483 -0.3975 0.9163
vn 0.0505 -0.3998 0.9152
vn 0.0718 -0.2702 -0.9601
vn 0.0723 -0.2627 -0.9622
vn 0.0724 -0.3324 -0.9404
vn 0.0756 -0.2620 -0.9621
vn 0.0761 -0.2651 -0.9612
vn 0.0796 -0.2908 -0.9535
vn 0.0749 -0.2926 -0.9533
vn 0.0734 -0.1899 -0.9791
vn 0.0701 -0.1855 -0.9801
vn 0.0695 -0.1087 -0.9916
vn 0.0690 -0.1084 -0.9917
vn 0.0751 -0.0878 -0.9933
vn 0.0642 -0.0846 -0.9943
vn 0.0805 -0.0648 -0.9946
vn 0.0626 -0.0601 -0.9962
vn 0.0855 -0.0651 -0.9942
vn 0.0690 -0.0550 -0.9961
vn 0.1081 -0.1529 -0.9823
vn 0.0896 -0.1383 -0.9863
vn 0.1412 -0.3286 -0.9338
vn 0.0576 -0.0498 -0.9971
vn 0.0637 -0.0612 -0.9961
vn 0.0795 -0.0603 -0.9950
vn 0.0728 -0.0836 -0.9938
vn 0.0720 -0.0872 -0.9936
vn 0.0661 -0.0859 -0.9941
vn 0.0705 -0.1068 -0.9918
vn 0.0717 -0.1067 -0.9917
vn 0.0653 -0.1034 -0.9925
vn 0.0715 -0.1959 -0.9780
vn 0.0697 -0.1863 -0.9800
vn 0.0700 -0.2069 -0.9759
vn 0.0734 -0.3075 -0.9487
vn 0.0788 -0.3033 -0.9496
vn 0.0766 -0.3153 -0.9459
vn 0.0795 -0.2467 -0.9658
vn 0.0758 -0.2541 -0.9642
vn 0.0784 -0.2411 -0.9673
vn 0.0744 -0.1923 -0.9785
vn 0.0741 -0.1986 -0.9773
vn 0.0741 -0.1846 -0.9800
vn 0.0489 -0.1598 -0.9859
vn 0.0482 -0.1812 -0.9823
vn 0.0462 -0.1604 -0.9860
vn 0.0347 -0.1628 -0.9860
vn 0.0483 -0.1556 -0.9866
vn 0.0376 -0.2587 -0.9652
vn 0.0385 -0.2658 -0.9633
vn 0.0339 -0.1451 -0.9888
vn 0.0280 -0.2521 -0.9673
vn 0.0494 -0.1477 -0.9878
vn 0.0492 -0.2472 -0.9677
vn 0.0466 -0.1548 -0.9868
vn 0.0510 -0.2476 -0.9675
vn 0.0537 -0.1657 -0.9847
vn 0.0618 -0.2546 -0.9651
vn 0.0703 -0.2648 -0.9617
vn 0.0681 -0.3362 -0.9393
vn 0.0522 -0.3462 -0.9367
vn 0.0666 -0.3335 -0.9404
vn 0.0593 -0.1988 -0.9782
vn 0.0579 -0.2126 -0.9754
vn 0.0450 -0.1819 -0.9823
vn 0.0348 -0.0385 -0.9987
vn 0.0474 -0.0406 -0.9981
vn 0.0718 -0.0382 -0.9967
vn 0.0810 -0.0376 -0.9960
vn 0.0403 -0.0362 -0.9985
vn 0.0607 -0.0408 -0.9973
vn 0.0534 -0.0365 -0.9979
vn 0.0830 -0.0380 -0.9958
vn 0.0754 -0.0298 -0.9967
vn 0.0751 -0.0085 -0.9971
vn 0.0540 -0.0113 -0.9985
vn 0.0685 -0.0095 -0.9976
vn 0.0908 -0.2266 -0.9697
vn 0.0904 -0.1940 -0.9768
vn 0.0978 -0.2495 -0.9634
vn 0.1332 -0.5680 -0.8122
vn 0.1200 -0.5517 -0.8254
vn 0.1656 -0.5935 -0.7876
vn 0.2097 -0.9777 0.0087
vn 0.1894 -0.9678 -0.1656
vn 0.1934 -0.9350 0.2972
vn 0.0271 -0.2537 0.9669
vn 0.0574 -0.4069 0.9117
vn -0.0068 -0.1460 0.9893
vn -0.0158 -0.0190 0.9997
vn -0.0019 -0.0423 0.9991
vn -0.0419 -0.0079 0.9991
vn -0.0477 0.0330 0.9983
vn -0.0167 0.0279 0.9995
vn -0.0679 0.0346 0.9971
vn -0.0658 0.0327 0.9973
vn -0.0428 0.0319 0.9986
vn -0.0504 0.0342 0.9981
vn -0.0505 -0.0411 0.9979
vn -0.0488 -0.0414 0.9980
vn -0.0441 -0.0512 0.9977
vn -0.0441 -0.1348 0.9899
vn -0.0457 -0.1356 0.9897
vn -0.0424 -0.1369 0.9897
vn -0.0312 -0.2098 0.9772
vn -0.0304 -0.2225 0.9745
vn -0.0353 -0.2033 0.9785
vn -0.0026 -0.4777 0.8785
vn 0.0137 -0.5012 0.8652
vn -0.0045 -0.4596 0.8881
vn 0.0357 -0.7641 0.6442
vn 0.0364 -0.7688 0.6385
vn 0.0268 -0.7683 0.6395
vn 0.0314 -0.9323 0.3602
vn 0.0373 -0.9184 0.3939
vn 0.0366 -0.9421 0.3333
vn 0.0256 -0.9564 0.2910
vn 0.0254 -0.9532 0.3014
vn 0.0274 -0.9616 0.2730
vn 0.0270 -0.8935 0.4482
vn 0.0282 -0.8889 0.4573
vn 0.0366 -0.8988 0.4368
vn 0.0432 -0.7222 0.6903
vn 0.0409 -0.7210 0.6917
vn 0.0475 -0.7290 0.6829
vn 0.0467 -0.4102 0.9108
vn 0.0468 -0.4028 0.9141
vn 0.0485 -0.4073 0.9120
vn 0.0777 -0.2550 -0.9638
vn 0.0725 -0.2396 -0.9682
vn 0.0736 -0.3139 -0.9466
vn 0.0814 -0.2682 -0.9599
vn 0.0819 -0.2695 -0.9595
vn 0.0802 -0.2940 -0.9524
vn 0.0788 -0.2954 -0.9521
vn 0.0752 -0.1832 -0.9802
vn 0.0753 -0.1850 -0.9799
vn 0.0719 -0.1065 -0.9917
vn 0.0728 -0.3006 -0.9510
vn 0.0755 -0.2673 -0.9607
vn 0.0778 -0.2611 -0.9622
vn 0.0744 -0.2089 -0.9751
vn 0.0677 -0.2197 -0.9732
vn 0.0716 -0.2044 -0.9763
vn 0.0388 -0.2585 -0.9652
vn 0.0416 -0.2529 -0.9666
vn 0.0336 -0.1947 -0.9803
vn 0.0341 -0.2094 -0.9772
vn 0.0429 -0.1909 -0.9807
vn 0.0303 -0.3160 -0.9483
vn 0.0242 -0.3316 -0.9431
vn 0.0416 -0.1878 -0.9813
vn 0.0292 -0.3009 -0.9532
vn 0.0391 -0.1781 -0.9832
vn 0.0268 -0.2906 -0.9565
vn 0.0458 -0.1729 -0.9839
vn 0.0320 -0.2809 -0.9592
vn 0.0246 -0.2735 -0.9616
vn 0.0168 -0.3846 -0.9229
vn 0.0156 -0.3908 -0.9204
vn 0.0248 -0.3785 -0.9253
vn 0.0147 -0.2943 -0.9556
vn 0.0098 -0.2985 -0.9544
vn 0.0325 -0.3743 -0.9267
vn 0.0249 -0.2893 -0.9569
vn 0.0274 -0.3748 -0.9267
vn 0.0246 -0.2850 -0.9582
vn 0.0379 -0.3714 -0.9277
vn 0.0216 -0.2803 -0.9597
vn 0.0448 -0.3596 -0.9320
vn 0.0192 -0.2598 -0.9655
vn 0.0284 -0.2336 -0.9719
vn -0.0013 -0.0887 -0.9961
vn -0.0022 -0.1063 -0.9943
vn 0.0385 -0.0574 -0.9976
vn 0.0141 -0.0636 -0.9979
vn -0.0168 -0.0839 -0.9963
vn 0.0369 -0.0384 -0.9986
vn 0.0159 -0.0544 -0.9984
vn -0.0006 -0.0777 -0.9970
vn 0.0538 -0.0386 -0.9978
vn 0.0597 -0.0337 -0.9976
vn -0.0017 -0.0577 -0.9983
vn 0.0776 -0.0125 -0.9969
vn 0.0799 -0.0309 -0.9963
vn 0.0488 -0.0283 -0.9984
vn 0.0809 -0.1147 -0.9901
vn 0.1198 -0.4254 -0.8970
vn 0.0882 -0.2596 -0.9617
vn 0.1194 -0.5174 -0.8474
vn 0.1587 -0.8520 -0.4989
vn 0.1381 -0.7575 -0.6380
vn 0.1724 -0.9261 -0.3356
vn 0.1096 -0.6899 0.7156
vn 0.1267 -0.8234 0.5531
vn 0.0852 -0.5507 0.8304
vn -0.0226 -0.0449 0.9987
vn -0.0063 -0.0703 0.9975
vn -0.0181 -0.0489 0.9986
vn -0.0472 0.0206 0.9987
vn -0.0448 0.0293 0.9986
vn -0.0160 0.0213 0.9996
vn -0.0182 0.0302 0.9994
vn -0.0540 0.0270 0.9982
vn -0.0131 0.0330 0.9994
vn -0.0086 -0.0312 0.9995
vn -0.0120 -0.0080 0.9999
vn -0.0262 -0.0449 0.9986
vn -0.0137 -0.1420 0.9898
vn -0.0108 -0.1260 0.9920
vn -0.0322 -0.1433 0.9892
vn -0.0272 -0.2561 0.9663
vn -0.0027 -0.2593 0.9658
vn -0.0268 -0.2450 0.9692
vn 0.0431 -0.5915 0.8051
vn 0.0194 -0.6614 0.7498
vn 0.0446 -0.5340 0.8443
vn 0.1500 -0.8065 0.5719
vn 0.1461 -0.8759 0.4598
vn 0.0694 -0.7786 0.6236
vn 0.0752 -0.8742 0.4797
vn 0.1793 -0.8421 0.5086
vn 0.0415 -0.8993 0.4353
vn 0.0227 -0.9427 0.3328
vn 0.0457 -0.9251 0.3769
vn 0.0231 -0.9498 0.3120
vn 0.0239 -0.8897 0.4559
vn 0.0180 -0.8933 0.4490
vn 0.0301 -0.8880 0.4588
vn 0.0429 -0.7236 0.6888
vn 0.0369 -0.7265 0.6861
vn 0.0429 -0.7222 0.6903
vn 0.0609 -0.3961 0.9162
vn 0.0557 -0.4001 0.9148
vn 0.0554 -0.3969 0.9162
vn 0.0472 -0.2606 -0.9643
vn 0.0516 -0.2716 -0.9610
vn 0.0358 -0.2248 -0.9737
vn 0.0406 -0.2435 -0.9691
vn 0.0238 -0.3695 -0.9289
vn 0.0156 -0.4080 -0.9128
vn 0.0227 -0.3494 -0.9367
vn 0.0121 -0.4330 -0.9013
vn 0.0093 -0.4407 -0.8976
vn 0.0088 -0.4250 -0.9052
vn -0.0062 -0.3219 -0.9468
vn -0.0012 -0.3421 -0.9397
vn 0.0078 -0.4139 -0.9103
vn -0.0052 -0.3064 -0.9519
vn 0.0133 -0.4040 -0.9147
vn 0.0042 -0.2965 -0.9550
vn 0.0149 -0.3969 -0.9178
vn 0.0150 -0.2942 -0.9556
vn 0.0138 -0.2972 -0.9547
vn 0.0225 -0.0888 -0.9958
vn 0.0252 -0.0806 -0.9964
vn 0.0033 -0.0913 -0.9958
vn 0.0036 -0.0065 -1.0000
vn 0.0334 0.0036 -0.9994
vn 0.0057 -0.0889 -0.9960
vn 0.0027 -0.0109 -0.9999
vn 0.0186 -0.0898 -0.9958
vn 0.0227 -0.0141 -0.9996
vn 0.0233 -0.0974 -0.9950
vn 0.0348 -0.0255 -0.9991
vn 0.0132 -0.1060 -0.9943
vn 0.0242 -0.0468 -0.9986
vn 0.0018 -0.0715 -0.9974
vn 0.0258 -0.0236 -0.9994
vn 0.0413 0.0057 -0.9991
vn -0.0033 -0.0650 -0.9979
vn 0.0254 -0.0153 -0.9996
vn 0.0445 0.0136 -0.9989
vn -0.0002 -0.0508 -0.9987
vn 0.0159 -0.0029 -0.9999
vn 0.0390 0.0300 -0.9988
vn -0.0032 -0.0450 -0.9990
vn 0.0135 -0.0411 -0.9991
vn 0.0335 0.0246 -0.9991
vn 0.0412 -0.1253 -0.9913
vn 0.0704 -0.3472 -0.9351
vn 0.0709 -0.1043 -0.9920
vn 0.0881 -0.5987 -0.7961
vn 0.0317 -0.9438 -0.3291
vn 0.1246 -0.6553 -0.7450
vn 0.0970 -0.9719 0.2146
vn 0.0077 -0.3618 0.9322
vn -0.0733 -0.8077 0.5850
vn 0.0012 -0.1274 0.9918
vn -0.0128 0.0019 0.9999
vn -0.0033 -0.0428 0.9991
vn -0.0188 0.0276 0.9994
vn -0.0123 0.0324 0.9994
vn -0.0033 0.0202 0.9998
vn -0.0474 0.0316 0.9984
vn -0.0291 -0.0159 0.9994
vn -0.0002 -0.0100 1.0000
vn -0.0335 -0.0092 0.9994
vn -0.0055 -0.0657 0.9978
vn -0.0067 -0.0608 0.9981
vn -0.0070 -0.0951 0.9954
vn -0.0019 -0.2672 0.9637
vn -0.0049 -0.1605 0.9870
vn 0.0191 -0.2872 0.9577
vn 0.0817 -0.7793 0.6212
vn 0.0168 -0.7732 0.6339
vn 0.0474 -0.7128 0.6998
vn 0.0909 -0.9576 0.2734
vn 0.0915 -0.9599 0.2648
vn 0.0909 -0.9346 0.3440
vn 0.1301 -0.8780 0.4607
vn 0.1168 -0.8717 0.4759
vn 0.1896 -0.8534 0.4856
vn 0.1414 -0.7943 0.5909
vn 0.1085 -0.7426 0.6609
vn 0.1121 -0.8731 0.4744
vn 0.0314 -0.8837 0.4669
vn 0.0436 -0.8483 0.5277
vn 0.0198 -0.8950 0.4456
vn 0.0180 -0.7444 0.6675
vn 0.0096 -0.7579 0.6523
vn 0.0286 -0.7337 0.6788
vn 0.0468 -0.4148 0.9087
vn 0.0355 -0.4369 0.8988
vn 0.0506 -0.4056 0.9126
vn 0.0348 -0.2548 -0.9664
vn 0.0163 -0.2132 -0.9769
vn 0.0339 -0.2748 -0.9609
vn 0.0245 -0.3181 -0.9477
vn -0.0010 -0.4677 -0.8839
vn 0.0053 -0.5226 -0.8526
vn -0.0877 -0.5993 -0.7957
vn -0.0239 -0.6649 -0.7465
vn -0.0657 -0.4967 -0.8654
vn -0.1567 -0.4013 -0.9024
vn -0.1721 -0.4393 -0.8817
vn -0.0145 -0.3670 -0.9301
vn -0.0316 -0.1536 -0.9876
vn -0.1159 -0.1373 -0.9837
vn -0.0193 -0.1240 -0.9921
vn -0.0267 0.0084 -0.9996
vn -0.0309 0.0078 -0.9995
vn -0.0171 -0.0998 -0.9949
vn -0.0218 0.0093 -0.9997
vn -0.0119 -0.0857 -0.9963
vn -0.0168 0.0117 -0.9998
vn 0.0024 -0.0784 -0.9969
vn 0.0004 0.0144 -0.9999
vn 0.0342 0.0129 -0.9993
vn 0.0300 0.0259 -0.9992
vn -0.0052 0.0157 -0.9999
vn 0.0441 0.0291 -0.9986
vn 0.0401 0.0265 -0.9988
vn 0.0138 0.0083 -0.9999
vn 0.0203 0.0114 -0.9997
vn 0.0412 0.0261 -0.9988
vn 0.0086 -0.0067 -0.9999
vn 0.0254 0.0026 -0.9997
vn 0.0207 -0.0040 -0.9998
vn 0.0173 -0.0136 -0.9998
vn 0.0374 0.0091 -0.9993
vn 0.0262 -0.0050 -0.9996
vn 0.0445 0.0135 -0.9989
vn 0.0345 -0.0049 -0.9994
vn 0.0245 -0.0094 -0.9997
vn 0.0406 0.0179 -0.9990
vn 0.0294 0.0008 -0.9996
vn 0.0312 0.0091 -0.9995
vn 0.0387 0.0239 -0.9990
vn 0.0335 0.0164 -0.9993
vn 0.0206 0.0224 -0.9995
vn 0.0547 0.0079 -0.9985
vn 0.1200 -0.0757 -0.9899
vn 0.0484 0.0131 -0.9987
vn 0.1933 -0.2792 -0.9406
vn 0.3660 -0.5692 -0.7362
vn 0.2687 -0.2630 -0.9266
vn 0.1014 -0.9783 -0.1807
vn 0.0014 -0.8538 0.5207
vn -0.0608 -0.3358 0.9400
vn -0.0149 -0.0902 0.9958
vn -0.1416 -0.4391 0.8872
vn -0.0046 0.0047 1.0000
vn 0.0102 -0.0127 0.9999
vn 0.0084 -0.0292 0.9995
vn 0.0138 -0.0073 0.9999
vn 0.0140 -0.0384 0.9992
vn 0.0212 -0.0291 0.9994
vn -0.0006 -0.0547 0.9985
vn -0.0012 -0.0868 0.9962
vn 0.0056 -0.0789 0.9969
vn 0.0027 -0.1005 0.9949
vn 0.0057 -0.1738 0.9848
vn 0.0038 -0.1311 0.9914
vn -0.0136 -0.3338 0.9425
vn -0.1080 -0.5745 0.8113
vn 0.0324 -0.3390 0.9402
vn 0.0490 -0.9341 0.3535
vn 0.0837 -0.7782 0.6224
vn -0.0905 -0.8998 0.4268
vn 0.1090 -0.6437 0.7575
vn 0.0822 -0.4286 0.8997
vn 0.1015 -0.8148 0.5708
vn 0.0650 -0.6186 0.7830
vn 0.0347 -0.5724 0.8192
vn 0.0886 -0.6901 0.7183
vn 0.0133 -0.7710 0.6367
vn -0.0149 -0.7697 0.6382
vn 0.0353 -0.8020 0.5963
vn 0.0009 -0.7834 0.6215
vn -0.0136 -0.7871 0.6167
vn 0.0074 -0.7740 0.6331
vn 0.0314 -0.4768 0.8784
vn 0.0257 -0.4873 0.8729
vn 0.0310 -0.4593 0.8877
vn 0.0206 -0.1929 -0.9810
vn 0.0277 -0.2000 -0.9794
vn 0.0221 -0.3540 -0.9350
vn 0.0151 -0.3855 -0.9226
vn 0.0081 -0.5597 -0.8287
vn 0.0024 -0.5858 -0.8105
vn -0.0146 -0.6954 -0.7185
vn -0.0106 -0.7164 -0.6976
vn -0.0324 -0.4764 -0.8786
vn -0.0204 -0.4999 -0.8658
vn -0.0434 -0.4635 -0.8850
vn -0.0265 -0.0630 -0.9977
vn -0.0261 -0.0650 -0.9975
vn -0.1193 -0.0904 -0.9887
vn -0.0378 0.0397 -0.9985
vn -0.0181 0.0447 -0.9988
vn -0.0427 0.0190 -0.9989
vn -0.0286 0.0226 -0.9993
vn -0.0252 0.0253 -0.9994
vn -0.0262 0.0190 -0.9995
vn -0.0180 0.0176 -0.9997
vn -0.0190 0.0270 -0.9995
vn -0.0234 0.0141 -0.9996
vn -0.0178 0.0113 -0.9998
vn -0.0227 0.0117 -0.9997
vn -0.0197 0.0064 -0.9998
vn -0.0198 0.0120 -0.9997
vn -0.0177 0.0015 -0.9998
vn -0.0087 -0.0011 -1.0000
vn -0.0068 -0.0096 -0.9999
vn -0.0102 -0.0052 -0.9999
vn 0.0033 -0.0072 -1.0000
vn 0.0039 0.0025 -1.0000
vn -0.0027 0.0092 -1.0000
vn 0.0241 0.0068 -0.9997
vn 0.0149 0.0012 -0.9999
vn 0.0415 0.0267 -0.9988
vn 0.0304 0.0112 -0.9995
vn 0.0383 0.0304 -0.9988
vn 0.0360 0.0270 -0.9990
vn 0.0269 0.0114 -0.9996
vn 0.0349 0.0354 -0.9988
vn 0.0306 0.0275 -0.9992
vn 0.0355 0.0275 -0.9990
vn 0.0342 0.0132 -0.9993
vn 0.0323 0.0363 -0.9988
vn 0.0224 0.0302 -0.9993
vn 0.0329 -0.0061 -0.9994
vn 0.0202 0.0500 -0.9985
vn 0.0789 -0.0200 -0.9967
vn 0.0278 0.0110 -0.9996
vn 0.1435 -0.1042 -0.9842
vn 0.2459 -0.2658 -0.9322
vn 0.4174 -0.5477 -0.7251
vn 0.1879 -0.2145 -0.9585
vn 0.5587 -0.7892 0.2549
vn 0.5101 -0.8220 0.2532
vn 0.3475 -0.5131 -0.7849
vn 0.1265 -0.1517 -0.9803
vn 0.2995 -0.4519 -0.8403
vn 0.0992 -0.1177 -0.9881
vn 0.0101 0.0302 -0.9995
vn 0.0293 0.0265 -0.9992
vn 0.1155 -0.1001 -0.9882
vn 0.0553 0.0044 -0.9985
vn 0.0388 -0.0008 -0.9992
vn 0.0425 0.0247 -0.9988
vn 0.0508 -0.0232 -0.9984
vn 0.0326 0.0251 -0.9992
vn 0.0354 0.0129 -0.9993
vn 0.0273 0.0221 -0.9994
vn 0.0173 0.0141 -0.9998
vn 0.0111 0.0244 -0.9996
vn 0.0395 -0.0175 -0.9991
vn 0.0277 0.0015 -0.9996
vn 0.0107 0.0143 -0.9998
vn 0.0053 0.0238 -0.9997
vn 0.0022 0.0105 -0.9999
vn 0.0024 0.0249 -0.9997
vn 0.0050 0.0077 -1.0000
vn -0.0148 0.0006 -0.9999
vn -0.0053 0.0006 -1.0000
vn -0.0029 0.0260 -0.9997
vn 0.0019 -0.0026 -1.0000
vn 0.0060 0.0276 -0.9996
vn -0.0048 0.0140 -0.9999
vn 0.0025 0.0201 -0.9998
vn 0.0111 0.0270 -0.9996
vn 0.0063 0.0289 -0.9996
vn -0.0093 0.0044 -0.9999
vn -0.0076 0.0154 -0.9999
vn 0.0046 0.0365 -0.9993
vn -0.0061 0.0250 -0.9997
vn 0.0071 0.0259 -0.9996
vn 0.0025 0.0272 -0.9996
vn 0.0022 0.0396 -0.9992
vn -0.0050 0.0335 -0.9994
vn 0.0031 0.0395 -0.9992
vn -0.0005 0.0408 -0.9992
vn -0.0124 0.0369 -0.9992
vn 0.0055 0.0467 -0.9989
vn -0.0036 0.0443 -0.9990
vn -0.0182 0.0309 -0.9994
vn 0.0001 0.0502 -0.9987
vn -0.0129 0.0395 -0.9991
vn -0.0190 0.0407 -0.9990
vn -0.0091 0.0462 -0.9989
vn -0.0147 0.0408 -0.9991
vn -0.0180 -0.0759 -0.9970
vn -0.0129 0.0423 -0.9990
vn -0.0125 -0.0982 -0.9951
vn -0.0116 -0.5307 -0.8475
vn -0.0177 -0.1257 -0.9919
vn -0.0184 -0.5623 -0.8268
vn -0.0070 -0.7265 -0.6871
vn -0.0092 -0.7326 -0.6806
vn -0.0340 -0.5982 -0.8006
vn -0.0127 -0.7472 -0.6645
vn 0.0027 -0.6096 -0.7927
vn -0.0017 -0.5991 -0.8007
vn 0.0037 -0.6259 -0.7799
vn -0.0188 -0.7726 -0.6346
vn -0.0002 -0.6471 -0.7624
vn 0.0167 -0.4547 -0.8905
vn 0.0179 -0.4358 -0.8999
vn 0.0164 -0.4728 -0.8810
vn -0.0038 -0.6737 -0.7390
vn 0.0166 -0.4961 -0.8681
vn 0.0279 -0.2551 -0.9665
vn 0.0294 -0.2427 -0.9697
vn 0.0270 -0.2636 -0.9643
vn 0.0089 -0.5235 -0.8520
vn 0.0273 -0.2777 -0.9603
vn 0.0198 -0.2975 -0.9545
vn 0.0105 -0.3089 -0.9510
vn 0.0123 -0.3172 -0.9483
vn 0.0038 -0.5686 -0.8226
vn 0.0009 -0.5924 -0.8056
vn 0.0032 -0.5479 -0.8365
vn -0.0129 -0.7256 -0.6880
vn -0.0109 -0.7524 -0.6586
vn -0.0099 -0.7003 -0.7138
vn -0.0260 -0.8203 -0.5713
vn -0.0266 -0.8376 -0.5457
vn -0.0239 -0.8003 -0.5991
vn -0.0570 -0.6996 -0.7123
vn -0.0512 -0.7546 -0.6542
vn -0.0501 -0.6439 -0.7635
vn -0.0543 -0.1751 -0.9830
vn -0.0675 -0.2140 -0.9745
vn -0.0337 -0.1512 -0.9879
vn -0.0222 0.0470 -0.9986
vn -0.0328 0.0610 -0.9976
vn -0.0152 0.0435 -0.9989
vn -0.0151 0.0498 -0.9986
vn -0.0216 0.0470 -0.9987
vn -0.0095 0.0498 -0.9987
vn -0.0017 0.0633 -0.9980
vn -0.0117 0.0681 -0.9976
vn 0.0016 0.0567 -0.9984
vn 0.0068 0.0535 -0.9985
vn 0.0008 0.0555 -0.9985
vn 0.0070 0.0511 -0.9987
vn 0.0058 0.0378 -0.9993
vn 0.0027 0.0371 -0.9993
vn 0.0068 0.0384 -0.9992
vn 0.0007 0.0257 -0.9997
vn 0.0001 0.0222 -0.9998
vn 0.0003 0.0281 -0.9996
vn -0.0003 0.0049 -1.0000
vn -0.0043 0.0085 -1.0000
vn 0.0036 -0.0012 -1.0000
vn 0.0070 0.0006 -1.0000
vn 0.0069 0.0039 -1.0000
vn 0.0045 -0.0049 -1.0000
vn 0.0072 0.0004 -1.0000
vn 0.0061 -0.0043 -1.0000
vn 0.0093 -0.0023 -1.0000
vn -0.0043 -0.0050 -1.0000
vn -0.0190 0.0241 -0.9995
vn 0.0132 0.0216 -0.9997
vn -0.0131 0.0269 -0.9996
vn 0.0185 0.0517 -0.9985
vn -0.0458 0.0568 -0.9973
vn 0.0273 0.0139 -0.9995
vn 0.0696 -0.0007 -0.9976
vn 0.0643 -0.0126 -0.9978
vn 0.1068 -0.0365 -0.9936
vn 0.0778 -0.0426 -0.9961
vn 0.1809 -0.0956 -0.9788
vn 0.0994 -0.0733 -0.9923
vn 0.2852 -0.1914 -0.9392
vn 0.3086 -0.3223 -0.8949
vn 0.4433 -0.4595 -0.7696
vn 0.7949 -0.6066 0.0118
vn 0.4027 -0.5971 -0.6938
vn 0.0792 -0.2638 0.9613
vn 0.1607 -0.2348 0.9587
vn 0.2184 -0.2991 0.9289
vn 0.1050 -0.3233 0.9405
vn 0.1018 -0.2344 0.9668
vn 0.0323 -0.1394 0.9897
vn 0.0413 -0.1664 0.9852
vn 0.1444 -0.2711 0.9517
vn 0.0370 -0.1347 0.9902
vn 0.1752 -0.3060 0.9358
vn 0.0461 -0.1466 0.9881
vn 0.1453 -0.3017 0.9423
vn 0.0676 -0.1609 0.9846
vn 0.2614 -0.3117 0.9135
vn 0.0891 -0.1718 0.9811
vn 0.0562 -0.1341 0.9894
vn 0.0377 -0.1295 0.9909
vn 0.0181 -0.1814 0.9832
vn -0.0535 -0.2195 0.9741
vn 0.0383 -0.1210 0.9919
vn -0.2050 -0.2843 0.9366
vn -0.2415 -0.3603 0.9010
vn -0.1047 -0.4467 0.8885
vn 0.0300 -0.4139 0.9098
vn -0.1430 -0.3805 0.9137
vn -0.0358 -0.1167 0.9925
vn 0.0199 -0.0323 0.9993
vn 0.0195 -0.0309 0.9993
vn 0.0169 -0.0412 0.9990
vn 0.0214 -0.0303 0.9993
vn -0.0829 -0.1438 0.9861
vn -0.1770 -0.2357 0.9556
vn -0.1353 -0.2396 0.9614
vn 0.0246 -0.0351 0.9991
vn -0.1227 -0.2682 0.9555
vn -0.0102 -0.1692 0.9855
vn 0.0204 -0.1456 0.9891
vn 0.0070 -0.1080 0.9941
vn 0.0219 -0.1127 0.9934
vn 0.0205 -0.1066 0.9941
vn 0.0070 -0.1082 0.9941
vn 0.0167 -0.1144 0.9933
vn 0.0251 -0.1182 0.9927
vn 0.0224 -0.1223 0.9922
vn 0.0162 -0.1080 0.9940
vn 0.0239 -0.1182 0.9927
vn 0.0206 -0.1221 0.9923
vn 0.0232 -0.1153 0.9931
vn 0.0265 -0.1140 0.9931
vn 0.0278 -0.1243 0.9919
vn 0.0174 -0.0994 0.9949
vn 0.0294 -0.1085 0.9937
vn 0.0246 -0.1183 0.9927
vn 0.0338 -0.1391 0.9897
vn 0.0339 -0.1189 0.9923
vn 0.0420 -0.1266 0.9911
vn 0.0761 -0.1538 0.9852
vn 0.0397 -0.0948 0.9947
vn 0.0773 -0.0999 0.9920
vn 0.2825 -0.2519 0.9256
vn 0.0457 -0.0777 0.9959
vn 0.4334 -0.4608 0.7745
vn 0.6511 -0.5726 -0.4981
vn 0.5195 -0.6983 0.4924
vn 0.4476 -0.4686 -0.7616
vn 0.0478 -0.1454 0.9882
vn 0.1424 -0.2765 0.9504
vn 0.5577 -0.8207 0.1240
vn 0.3033 -0.3330 -0.8928
vn 0.5793 -0.8101 -0.0902
vn 0.2288 -0.2222 -0.9478
vn 0.2331 -0.3773 0.8963
vn 0.0525 -0.5095 0.8589
vn 0.0131 -0.0502 0.9987
vn -0.0654 -0.0656 0.9957
vn 0.0117 -0.0552 0.9984
vn 0.0285 -0.0790 0.9965
vn 0.0031 -0.0686 0.9976
vn -0.0074 -0.0565 0.9984
vn 0.0241 -0.0916 0.9955
vn 0.0100 -0.0660 0.9978
vn 0.0298 -0.0994 0.9946
vn 0.0396 -0.1072 0.9934
vn 0.0400 -0.1195 0.9920
vn 0.0407 -0.1122 0.9929
vn 0.0415 -0.1218 0.9917
vn 0.0460 -0.1207 0.9916
vn 0.0345 -0.1267 0.9913
vn 0.0457 -0.1101 0.9929
vn 0.0467 -0.1026 0.9936
vn 0.0412 -0.1095 0.9931
vn 0.0267 -0.1099 0.9936
vn 0.0335 -0.1085 0.9935
vn 0.0163 -0.0994 0.9949
vn 0.0277 -0.1001 0.9946
vn 0.0041 -0.1032 0.9946
vn 0.0228 -0.1099 0.9937
vn 0.0426 -0.1151 0.9924
vn -0.0024 -0.1143 0.9934
vn -0.0044 -0.1360 0.9907
vn 0.0362 -0.1195 0.9922
vn -0.0306 -0.1291 0.9912
vn 0.0323 -0.1122 0.9932
vn -0.0666 -0.1135 0.9913
vn -0.0415 -0.0485 0.9980
vn -0.0362 -0.0973 0.9946
vn -0.0119 -0.0619 0.9980
vn 0.0062 -0.0161 0.9999
vn 0.0194 -0.0227 0.9996
vn 0.0137 -0.0077 0.9999
vn 0.0075 -0.0043 1.0000
vn 0.0168 -0.0194 0.9997
vn 0.0099 -0.0243 0.9997
vn 0.0132 -0.0218 0.9997
vn 0.0215 -0.0298 0.9993
vn 0.0159 -0.0389 0.9991
vn 0.0205 -0.0405 0.9990
vn 0.0119 -0.0572 0.9983
vn 0.0186 -0.0591 0.9981
vn 0.0053 -0.0847 0.9964
vn 0.0015 -0.1070 0.9943
vn -0.0035 -0.1448 0.9895
vn -0.0064 -0.1012 0.9948
vn -0.0003 -0.2325 0.9726
vn 0.0175 -0.1810 0.9833
vn 0.0069 -0.0824 0.9966
vn 0.0681 -0.5906 0.8041
vn 0.0560 -0.6125 0.7885
vn 0.0176 -0.1893 0.9818
vn 0.0119 -0.0749 0.9971
vn 0.0161 -0.2295 0.9732
vn 0.0050 -0.0668 0.9978
vn 0.0580 -0.7035 0.7083
vn 0.0969 -0.8076 0.5817
vn 0.0536 -0.3216 0.9453
vn 0.0227 -0.0795 0.9966
vn 0.0578 -0.4285 0.9017
vn 0.0184 -0.1085 0.9939
vn 0.0098 -0.0292 0.9995
vn 0.0059 -0.1194 0.9928
vn -0.0045 -0.0392 0.9992
vn -0.0174 -0.0305 0.9994
vn -0.0023 -0.0623 0.9981
vn -0.0168 -0.0809 0.9966
vn 0.0121 -0.1227 0.9924
vn 0.0277 -0.1285 0.9913
vn 0.0196 -0.0809 0.9965
vn 0.0208 -0.1064 0.9941
vn 0.0322 -0.0888 0.9955
vn 0.0330 -0.1082 0.9936
vn 0.0230 -0.1095 0.9937
vn 0.0285 -0.1072 0.9938
vn 0.0285 -0.1105 0.9935
vn 0.0272 -0.1117 0.9934
vn 0.0265 -0.1090 0.9937
vn 0.0197 -0.1093 0.9938
vn 0.0346 -0.1154 0.9927
vn 0.0284 -0.1101 0.9935
vn 0.0233 -0.1005 0.9947
vn 0.0374 -0.1129 0.9929
vn 0.0241 -0.0919 0.9955
vn 0.0364 -0.1107 0.9932
vn 0.0268 -0.0896 0.9956
vn 0.0397 -0.1044 0.9937
vn 0.0397 -0.1189 0.9921
vn 0.0309 -0.0937 0.9951
vn 0.0309 -0.0944 0.9951
vn 0.0236 -0.0996 0.9948
vn 0.0284 -0.1234 0.9919
vn 0.0092 -0.1107 0.9938
vn 0.0250 -0.1165 0.9929
vn 0.0388 -0.1115 0.9930
vn 0.0207 -0.0977 0.9950
vn 0.0399 -0.1047 0.9937
vn 0.0450 -0.1147 0.9924
vn 0.0007 -0.1126 0.9936
vn 0.0311 -0.1098 0.9935
vn -0.0238 -0.1111 0.9935
vn -0.0417 -0.1161 0.9924
vn -0.0333 -0.1141 0.9929
vn -0.0096 -0.1044 0.9945
vn -0.0300 -0.1140 0.9930
vn -0.0481 -0.1123 0.9925
vn -0.0625 -0.0822 0.9947
vn -0.0322 -0.1197 0.9923
vn -0.0722 -0.1172 0.9905
vn -0.1318 -0.1126 0.9849
vn -0.0230 -0.1318 0.9910
vn -0.0560 -0.1410 0.9884
vn -0.0110 -0.1223 0.9924
vn -0.0249 -0.1348 0.9906
vn -0.0236 -0.1412 0.9897
vn -0.0167 -0.1353 0.9907
vn -0.0056 -0.1338 0.9910
vn -0.0108 -0.1228 0.9924
vn -0.0140 -0.1503 0.9885
vn -0.0054 -0.1520 0.9884
vn -0.0021 -0.1281 0.9918
vn -0.0036 -0.1487 0.9889
vn -0.0013 -0.1634 0.9866
vn -0.0028 -0.1657 0.9862
vn -0.0092 -0.1551 0.9879
vn -0.0077 -0.1465 0.9892
vn -0.0031 -0.1518 0.9884
vn 0.0091 -0.1843 0.9828
vn -0.0022 -0.1422 0.9898
vn -0.0156 -0.1201 0.9926
vn -0.0062 -0.1471 0.9891
vn 0.0113 -0.1899 0.9817
vn 0.0075 -0.1911 0.9815
vn 0.0089 -0.1952 0.9807
vn -0.0142 -0.1445 0.9894
vn 0.0024 -0.2012 0.9795
vn 0.1457 -0.6501 0.7457
vn 0.1692 -0.8323 0.5279
vn 0.1893 -0.6274 -0.7553
vn 0.2635 -0.8601 -0.4368
vn 0.0533 -0.0151 -0.9985
vn 0.0802 -0.1339 -0.9878
vn 0.0532 0.0195 -0.9984
vn 0.0545 0.0349 -0.9979
vn 0.0448 0.0613 -0.9971
vn 0.0331 0.0230 -0.9992
vn 0.0499 0.0553 -0.9972
vn 0.0453 0.0593 -0.9972
vn 0.0352 0.0590 -0.9976
vn 0.0494 0.0750 -0.9960
vn 0.0322 0.0520 -0.9981
vn 0.0390 0.0530 -0.9978
vn 0.0463 0.0855 -0.9953
vn 0.0403 0.0650 -0.9971
vn 0.0443 0.0772 -0.9960
vn 0.0381 0.0671 -0.9970
vn 0.0374 0.0599 -0.9975
vn 0.0501 0.0972 -0.9940
vn 0.0434 0.0715 -0.9965
vn 0.0371 0.0704 -0.9968
vn 0.0377 0.0615 -0.9974
vn 0.0366 0.0699 -0.9969
vn 0.0394 0.0893 -0.9952
vn 0.0329 0.0747 -0.9967
vn 0.0316 0.0723 -0.9969
vn 0.0307 0.0643 -0.9975
vn 0.0291 0.0714 -0.9970
vn 0.0222 0.0781 -0.9967
vn 0.0198 0.0705 -0.9973
vn 0.0238 0.0636 -0.9977
vn 0.0297 0.0588 -0.9978
vn 0.0165 0.0677 -0.9976
vn 0.0029 0.0713 -0.9975
vn -0.0002 0.0697 -0.9976
vn 0.0103 0.0686 -0.9976
vn 0.0186 0.0650 -0.9977
vn -0.0053 0.0721 -0.9974
vn -0.0195 0.0677 -0.9975
vn -0.0243 0.0771 -0.9967
vn -0.0144 0.0757 -0.9970
vn -0.0010 0.0648 -0.9979
vn -0.0347 0.0823 -0.9960
vn -0.0469 0.0789 -0.9958
vn -0.0371 0.0819 -0.9959
vn -0.0358 0.0733 -0.9967
vn -0.0243 0.0731 -0.9970
vn -0.0370 0.0755 -0.9965
vn -0.0433 0.0787 -0.9960
vn -0.0565 0.0779 -0.9954
vn -0.0510 0.0834 -0.9952
vn -0.0385 0.0758 -0.9964
vn -0.0581 0.0854 -0.9947
vn -0.0465 0.0828 -0.9955
vn -0.0360 0.0862 -0.9956
vn -0.0481 0.0755 -0.9960
vn -0.0554 0.0780 -0.9954
vn -0.0367 0.0763 -0.9964
vn -0.0240 0.0882 -0.9958
vn -0.0496 0.0830 -0.9953
vn -0.0414 0.0744 -0.9964
vn -0.0458 0.0748 -0.9961
vn -0.0334 0.0663 -0.9972
vn -0.0446 0.0703 -0.9965
vn -0.0330 0.0770 -0.9965
vn -0.0446 0.0759 -0.9961
vn -0.0505 0.0677 -0.9964
vn -0.0553 0.1387 -0.9888
vn -0.0478 0.1403 -0.9890
vn -0.0633 0.1762 -0.9823
vn -0.0650 0.1678 -0.9837
vn -0.0559 0.1313 -0.9898
vn -0.0540 -0.2629 -0.9633
vn -0.0601 -0.3683 -0.9278
vn -0.0276 -0.8336 -0.5516
vn -0.0320 -0.8652 -0.5003
vn -0.0216 -0.9082 -0.4180
vn -0.0208 -0.8891 -0.4572
vn -0.0147 -0.8125 -0.5828
vn -0.0162 -0.7914 -0.6111
vn -0.0092 -0.8340 -0.5517
vn -0.0035 -0.6532 -0.7571
vn -0.0048 -0.6324 -0.7746
vn -0.0048 -0.6692 -0.7431
vn 0.0196 -0.6573 -0.7533
vn 0.0185 -0.3623 -0.9319
vn 0.0090 -0.3624 -0.9320
vn 0.0382 -0.3596 -0.9323
vn 0.0231 -0.6288 -0.7773
vn 0.0414 -0.3428 -0.9385
vn -0.0690 -0.3303 -0.9413
vn -0.1820 -0.3178 -0.9305
vn -0.1833 -0.3101 -0.9329
vn -0.1935 -0.5874 -0.7859
vn -0.1911 -0.5758 -0.7949
vn -0.0928 -0.6108 -0.7863
vn -0.1302 -0.8146 -0.5652
vn -0.2123 -0.7913 -0.5733
vn -0.0211 -0.8393 -0.5432
vn -0.1804 -0.9432 -0.2788
vn -0.2235 -0.9742 0.0325
vn -0.2439 -0.9696 0.0174
vn -0.2347 -0.9261 -0.2952
vn -0.2420 -0.9206 0.3066
vn -0.2449 -0.9237 0.2945
vn -0.1303 -0.9338 0.3333
vn -0.1147 -0.7968 0.5933
vn -0.2349 -0.7949 0.5594
vn -0.0226 -0.9253 0.3785
vn -0.0127 -0.7874 0.6163
vn -0.0165 -0.8978 0.4402
vn -0.0124 -0.7675 0.6409
vn -0.0144 -0.8670 0.4981
vn -0.0082 -0.7394 0.6732
vn -0.0177 -0.9219 0.3870
vn -0.0147 -0.9156 0.4018
vn -0.0106 -0.8388 0.5444
vn -0.0180 -0.8377 0.5459
vn -0.0215 -0.8713 0.4903
vn -0.0219 -0.9056 0.4236
vn -0.0246 -0.4261 0.9043
vn -0.0225 -0.5234 0.8518
vn -0.0272 -0.1192 0.9925
vn -0.0209 -0.1294 0.9914
vn -0.0320 -0.1166 0.9927
vn -0.0190 -0.1054 0.9943
vn -0.0541 -0.1262 0.9905
vn -0.1003 -0.1372 0.9854
vn -0.0524 -0.1123 0.9923
vn -0.0282 -0.1199 0.9924
vn -0.1076 -0.1234 0.9865
vn -0.1058 -0.1199 0.9871
vn -0.0505 -0.1108 0.9926
vn -0.1428 -0.1236 0.9820
vn -0.1702 -0.1292 0.9769
vn -0.1462 -0.1132 0.9828
vn -0.0903 -0.1057 0.9903
vn -0.1897 -0.1277 0.9735
vn -0.3032 -0.1644 0.9386
vn -0.2227 -0.1427 0.9644
vn -0.2142 -0.1454 0.9659
vn -0.1578 -0.1290 0.9790
vn -0.2473 -0.1562 0.9563
vn -0.5174 -0.2168 0.8278
vn -0.2551 -0.1600 0.9536
vn -0.2155 -0.1526 0.9645
vn -0.6589 -0.2525 0.7086
vn -0.9555 -0.2929 0.0363
vn -0.8185 -0.1862 -0.5435
vn -0.6712 -0.2758 0.6881
vn -0.2429 -0.1625 0.9563
vn -0.7982 -0.2128 -0.5635
vn -0.8625 -0.2061 -0.4622
vn -0.5983 -0.2410 0.7641
vn -0.0914 0.0535 -0.9944
vn -0.1225 0.0504 -0.9912
vn -0.0775 0.0733 -0.9943
vn -0.0408 0.0856 -0.9955
vn -0.0443 0.0741 -0.9963
vn -0.0240 0.0836 -0.9962
vn -0.0422 0.0824 -0.9957
vn -0.0628 0.0716 -0.9955
vn -0.0471 0.0825 -0.9955
vn -0.0367 0.0808 -0.9961
vn -0.0607 0.0751 -0.9953
vn -0.0365 0.0806 -0.9961
vn -0.0379 0.0782 -0.9962
vn -0.0423 0.0746 -0.9963
vn -0.0302 0.0713 -0.9970
vn -0.0165 0.0817 -0.9965
vn -0.0328 0.0805 -0.9962
vn -0.0122 0.0780 -0.9969
vn -0.0012 0.0798 -0.9968
vn -0.0200 0.0817 -0.9965
vn 0.0111 0.0797 -0.9968
vn 0.0130 0.0906 -0.9958
vn -0.0063 0.0883 -0.9961
vn 0.0272 0.0916 -0.9954
vn 0.0226 0.0725 -0.9971
vn -0.0007 0.0702 -0.9975
vn 0.0400 0.0863 -0.9955
vn 0.0346 0.0375 -0.9987
vn 0.0198 0.0397 -0.9990
vn 0.0508 0.0689 -0.9963
vn 0.0499 0.0377 -0.9980
vn 0.0348 0.0366 -0.9987
vn 0.0514 0.0650 -0.9966
vn 0.1818 -0.0767 -0.9803
vn 0.0392 0.0643 -0.9972
vn 0.0537 0.0425 -0.9976
vn 0.7702 0.2258 -0.5965
vn -0.0450 -0.5420 0.8392
vn 0.0328 -0.7627 -0.6459
vn 0.0433 -0.0263 -0.9987
vn 0.0704 -0.0622 -0.9956
vn 0.0311 0.0777 -0.9965
vn 0.0188 0.0303 -0.9994
vn 0.0316 0.0860 -0.9958
vn 0.0275 0.0803 -0.9964
vn 0.0311 0.0861 -0.9958
vn 0.0070 0.0824 -0.9966
vn 0.0226 0.0902 -0.9957
vn 0.0168 0.0648 -0.9978
vn 0.0251 0.0461 -0.9986
vn 0.0192 0.0827 -0.9964
vn -0.0264 0.0883 -0.9957
vn -0.0143 0.0836 -0.9964
vn 0.0096 0.0800 -0.9968
vn 0.0020 0.0635 -0.9980
vn -0.0050 0.0877 -0.9961
vn -0.0142 0.0882 -0.9960
vn -0.0067 0.0749 -0.9972
vn -0.0455 0.0888 -0.9950
vn -0.0357 0.0823 -0.9960
vn -0.0183 0.0839 -0.9963
vn -0.0290 0.0807 -0.9963
vn -0.0518 0.0821 -0.9953
vn -0.0618 0.0843 -0.9945
vn -0.0542 0.0794 -0.9954
vn -0.0548 0.0789 -0.9954
vn -0.0795 0.0741 -0.9941
vn -0.0606 0.0684 -0.9958
vn -0.0732 0.0674 -0.9950
vn -0.1862 0.0546 -0.9810
vn -0.1778 0.0391 -0.9833
vn -0.0735 0.0702 -0.9948
vn -0.1578 0.0436 -0.9865
vn -0.9434 -0.2226 -0.2458
vn -0.9208 -0.2140 -0.3262
vn -0.4450 -0.1959 0.8738
vn -0.5020 -0.2077 0.8396
vn -0.1826 -0.1449 0.9725
vn -0.2164 -0.1569 0.9636
vn -0.1549 -0.1401 0.9780
vn -0.0809 -0.1243 0.9889
vn -0.1121 -0.1359 0.9844
vn -0.0846 -0.1218 0.9889
vn -0.0276 -0.1025 0.9944
vn -0.0231 -0.1117 0.9935
vn -0.0948 -0.1350 0.9863
vn -0.0508 -0.1180 0.9917
vn -0.0878 -0.1315 0.9874
vn -0.0634 -0.1311 0.9893
vn -0.0632 -0.1285 0.9897
vn -0.0452 -0.1191 0.9919
vn -0.0318 -0.1190 0.9924
vn -0.0681 -0.1213 0.9903
vn -0.0492 -0.1238 0.9911
vn -0.0285 -0.1189 0.9925
vn -0.0322 -0.1226 0.9919
vn -0.0383 -0.1319 0.9905
vn -0.0181 -0.1263 0.9918
vn -0.0137 -0.1033 0.9946
vn -0.0363 -0.1554 0.9872
vn -0.0188 -0.1741 0.9845
vn -0.0278 -0.1321 0.9908
vn -0.0204 -0.1326 0.9910
vn -0.0335 -0.1214 0.9920
vn -0.0229 -0.1047 0.9942
vn -0.0812 -0.1401 0.9868
vn -0.1712 -0.0978 0.9804
vn -0.0503 -0.1666 0.9847
vn -0.0186 -0.1516 0.9883
vn -0.0115 -0.2372 0.9714
vn -0.0088 -0.1469 0.9891
vn -0.0196 -0.7303 0.6829
vn -0.0157 -0.1159 0.9931
vn -0.0066 -0.1522 0.9883
vn -0.0131 -0.1472 0.9890
vn 0.0063 -0.1913 0.9815
vn -0.0102 -0.1547 0.9879
vn -0.0041 -0.1675 0.9859
vn -0.0182 -0.1483 0.9888
vn -0.0117 -0.1406 0.9900
vn -0.0206 -0.1534 0.9880
vn -0.0194 -0.1367 0.9904
vn -0.0164 -0.1555 0.9877
vn -0.0132 -0.1363 0.9906
vn -0.0164 -0.1319 0.9911
vn -0.0181 -0.1285 0.9915
vn -0.0130 -0.1399 0.9901
vn -0.0143 -0.1397 0.9901
vn -0.0106 -0.1514 0.9884
vn -0.0172 -0.1442 0.9894
vn -0.0169 -0.1327 0.9910
vn -0.0115 -0.1465 0.9891
vn -0.0272 -0.1307 0.9910
vn -0.0270 -0.1161 0.9929
vn 0.0024 -0.1333 0.9911
vn -0.0079 -0.1118 0.9937
vn -0.0328 -0.1282 0.9912
vn -0.0103 -0.1226 0.9924
vn -0.0189 -0.1221 0.9923
vn -0.0186 -0.1129 0.9934
vn -0.0159 -0.1147 0.9933
vn -0.0091 -0.1088 0.9940
vn -0.0215 -0.1174 0.9928
vn -0.0135 -0.1073 0.9941
vn -0.0163 -0.1160 0.9931
vn -0.0218 -0.1166 0.9929
vn -0.0183 -0.1137 0.9934
vn -0.0156 -0.1028 0.9946
vn -0.0039 -0.1034 0.9946
vn -0.0072 -0.1159 0.9932
vn -0.0413 -0.1171 0.9923
vn -0.0253 -0.1282 0.9914
vn -0.0055 -0.1275 0.9918
vn -0.0336 -0.1157 0.9927
vn -0.0303 -0.1120 0.9932
vn 0.0043 -0.1039 0.9946
vn -0.0099 -0.1117 0.9937
vn 0.0186 -0.1074 0.9940
vn 0.0292 -0.1086 0.9937
vn -0.0098 -0.1116 0.9937
vn 0.0409 -0.1103 0.9931
vn 0.0344 -0.1048 0.9939
vn 0.0272 -0.1028 0.9943
vn 0.0322 -0.1126 0.9931
vn 0.0256 -0.1134 0.9932
vn 0.0301 -0.1127 0.9932
vn 0.0302 -0.1119 0.9933
vn 0.0331 -0.1114 0.9932
vn 0.0293 -0.1152 0.9929
vn 0.0319 -0.1017 0.9943
vn 0.0381 -0.1343 0.9902
vn 0.0336 -0.1298 0.9910
vn 0.0397 -0.1330 0.9903
vn 0.0786 -0.5520 0.8301
vn 0.0721 -0.5539 0.8295
vn 0.0704 -0.5413 0.8379
vn 0.1015 -0.9285 0.3573
vn 0.0974 -0.9308 0.3524
vn 0.0569 -0.5258 0.8487
vn 0.0965 -0.9228 0.3730
vn 0.0483 -0.4969 0.8665
vn 0.0947 -0.9076 0.4089
vn 0.1057 -0.8742 0.4738
vn 0.1123 -0.9848 0.1328
vn 0.1041 -0.9865 0.1264
vn 0.1067 -0.9818 0.1572
vn 0.1079 -0.9874 0.1161
vn 0.1060 -0.9844 0.1408
vn 0.0882 -0.9678 0.2356
vn 0.1044 -0.9867 0.1242
vn 0.0922 -0.9392 0.3308
vn 0.1048 -0.9824 0.1547
vn 0.1054 -0.9328 0.3446
vn 0.1042 -0.9809 0.1642
vn 0.1291 -0.9808 0.1461
vn 0.1199 -0.9809 0.1528
vn 0.1032 -0.9805 0.1673
vn 0.2442 -0.9660 0.0845
vn 0.1227 -0.9924 0.0072
vn 0.4945 -0.7536 -0.4330
vn 0.4046 0.2913 -0.8668
vn -0.0193 0.9282 -0.3715
vn -0.0901 0.9819 -0.1667
vn -0.0861 0.9594 -0.2686
vn -0.0636 0.9366 -0.3446
vn -0.1039 0.9740 -0.2012
vn -0.1001 0.9913 -0.0860
vn -0.1082 0.9824 -0.1522
vn -0.1136 0.9738 -0.1969
vn -0.1065 0.9655 -0.2375
vn -0.1113 0.9761 -0.1865
vn -0.1070 0.9849 -0.1361
vn -0.1048 0.9767 -0.1870
vn -0.1096 0.9652 -0.2373
vn -0.1162 0.9662 -0.2303
vn -0.1036 0.9642 -0.2440
vn -0.0986 0.9774 -0.1868
vn -0.0972 0.9612 -0.2582
vn -0.0976 0.9210 -0.3770
vn -0.1062 0.9302 -0.3514
vn -0.0949 0.9101 -0.4034
vn -0.1018 0.9560 -0.2752
vn -0.0936 0.8905 -0.4452
vn -0.0879 0.8083 -0.5822
vn -0.0886 0.8338 -0.5450
vn -0.0792 0.7724 -0.6301
vn -0.0899 0.8637 -0.4959
vn -0.0793 0.7366 -0.6716
vn -0.0673 0.6134 -0.7869
vn -0.0771 0.6511 -0.7550
vn -0.0756 0.5803 -0.8109
vn -0.0803 0.7168 -0.6926
vn -0.0803 0.5723 -0.8161
vn -0.0750 0.3244 -0.9429
vn -0.0564 0.3689 -0.9277
vn -0.0738 0.3261 -0.9424
vn -0.0707 0.5833 -0.8092
vn -0.0574 0.3518 -0.9343
vn -0.0615 0.0174 -0.9980
vn -0.0553 -0.0240 -0.9982
vn -0.0481 0.0833 -0.9954
vn -0.0501 0.3899 -0.9195
vn -0.0352 0.1298 -0.9909
vn -0.0433 -0.5858 -0.8093
vn 0.0596 -0.7917 -0.6080
vn -0.0828 -0.3028 -0.9495
vn -0.0330 0.1641 -0.9859
vn -0.0583 -0.1166 -0.9915
vn -0.1042 -0.9929 0.0575
vn 0.0051 -0.9468 0.3218
vn -0.1008 -0.9823 -0.1579
vn -0.0211 -0.0766 -0.9968
vn -0.0074 -0.2035 -0.9791
vn 0.0164 -0.5226 0.8524
vn 0.0230 -0.5622 0.8267
vn 0.0194 -0.4688 0.8831
vn 0.0244 -0.5077 0.8612
vn 0.0302 -0.4449 0.8951
vn 0.0357 -0.5104 0.8592
vn 0.0382 -0.6532 0.7562
vn 0.0383 -0.6309 0.7749
vn 0.0443 -0.6744 0.7371
vn 0.0484 -0.5093 0.8592
vn 0.0510 -0.6769 0.7343
vn 0.0468 -0.7839 0.6192
vn 0.0442 -0.7735 0.6322
vn 0.0518 -0.7838 0.6188
vn 0.0577 -0.6596 0.7494
vn 0.0578 -0.7736 0.6311
vn 0.0536 -0.8063 0.5891
vn 0.0461 -0.8067 0.5891
vn 0.0594 -0.8042 0.5914
vn 0.0534 -0.7577 0.6504
vn 0.0552 -0.7992 0.5985
vn 0.0580 -0.8031 0.5931
vn 0.0544 -0.7991 0.5988
vn 0.0550 -0.8080 0.5866
vn 0.0463 -0.7868 0.6155
vn 0.0527 -0.8075 0.5875
vn 0.0561 -0.7894 0.6113
vn 0.0564 -0.7842 0.6179
vn 0.0544 -0.7943 0.6051
vn 0.0805 -0.7978 0.5975
vn 0.0887 -0.7958 0.5991
vn 0.0571 -0.7491 0.6600
vn 0.0616 -0.7482 0.6606
vn 0.0839 -0.7561 0.6490
vn 0.2519 -0.7741 0.5808
vn 0.2300 -0.7575 0.6109
vn 0.0641 -0.6797 0.7307
vn 0.0639 -0.6625 0.7463
vn 0.1742 -0.7088 0.6835
vn 0.6106 -0.6251 0.4862
vn 0.5308 -0.6410 0.5544
vn 0.1094 -0.5763 0.8099
vn 0.0284 -0.5211 0.8530
vn 0.0603 0.2527 0.9657
vn -0.0047 0.3161 0.9487
vn -0.0050 0.9520 0.3061
vn -0.0240 0.9662 0.2567
vn -0.0039 0.9999 -0.0169
vn -0.0390 0.9991 -0.0158
vn 0.0228 0.9861 -0.1649
vn -0.0402 0.9833 -0.1777
vn 0.3184 0.9348 -0.1575
vn 0.8699 0.4929 -0.0190
vn 0.3753 0.8654 -0.3320
vn 0.0395 0.9232 -0.3823
vn 0.8944 0.4337 -0.1095
vn 0.9279 -0.2514 0.2752
vn 0.9525 -0.2143 0.2163
vn 0.9088 0.3601 -0.2108
vn 0.3991 0.7641 -0.5069
vn 0.9644 -0.2007 0.1720
vn 0.6577 -0.6002 0.4553
vn 0.9669 -0.1972 0.1622
vn 0.9090 0.2858 -0.3033
vn 0.6673 -0.5753 0.4730
vn 0.2533 -0.7628 0.5949
vn 0.2407 -0.7147 0.6567
vn 0.0691 -0.7672 0.6377
vn 0.0567 -0.6927 0.7190
vn 0.2125 -0.6174 0.7574
vn 0.0384 -0.7322 0.6801
vn 0.0356 -0.5896 0.8069
vn 0.0532 -0.6289 0.7757
vn 0.0556 -0.4835 0.8736
vn 0.0307 -0.4724 0.8809
vn 0.0508 -0.4967 0.8664
vn 0.0427 -0.4340 0.8999
vn 0.0547 -0.4455 0.8936
vn 0.0453 -0.4375 0.8981
vn -0.0178 -0.0730 -0.9972
vn -0.0208 -0.0641 -0.9977
vn -0.0220 -0.2125 -0.9769
vn -0.0117 -0.2439 -0.9697
vn -0.0059 -0.2424 -0.9702
vn -0.0203 -0.0770 -0.9968
vn -0.0424 0.2533 -0.9665
vn -0.0333 0.2730 -0.9614
vn -0.0414 0.2128 -0.9762
vn -0.0565 0.4904 -0.8697
vn -0.0567 0.5238 -0.8500
vn -0.0490 0.4402 -0.8965
vn -0.0665 0.6441 -0.7620
vn -0.0699 0.6791 -0.7307
vn -0.0659 0.6093 -0.7902
vn -0.0739 0.7415 -0.6668
vn -0.0766 0.7730 -0.6298
vn -0.0766 0.7204 -0.6893
vn -0.0826 0.8372 -0.5407
vn -0.0780 0.8553 -0.5122
vn -0.0885 0.8415 -0.5329
vn -0.0981 0.9348 -0.3413
vn -0.0912 0.9332 -0.3476
vn -0.1021 0.9455 -0.3091
vn -0.1089 0.9763 -0.1873
vn -0.1037 0.9751 -0.1963
vn -0.1005 0.9773 -0.1865
vn -0.0997 0.9833 -0.1524
vn -0.1052 0.9845 -0.1403
vn -0.1007 0.9842 -0.1459
vn -0.1046 0.9937 -0.0414
vn -0.1008 0.9936 -0.0516
vn -0.1079 0.9931 -0.0456
vn -0.1012 0.9742 0.2015
vn -0.1000 0.9494 0.2976
vn -0.0662 0.9978 -0.0071
vn -0.0454 0.6793 0.7325
vn -0.0541 0.2753 0.9598
vn -0.0116 -0.4962 0.8681
vn 0.0311 -0.6388 0.7687
vn 0.0459 -0.7359 0.6755
vn 0.0486 -0.7427 0.6679
vn 0.0364 -0.6497 0.7593
vn 0.0512 -0.7460 0.6640
vn 0.0497 -0.7733 0.6321
vn 0.0385 -0.5559 0.8304
vn 0.0514 -0.7413 0.6692
vn 0.0568 -0.7931 0.6065
vn -0.0595 -0.0841 0.9947
vn -0.0277 -0.3507 0.9361
vn 0.0332 -0.5925 0.8049
vn 0.0399 -0.7705 0.6361
vn -0.0219 0.5910 0.8064
vn -0.1716 0.9286 0.3289
vn -0.1364 0.7744 0.6178
vn -0.8321 -0.2707 0.4841
vn -0.1163 0.9572 -0.2650
vn -0.1096 0.9523 -0.2849
vn -0.1271 0.9622 -0.2409
vn 0.7117 -0.6898 -0.1330
vn -0.1162 0.9557 -0.2705
vn -0.1138 0.9468 -0.3009
vn -0.1151 0.9538 -0.2777
vn -0.1131 0.9610 -0.2523
vn -0.1197 0.9566 -0.2658
vn -0.1089 0.9474 -0.3010
vn -0.1205 0.9313 -0.3437
vn -0.1219 0.9505 -0.2857
vn -0.1141 0.9036 -0.4130
vn -0.1085 0.8452 -0.5232
vn -0.1139 0.8861 -0.4492
vn -0.1032 0.7978 -0.5941
vn -0.1049 0.8753 -0.4721
vn -0.0971 0.7640 -0.6378
vn -0.0971 0.6113 -0.7854
vn -0.0895 0.6587 -0.7471
vn -0.0853 0.5685 -0.8182
vn -0.0782 0.7298 -0.6792
vn -0.0585 0.5176 -0.8536
vn -0.0701 0.2745 -0.9590
vn -0.0818 0.3300 -0.9404
vn -0.0415 0.2182 -0.9750
vn -0.0683 0.4697 -0.8802
vn -0.0601 0.1504 -0.9868
vn -0.0331 0.0432 -0.9985
vn -0.0589 0.1085 -0.9923
vn -0.0554 -0.0420 -0.9976
vn -0.0583 0.0813 -0.9950
vn -0.0467 -0.1132 -0.9925
vn 0.0271 -0.7714 0.6358
vn 0.0168 -0.8084 0.5884
vn -0.0029 -0.7785 0.6277
vn 0.0129 -0.7327 0.6804
vn 0.0127 -0.6688 0.7433
vn 0.0342 -0.7171 0.6961
vn 0.0034 -0.5855 0.8107
vn 0.0277 -0.6346 0.7723
vn 0.0626 -0.7959 0.6022
vn 0.0485 -0.8262 0.5613
vn 0.0634 -0.7442 0.6649
vn 0.0808 -0.6313 0.7714
vn 0.0577 -0.6711 0.7391
vn 0.0773 -0.8107 0.5803
vn 0.0711 -0.8254 0.5600
vn 0.0749 -0.7706 0.6329
vn 0.0525 -0.6204 0.7825
vn 0.0628 -0.7147 0.6966
vn 0.0842 -0.8196 0.5667
vn 0.0804 -0.8232 0.5621
vn 0.0739 -0.8012 0.5938
vn 0.0503 -0.6702 0.7405
vn 0.0573 -0.7762 0.6278
vn 0.0795 -0.8299 0.5522
vn 0.0822 -0.8265 0.5569
vn 0.0654 -0.8231 0.5641
vn 0.0523 -0.7606 0.6471
vn 0.0618 -0.8143 0.5771
vn 0.0706 -0.8256 0.5599
vn 0.0787 -0.8221 0.5638
vn 0.0652 -0.8248 0.5617
vn 0.0557 -0.8101 0.5837
vn 0.0589 -0.8234 0.5643
vn 0.0628 -0.7989 0.5982
vn 0.0724 -0.7965 0.6003
vn 0.0587 -0.8026 0.5937
vn 0.0488 -0.8151 0.5773
vn 0.0563 -0.7974 0.6008
vn 0.0559 -0.7504 0.6586
vn 0.0595 -0.7470 0.6622
vn 0.0613 -0.7496 0.6590
vn 0.0556 -0.7844 0.6177
vn 0.0626 -0.7441 0.6652
vn 0.0607 -0.6564 0.7520
vn 0.0448 -0.6227 0.7812
vn 0.0670 -0.6694 0.7399
vn 0.0572 -0.7426 0.6673
vn 0.0658 -0.6662 0.7428
vn 0.0607 -0.0566 0.9966
vn 0.0354 0.0541 0.9979
vn 0.0728 -0.1458 0.9866
vn 0.0651 -0.6578 0.7504
vn 0.0618 -0.2264 0.9721
vn 0.0209 0.7396 0.6727
vn -0.0061 0.8166 0.5772
vn 0.0158 0.6674 0.7445
vn 0.0693 -0.3310 0.9411
vn 0.0151 0.5782 0.8158
vn -0.0206 0.9881 0.1526
vn -0.0280 0.9922 0.1214
vn -0.0330 0.9856 0.1658
vn -0.0053 0.5024 0.8646
vn -0.0335 0.9805 0.1935
vn -0.0363 0.9986 -0.0393
vn -0.0333 0.9973 -0.0647
vn -0.0396 0.9988 -0.0277
vn -0.0441 0.9789 -0.1996
vn -0.0407 0.9753 -0.2170
vn -0.0485 0.9137 -0.4034
vn -0.0433 0.9121 -0.4076
vn -0.0391 0.9176 -0.3957
vn -0.0419 0.8068 -0.5893
vn -0.0480 0.8060 -0.5899
vn 0.0368 0.8177 -0.5744
vn 0.0266 0.6905 -0.7228
vn -0.0508 0.6845 -0.7272
vn 0.4062 0.6343 -0.6578
vn 0.0477 0.4879 -0.8716
vn -0.0469 0.5057 -0.8614
vn 0.0703 0.1941 -0.9785
vn -0.0398 0.2422 -0.9694
vn 0.1847 -0.1720 -0.9676
vn 0.0020 -0.0716 -0.9974
vn -0.0283 -0.0370 -0.9989
vn -0.0504 0.2477 -0.9675
vn 0.0463 -0.2168 -0.9751
vn -0.0031 -0.1648 -0.9863
vn -0.0552 -0.1502 -0.9871
vn -0.0463 -0.0298 -0.9985
vn 0.0320 -0.4622 0.8862
vn -0.0111 -0.4436 0.8962
vn -0.0469 -0.1771 -0.9831
vn -0.0342 -0.0486 -0.9982
vn -0.0238 0.2676 -0.9632
vn -0.0326 0.2590 -0.9653
vn -0.0280 0.2747 -0.9611
vn -0.0359 0.5461 -0.8370
vn -0.0279 0.5429 -0.8394
vn -0.0459 0.5404 -0.8401
vn -0.0560 0.7211 -0.6906
vn -0.0422 0.7165 -0.6963
vn -0.0674 0.7077 -0.7033
vn -0.0695 0.8324 -0.5498
vn -0.0646 0.8436 -0.5331
vn -0.0756 0.8054 -0.5879
vn -0.0785 0.9030 -0.4223
vn -0.0704 0.9135 -0.4008
vn -0.0830 0.8819 -0.4641
vn -0.0862 0.9435 -0.3201
vn -0.0776 0.9518 -0.2967
vn -0.0829 0.9380 -0.3366
vn -0.0945 0.9738 -0.2069
vn -0.0902 0.9732 -0.2116
vn -0.0965 0.9754 -0.1982
vn -0.1007 0.9886 -0.1122
vn -0.1043 0.9879 -0.1150
vn -0.1028 0.9877 -0.1179
vn -0.0935 0.9954 0.0219
vn -0.1025 0.9920 0.0735
vn -0.0937 0.9951 -0.0310
vn -0.0589 0.8459 0.5300
vn -0.0487 0.7241 0.6880
vn -0.0834 0.9140 0.3970
vn 0.0098 0.1039 0.9945
vn 0.0201 -0.0409 0.9990
vn -0.0119 0.1880 0.9821
vn 0.0713 -0.6517 0.7551
vn 0.0727 -0.6308 0.7725
vn 0.0677 -0.7351 0.6746
vn 0.0718 -0.7254 0.6846
vn 0.0647 -0.7727 0.6315
vn 0.0719 -0.7749 0.6280
vn 0.0522 -0.7745 0.6304
vn 0.0544 -0.7979 0.6003
vn 0.0649 -0.7997 0.5969
vn 0.0500 -0.8005 0.5973
vn 0.0475 -0.8349 0.5484
vn 0.0547 -0.8253 0.5621
vn 0.0576 -0.8359 0.5458
vn 0.0518 -0.8682 0.4936
vn 0.0439 -0.8606 0.5074
vn 0.0512 -0.8146 0.5778
vn 0.0520 -0.8643 0.5004
vn 0.0398 -0.8384 0.5435
vn 0.0426 -0.8842 0.4652
vn 0.0463 -0.8832 0.4668
vn 0.0559 -0.8126 0.5801
vn 0.0430 -0.8791 0.4746
vn 0.0467 -0.8129 0.5806
vn 0.0428 -0.8806 0.4719
vn 0.0509 -0.7619 0.6457
vn 0.0433 -0.8164 0.5758
vn 0.0381 -0.8876 0.4591
vn 0.0455 -0.7611 0.6470
vn 0.0409 -0.7817 0.6223
vn 0.0385 -0.8315 0.5542
vn -0.1454 0.9892 0.0189
vn -0.1200 0.9914 -0.0523
vn -0.1271 0.9892 0.0726
vn -0.1632 0.9592 0.2311
vn -0.1040 0.9907 -0.0872
vn -0.0940 0.9955 0.0099
vn -0.1110 0.9689 -0.2213
vn -0.1122 0.9687 -0.2215
vn -0.1287 0.9638 -0.2336
vn -0.1013 0.9345 -0.3413
vn -0.1136 0.9371 -0.3302
vn -0.1149 0.9267 -0.3579
vn -0.1195 0.9156 -0.3839
vn -0.1025 0.8221 -0.5601
vn -0.0885 0.8391 -0.5367
vn -0.1078 0.7997 -0.5907
vn -0.1157 0.9050 -0.4093
vn -0.1041 0.7637 -0.6372
vn -0.0874 0.5245 -0.8469
vn -0.0781 0.5832 -0.8086
vn -0.0797 0.4789 -0.8742
vn -0.0972 0.7128 -0.6947
vn -0.0715 0.4337 -0.8982
vn -0.0668 0.3055 -0.9499
vn -0.0737 0.3477 -0.9347
vn -0.0615 0.2779 -0.9586
vn -0.0701 0.3857 -0.9200
vn -0.0564 0.2345 -0.9705
vn 0.0229 -0.9035 0.4280
vn 0.0275 -0.9152 0.4020
vn 0.0150 -0.9311 0.3644
vn 0.0020 -0.9119 0.4103
vn -0.0011 -0.8859 0.4640
vn 0.0198 -0.8833 0.4683
vn 0.0047 -0.8565 0.5162
vn 0.0199 -0.8611 0.5080
vn 0.0411 -0.8718 0.4882
vn 0.0173 -0.8385 0.5446
vn 0.0383 -0.8609 0.5073
vn -0.0000 -0.8209 0.5711
vn 0.0421 -0.8479 0.5284
vn 0.0517 -0.8503 0.5238
vn 0.0614 -0.8365 0.5446
vn 0.0660 -0.8216 0.5662
vn 0.0737 -0.8218 0.5649
vn 0.0737 -0.8057 0.5877
vn 0.0782 -0.8158 0.5730
vn 0.0744 -0.7898 0.6089
vn 0.0771 -0.8086 0.5832
vn 0.0693 -0.7676 0.6372
vn 0.0692 -0.7385 0.6707
vn 0.0738 -0.7899 0.6088
vn 0.0671 -0.7227 0.6879
vn 0.0566 -0.6915 0.7201
vn 0.0684 -0.7380 0.6714
vn 0.0416 -0.4747 0.8792
vn 0.0364 -0.3808 0.9239
vn 0.0423 -0.5591 0.8280
vn -0.0283 0.3251 0.9453
vn -0.0484 0.4763 0.8779
vn 0.0063 0.1633 0.9866
vn -0.0374 0.9289 0.3684
vn -0.0767 0.9652 0.2500
vn -0.0300 0.8820 0.4703
vn -0.0589 0.9978 0.0296
vn -0.0566 0.9982 -0.0216
vn -0.0573 0.9959 0.0693
vn -0.0716 0.9889 -0.1300
vn -0.0657 0.9873 -0.1448
vn -0.0481 0.9933 -0.1055
vn -0.0602 0.9640 -0.2590
vn -0.0724 0.9619 -0.2636
vn -0.0479 0.9701 -0.2378
vn -0.0525 0.9118 -0.4073
vn -0.0624 0.9135 -0.4019
vn -0.0433 0.8232 -0.5661
vn -0.0544 0.8376 -0.5436
vn -0.0381 0.8117 -0.5829
vn -0.0303 0.6951 -0.7183
vn -0.0327 0.7056 -0.7079
vn -0.0479 0.6870 -0.7251
vn -0.0475 0.5148 -0.8560
vn -0.0270 0.5310 -0.8469
vn -0.0695 0.9152 -0.3969
vn -0.0706 0.9599 -0.2713
vn -0.0713 0.9809 -0.1811
vn -0.0879 0.9922 -0.0880
vn -0.1006 0.9842 0.1456
vn -0.0622 0.6114 0.7889
vn 0.0305 -0.2459 0.9688
vn 0.0602 -0.6480 0.7592
vn -0.0715 0.1669 -0.9834
vn 0.0294 -0.9231 0.3834
vn 0.0192 -0.9439 0.3296
vn 0.0167 -0.9358 0.3521
vn 0.0004 -0.9591 0.2831
vn 0.0140 -0.9493 0.3140
vn 0.0011 -0.9724 0.2333
vn 0.0321 -0.8976 0.4397
vn 0.0334 -0.9023 0.4298
vn 0.0272 -0.9560 0.2921
vn 0.0130 -0.8316 0.5552
vn 0.0524 -0.8299 0.5555
vn 0.0339 -0.9042 0.4259
vn -0.0053 -0.7771 0.6293
vn 0.0601 -0.7731 0.6314
vn 0.0883 -0.8249 0.5583
vn 0.0579 -0.8677 0.4937
vn -0.1695 0.9826 -0.0755
vn -0.1477 0.9890 -0.0052
vn -0.1613 0.9766 0.1423
vn -0.2039 0.9788 0.0215
vn -0.1301 0.9655 -0.2256
vn -0.1287 0.9662 -0.2235
vn -0.1384 0.9301 -0.3402
vn -0.1427 0.9172 -0.3720
vn -0.1580 0.8497 -0.5030
vn -0.1756 0.8382 -0.5163
vn -0.1091 0.8514 -0.5131
vn -0.1022 0.6641 -0.7406
vn -0.1535 0.6881 -0.7092
vn -0.0718 0.6381 -0.7666
vn -0.0605 0.5010 -0.8633
vn -0.0986 0.5359 -0.8385
vn -0.0586 0.4251 -0.9032
vn -0.1391 0.5766 -0.8051
vn 0.0247 -0.9584 0.2844
vn 0.0192 -0.9834 0.1803
vn 0.0182 -0.9797 0.1997
vn -0.1728 0.6465 -0.7431
vn -0.1818 0.7162 -0.6738
vn -0.3253 0.6820 -0.6551
vn -0.1746 0.8245 -0.5383
vn -0.1475 0.9028 -0.4041
vn -0.1209 0.9642 -0.2360
vn -0.0785 0.9969 0.0054
vn -0.0491 0.9894 0.1365
vn 0.0242 -0.8834 0.4679
vn 0.0248 -0.8536 0.5204
vn 0.0441 -0.4305 0.9015
vn 0.0727 -0.6582 0.7493
vn 0.0579 -0.7461 0.6633
vn 0.0553 -0.7791 0.6244
vn 0.0489 -0.8034 0.5934
vn 0.0436 -0.8076 0.5882
vn 0.0504 -0.7620 0.6457
vn 0.0430 -0.6395 0.7676
vn 0.0426 -0.5957 0.8021
vn 0.0937 -0.8058 0.5847
vn 0.0751 -0.9747 -0.2105
vn -0.0271 -0.1697 -0.9851
vn -0.0403 0.0157 -0.9991
vn -0.0695 0.4260 -0.9020
vn -0.0776 0.6889 -0.7207
vn -0.0962 0.8533 -0.5125
vn -0.1113 0.9394 -0.3244
vn -0.1180 0.9655 -0.2320
vn -0.0548 0.9623 -0.2666
vn -0.0222 0.9513 0.3076
vn 0.1072 -0.9940 0.0215
vn 0.1136 -0.9765 0.1830
vn 0.1312 -0.9739 0.1849
vn 0.1146 -0.9392 0.3238
vn 0.1208 -0.9320 0.3417
vn 0.1034 -0.8368 0.5376
vn 0.1027 -0.9842 0.1446
vn 0.1487 -0.9421 0.3004
vn 0.1124 -0.8376 0.5346
vn 0.0764 -0.9962 0.0424
vn 0.1211 -0.9787 0.1659
vn 0.2473 -0.9065 0.3423
vn 0.1994 -0.8498 0.4880
vn 0.1115 -0.7517 0.6501
vn 0.0656 -0.4322 0.8994
vn 0.0493 -0.2367 0.9703
vn 0.0722 -0.3769 0.9234
vn 0.0858 -0.6553 0.7505
vn 0.0663 -0.1445 0.9873
vn 0.0774 -0.3854 0.9195
vn 0.0865 -0.6547 0.7509
vn 0.0559 -0.1720 0.9835
vn 0.0688 -0.4607 0.8849
vn 0.0835 -0.7133 0.6959
vn 0.0516 -0.3032 0.9515
vn 0.0678 -0.5867 0.8070
vn 0.0956 -0.8889 0.4480
vn 0.0893 -0.8148 0.5729
vn 0.0668 -0.4667 0.8819
vn 0.0858 -0.7313 0.6767
vn 0.1042 -0.9471 0.3036
vn 0.0989 -0.9676 0.2324
vn 0.1009 -0.9123 0.3969
vn 0.0759 -0.6539 0.7528
vn 0.0899 -0.8659 0.4920
vn 0.1071 -0.9768 0.1853
vn 0.1087 -0.9796 0.1689
vn 0.1014 -0.9675 0.2317
vn 0.0845 -0.8171 0.5703
vn 0.0954 -0.9511 0.2938
vn 0.0718 -0.5846 0.8081
vn 0.0716 -0.5234 0.8491
vn 0.0825 -0.7731 0.6290
vn 0.0921 -0.9307 0.3540
vn 0.0752 -0.7319 0.6772
vn 0.0895 -0.9092 0.4066
vn 0.1013 -0.9804 0.1687
vn 0.0983 -0.9765 0.1919
vn 0.0830 -0.8891 0.4501
vn 0.0909 -0.9714 0.2196
vn 0.1011 -0.9875 0.1211
vn 0.0985 -0.9866 0.1300
vn 0.0838 -0.9647 0.2498
vn 0.0904 -0.9854 0.1445
vn 0.0723 -0.8686 0.4902
vn 0.0647 -0.8493 0.5240
vn 0.0783 -0.9567 0.2804
vn 0.0870 -0.9841 0.1546
vn 0.0693 -0.9509 0.3016
vn 0.0673 -0.9862 0.1510
vn 0.0912 -0.9324 0.3497
vn 0.0688 -0.9337 0.3513
vn 0.0400 -0.9905 0.1315
vn 0.0471 -0.9209 0.3868
vn 0.0578 -0.5392 0.8402
vn 0.0484 -0.4902 0.8703
vn 0.0408 -0.9000 0.4339
vn 0.0383 -0.4323 0.9009
vn 0.0308 -0.1265 0.9915
vn 0.0298 -0.1230 0.9920
vn 0.0374 -0.3826 0.9231
vn 0.0377 -0.1070 0.9935
vn 0.0323 -0.1160 0.9927
vn 0.0468 -0.1123 0.9926
vn 0.0225 -0.0989 0.9948
vn 0.0162 -0.1251 0.9920
vn 0.0408 -0.1174 0.9922
vn 0.0039 -0.1255 0.9921
vn -0.0266 -0.1376 0.9901
vn -0.0193 -0.1183 0.9928
vn -0.0051 -0.1046 0.9945
vn -0.0158 -0.1076 0.9941
vn -0.0200 -0.1036 0.9944
vn -0.0152 -0.1125 0.9935
vn -0.0193 -0.1194 0.9927
vn -0.0142 -0.1214 0.9925
vn -0.0270 -0.1130 0.9932
vn -0.0220 -0.1162 0.9930
vn -0.0220 -0.1054 0.9942
vn -0.0231 -0.1125 0.9934
vn -0.0233 -0.1113 0.9935
vn -0.0240 -0.1152 0.9931
vn -0.0185 -0.1102 0.9937
vn -0.0192 -0.1189 0.9927
vn -0.0153 -0.1083 0.9940
vn -0.0267 -0.1034 0.9943
vn -0.0167 -0.1146 0.9933
vn -0.0180 -0.1120 0.9935
vn -0.0215 -0.1229 0.9922
vn -0.0180 -0.1091 0.9939
vn -0.0061 -0.1102 0.9939
vn -0.0121 -0.1087 0.9940
vn -0.0209 -0.1026 0.9945
vn -0.0294 -0.1004 0.9945
vn -0.0317 -0.1087 0.9936
vn -0.0235 -0.1224 0.9922
vn -0.0352 -0.1091 0.9934
vn -0.0267 -0.1171 0.9928
vn -0.0228 -0.1206 0.9924
vn -0.0186 -0.1156 0.9931
vn -0.0252 -0.1167 0.9929
vn -0.0311 -0.1222 0.9920
vn -0.0230 -0.1165 0.9929
vn -0.0298 -0.1251 0.9917
vn -0.0212 -0.1156 0.9931
vn -0.0118 -0.1064 0.9943
vn -0.0243 -0.1270 0.9916
vn -0.0033 -0.1141 0.9935
vn -0.0241 -0.1110 0.9935
vn -0.0263 -0.1272 0.9915
vn -0.0099 -0.1235 0.9923
vn -0.0207 -0.1330 0.9909
vn -0.0335 -0.1304 0.9909
vn -0.0312 -0.1291 0.9911
vn -0.0157 -0.1310 0.9913
vn -0.0262 -0.1301 0.9912
vn -0.0096 -0.1303 0.9914
vn -0.0235 -0.1242 0.9920
vn -0.0183 -0.1390 0.9901
vn -0.0222 -0.1332 0.9908
vn -0.0169 -0.1368 0.9905
vn -0.0233 -0.1345 0.9906
vn -0.0158 -0.1444 0.9894
vn -0.0195 -0.1289 0.9915
vn -0.0182 -0.1352 0.9906
vn -0.0151 -0.1589 0.9872
vn -0.0138 -0.1581 0.9873
vn -0.0168 -0.1483 0.9888
vn -0.0155 -0.1223 0.9924
vn -0.0221 -0.1120 0.9935
vn -0.0265 -0.1396 0.9899
vn -0.0382 -0.1314 0.9906
vn -0.0166 -0.1321 0.9911
vn -0.0205 -0.1347 0.9907
vn -0.0298 -0.1257 0.9916
vn -0.0373 -0.1311 0.9907
vn -0.0064 -0.1154 0.9933
vn -0.0085 -0.1073 0.9942
vn -0.0324 -0.1155 0.9928
vn -0.0391 -0.1230 0.9916
vn -0.0390 -0.1212 0.9919
vn -0.0165 -0.1072 0.9941
vn -0.0192 -0.1092 0.9938
vn -0.0215 -0.1111 0.9936
vn -0.0359 -0.1164 0.9926
vn -0.0294 -0.1199 0.9923
vn -0.0412 -0.1177 0.9922
vn -0.0286 -0.1087 0.9937
vn -0.0126 -0.1095 0.9939
vn -0.0186 -0.1092 0.9938
vn -0.0438 -0.1061 0.9934
vn -0.0238 -0.1101 0.9936
vn -0.0220 -0.1100 0.9937
vn -0.0341 -0.0999 0.9944
vn -0.0198 -0.1126 0.9934
vn -0.0204 -0.1098 0.9937
vn -0.0291 -0.1050 0.9940
vn -0.0273 -0.1076 0.9938
vn -0.0261 -0.1148 0.9930
vn -0.0251 -0.1083 0.9938
vn -0.0240 -0.1134 0.9933
vn -0.0211 -0.1119 0.9935
vn -0.0168 -0.1127 0.9935
vn -0.0204 -0.1169 0.9929
vn -0.0216 -0.1058 0.9941
vn -0.0173 -0.1306 0.9913
vn -0.0199 -0.1232 0.9922
vn -0.0223 -0.1108 0.9936
vn -0.0221 -0.1245 0.9920
vn -0.0273 -0.1265 0.9916
vn -0.0406 -0.1191 0.9920
vn -0.0264 -0.1112 0.9934
vn -0.0382 -0.2432 0.9692
vn -0.0585 -0.1630 0.9849
vn 0.0268 -0.3233 0.9459
vn 0.0246 -0.8685 0.4950
vn 0.0406 -0.8856 0.4627
vn 0.0320 -0.9938 0.1068
vn 0.0118 -0.9936 0.1124
vn 0.0382 -0.9926 0.1151
vn 0.0454 -0.9490 0.3120
vn 0.0302 -0.9421 0.3340
vn 0.0517 -0.9511 0.3044
vn 0.0528 -0.8117 0.5817
vn 0.0462 -0.7939 0.6063
vn 0.0629 -0.8309 0.5529
vn 0.0515 -0.5947 0.8023
vn 0.0398 -0.5613 0.8267
vn 0.0545 -0.6248 0.7789
vn 0.0426 -0.3200 0.9464
vn 0.0390 -0.2761 0.9603
vn 0.0597 -0.6539 0.7542
vn 0.0426 -0.3646 0.9302
vn 0.0679 -0.6910 0.7197
vn 0.0444 -0.4221 0.9054
vn 0.0599 -0.4728 0.8791
vn 0.0482 -0.1403 0.9889
vn 0.0284 -0.0877 0.9957
vn 0.0587 -0.2052 0.9770
vn 0.0397 0.0552 0.9977
vn 0.0319 0.1149 0.9929
vn 0.0600 -0.2843 0.9569
vn 0.0476 -0.0091 0.9988
vn 0.0667 -0.3682 0.9274
vn 0.0537 -0.0851 0.9949
vn 0.0511 -0.1794 0.9824
vn 0.0401 0.0131 0.9991
vn 0.0397 0.0546 0.9977
vn 0.0424 -0.0496 0.9979
vn 0.0350 -0.0999 0.9944
vn 0.0259 -0.1718 0.9848
vn 0.0451 -0.0620 0.9971
vn 0.0083 -0.4523 0.8918
vn -0.0021 -0.6244 0.7811
vn 0.0355 -0.2803 0.9593
vn -0.0151 -0.7450 0.6669
vn -0.0216 -0.8536 0.5204
vn -0.0078 -0.5669 0.8237
vn -0.0236 -0.8622 0.5061
vn -0.0226 -0.9118 0.4099
vn 0.0317 -0.4071 0.9128
vn -0.0074 -0.7564 0.6541
vn 0.0073 -0.6362 0.7715
vn -0.0285 -0.8579 0.5130
vn -0.0063 -0.8798 0.4754
vn -0.0368 -0.8066 0.5900
vn -0.0055 -0.7951 0.6064
vn 0.0052 -0.7918 0.6107
vn -0.0166 -0.7923 0.6098
vn 0.0141 -0.5003 0.8657
vn 0.0256 -0.5057 0.8623
vn 0.0126 -0.4907 0.8712
vn 0.0273 -0.2163 -0.9759
vn 0.0306 -0.2306 -0.9726
vn 0.0110 -0.4113 -0.9114
vn 0.0097 -0.3361 -0.9418
vn 0.0099 -0.3512 -0.9362
vn -0.0095 -0.6138 -0.7894
vn -0.0126 -0.7742 -0.6329
vn -0.0217 -0.8728 -0.4876
vn -0.0244 -0.8563 -0.5159
vn -0.0542 -0.8318 -0.5525
vn -0.0391 -0.8598 -0.5091
vn -0.0544 -0.7940 -0.6054
vn -0.0833 -0.3298 -0.9404
vn -0.0903 -0.3518 -0.9317
vn -0.0672 -0.2823 -0.9570
vn -0.0578 0.0892 -0.9943
vn -0.0678 0.1007 -0.9926
vn -0.0468 0.0815 -0.9956
vn -0.0369 0.0555 -0.9978
vn -0.0497 0.0763 -0.9958
vn -0.0274 0.0461 -0.9986
vn -0.0276 0.0652 -0.9975
vn -0.0338 0.0583 -0.9977
vn -0.0209 0.0690 -0.9974
vn -0.0182 0.0654 -0.9977
vn -0.0265 0.0726 -0.9970
vn -0.0103 0.0591 -0.9982
vn -0.0130 0.0353 -0.9993
vn -0.0146 0.0396 -0.9991
vn -0.0054 0.0355 -0.9994
vn -0.0097 0.0208 -0.9997
vn -0.0096 0.0256 -0.9996
vn -0.0034 0.0201 -0.9998
vn -0.0011 0.0161 -0.9999
vn -0.0014 0.0245 -0.9997
vn -0.0023 0.0110 -0.9999
vn 0.0101 0.0274 -0.9996
vn 0.0163 0.0410 -0.9990
vn 0.0047 0.0140 -0.9999
vn 0.0227 0.0444 -0.9988
vn 0.0265 0.0546 -0.9982
vn 0.0178 0.0363 -0.9992
vn 0.0225 0.0316 -0.9992
vn 0.0272 0.0371 -0.9989
vn 0.0125 0.0332 -0.9994
vn 0.0181 0.0158 -0.9997
vn 0.0180 0.0283 -0.9994
vn 0.0202 0.0078 -0.9998
vn -0.0081 0.0228 -0.9997
vn 0.0194 0.0081 -0.9998
vn 0.0143 0.0724 -0.9973
vn 0.0226 0.0577 -0.9981
vn 0.0246 0.0047 -0.9997
vn 0.0222 0.0604 -0.9979
vn 0.0184 0.1062 -0.9942
vn 0.0428 -0.0158 -0.9990
vn 0.0322 0.0481 -0.9983
vn 0.0390 0.0066 -0.9992
vn 0.0336 0.0622 -0.9975
vn 0.0325 0.1099 -0.9934
vn 0.0253 0.0310 -0.9992
vn 0.0369 0.0842 -0.9958
vn 0.0312 0.0594 -0.9977
vn 0.0379 0.0708 -0.9968
vn 0.0255 0.0459 -0.9986
vn 0.0370 0.0674 -0.9970
vn 0.0261 0.0206 -0.9994
vn 0.0253 0.0111 -0.9996
vn 0.0264 0.0352 -0.9990
vn 0.0321 0.0574 -0.9978
vn 0.0265 0.0488 -0.9985
vn 0.0212 0.0292 -0.9993
vn 0.0257 0.0348 -0.9991
vn 0.0181 0.0272 -0.9995
vn 0.0239 0.0560 -0.9981
vn 0.0146 0.0327 -0.9994
vn 0.0234 0.0578 -0.9981
vn 0.0286 0.0592 -0.9978
vn 0.0189 0.0515 -0.9985
vn 0.0157 0.0462 -0.9988
vn 0.0099 0.0437 -0.9990
vn 0.0241 0.0589 -0.9980
vn 0.0173 0.0530 -0.9984
vn 0.0190 0.0591 -0.9981
vn 0.0049 0.0440 -0.9990
vn 0.0025 0.0588 -0.9983
vn 0.0103 0.0499 -0.9987
vn 0.0080 0.0366 -0.9993
vn -0.0025 0.0598 -0.9982
vn -0.0033 0.0620 -0.9981
vn -0.0100 0.0665 -0.9977
vn -0.0142 0.0395 -0.9991
vn -0.0065 0.0330 -0.9994
vn -0.0236 0.0469 -0.9986
vn -0.0170 0.0703 -0.9974
vn -0.0287 0.0587 -0.9979
vn -0.0353 0.0622 -0.9974
vn -0.0217 0.0489 -0.9986
vn -0.0397 0.0734 -0.9965
vn -0.0345 0.0712 -0.9969
vn -0.0383 0.0750 -0.9964
vn -0.0388 0.0652 -0.9971
vn -0.0386 0.0736 -0.9965
vn -0.0393 0.0606 -0.9974
vn -0.0452 0.0727 -0.9963
vn -0.0502 0.0674 -0.9965
vn -0.0473 0.0720 -0.9963
vn -0.0371 0.0594 -0.9975
vn -0.0549 0.0791 -0.9954
vn -0.0549 0.0722 -0.9959
vn -0.0522 0.0767 -0.9957
vn -0.0562 0.1033 -0.9931
vn -0.0568 0.0934 -0.9940
vn -0.0557 0.1166 -0.9916
vn -0.0647 0.1619 -0.9847
vn -0.0691 0.1370 -0.9881
vn -0.0702 -0.3759 -0.9240
vn -0.0542 0.0729 -0.9959
vn -0.0444 0.0779 -0.9960
vn -0.0274 0.0716 -0.9971
vn -0.0125 0.0679 -0.9976
vn 0.0065 0.0533 -0.9986
vn 0.0201 0.0597 -0.9980
vn 0.0272 0.0592 -0.9979
vn 0.0316 0.0573 -0.9979
vn 0.0290 0.0417 -0.9987
vn 0.0195 0.0270 -0.9994
vn 0.0227 0.0139 -0.9996
vn 0.0493 -0.0379 -0.9981
vn -0.1867 -0.3053 -0.9338
vn -0.1901 -0.3043 -0.9334
vn -0.2000 -0.5699 -0.7970
vn -0.2063 -0.5699 -0.7954
vn -0.2173 -0.7851 -0.5799
vn -0.2239 -0.7850 -0.5776
vn -0.2062 -0.7875 -0.5808
vn -0.2241 -0.9258 -0.3045
vn -0.2318 -0.9232 -0.3064
vn -0.2307 -0.9730 0.0033
vn -0.2368 -0.9715 -0.0057
vn -0.2300 -0.9310 0.2835
vn -0.2355 -0.9318 0.2763
vn -0.2320 -0.8152 0.5308
vn -0.2360 -0.8193 0.5225
vn -0.2454 -0.8044 0.5410
vn -0.2506 -0.6081 0.7533
vn -0.2415 -0.6246 0.7426
vn -0.2040 -0.6047 0.7699
vn -0.1547 -0.4111 0.8983
vn -0.2366 -0.4060 0.8827
vn -0.0816 -0.6040 0.7928
vn -0.0474 -0.4144 0.9089
vn -0.0027 -0.5994 0.8005
vn 0.0017 -0.4204 0.9073
vn -0.0067 -0.5884 0.8085
vn -0.0031 -0.4245 0.9054
vn -0.0078 -0.5692 0.8222
vn -0.0102 -0.4215 0.9068
vn -0.0055 -0.5502 0.8350
vn -0.0073 -0.4123 0.9110
vn -0.0055 -0.7071 0.7071
vn -0.0127 -0.6773 0.7356
vn -0.0060 -0.5282 0.8491
vn -0.0189 -0.8153 0.5788
vn -0.0247 -0.7931 0.6086
vn -0.0174 -0.6515 0.7584
vn -0.0297 -0.8939 0.4472
vn -0.0318 -0.8808 0.4725
vn -0.0248 -0.7712 0.6362
vn -0.0397 -0.8829 0.4680
vn -0.0384 -0.8850 0.4641
vn -0.0520 -0.5963 0.8011
vn -0.0422 -0.6423 0.7653
vn -0.0354 -0.1769 0.9836
vn -0.0298 -0.2382 0.9708
vn -0.0213 -0.1004 0.9947
vn -0.0239 -0.0932 0.9954
vn -0.0264 -0.1140 0.9931
vn -0.0232 -0.1094 0.9937
vn -0.0256 -0.1230 0.9921
vn -0.0289 -0.1044 0.9941
vn -0.0172 -0.1149 0.9932
vn -0.0260 -0.1036 0.9943
vn -0.0263 -0.1037 0.9943
vn -0.0130 -0.1141 0.9934
vn -0.0472 -0.1036 0.9935
vn -0.0361 -0.1069 0.9936
vn -0.0199 -0.1089 0.9939
vn -0.0718 -0.1117 0.9911
vn -0.0574 -0.1223 0.9908
vn -0.0284 -0.1168 0.9928
vn -0.1560 -0.1423 0.9774
vn -0.1232 -0.1409 0.9823
vn -0.0381 -0.1234 0.9916
vn -0.1923 -0.1525 0.9694
vn -0.1549 -0.1491 0.9766
vn -0.0816 -0.1375 0.9871
vn -0.0469 -0.1275 0.9907
vn -0.0313 -0.1269 0.9914
vn -0.0280 -0.1248 0.9918
vn -0.0360 -0.1179 0.9924
vn -0.0614 -0.1245 0.9903
vn -0.0487 -0.1280 0.9906
vn -0.0313 -0.1059 0.9939
vn -0.0604 -0.1186 0.9911
vn -0.0238 -0.1062 0.9941
vn -0.0454 -0.1181 0.9920
vn -0.0375 -0.1164 0.9925
vn -0.0327 -0.1192 0.9923
vn -0.0400 -0.1209 0.9919
vn -0.0190 -0.1343 0.9908
vn -0.0137 -0.1210 0.9926
vn -0.0155 -0.1095 0.9939
vn -0.0401 -0.1175 0.9923
vn -0.0404 -0.1099 0.9931
vn -0.0152 -0.1013 0.9947
vn -0.0362 -0.1075 0.9935
vn -0.0339 -0.1104 0.9933
vn -0.0388 -0.1130 0.9928
vn -0.0297 -0.1117 0.9933
vn -0.0359 -0.1100 0.9933
vn -0.0281 -0.1106 0.9935
vn -0.0337 -0.1093 0.9934
vn -0.0368 -0.1111 0.9931
vn -0.0353 -0.1076 0.9936
vn -0.0273 -0.1071 0.9939
vn -0.0239 -0.1089 0.9938
vn -0.0451 -0.1085 0.9931
vn -0.0335 -0.1034 0.9941
vn -0.0225 -0.1198 0.9925
vn -0.0345 -0.1107 0.9933
vn -0.0293 -0.1129 0.9932
vn -0.0237 -0.1227 0.9922
vn -0.0311 -0.1118 0.9932
vn -0.0236 -0.1239 0.9920
vn -0.0259 -0.1181 0.9927
vn -0.0326 -0.1099 0.9934
vn -0.0225 -0.1183 0.9927
vn -0.0191 -0.1251 0.9920
vn -0.0274 -0.1158 0.9929
vn -0.0219 -0.1204 0.9925
vn -0.0212 -0.1159 0.9930
vn -0.0202 -0.1236 0.9921
vn -0.0171 -0.1249 0.9920
vn -0.0211 -0.1179 0.9928
vn -0.0211 -0.1229 0.9922
vn -0.0188 -0.1214 0.9924
vn -0.0180 -0.1141 0.9933
vn -0.0303 -0.1461 0.9888
vn -0.0239 -0.1245 0.9919
vn -0.0357 -0.1733 0.9842
vn -0.0426 -0.3509 0.9354
vn -0.0460 -0.3635 0.9305
vn -0.0444 -0.6626 0.7477
vn -0.0400 -0.6848 0.7276
vn -0.0231 -0.8045 0.5935
vn -0.0222 -0.8233 0.5671
vn -0.0028 -0.7660 0.6429
vn -0.0122 -0.7811 0.6243
vn -0.0798 -0.7537 0.6524
vn -0.0551 -0.6633 0.7464
vn -0.0036 -0.6745 0.7382
vn -0.5395 -0.6331 0.5551
vn -0.9455 -0.2458 0.2134
vn -0.8741 -0.3352 0.3515
vn -0.8472 -0.4896 0.2062
vn -0.3075 -0.8771 0.3690
vn -0.3480 -0.6650 0.6608
vn 0.0035 -0.9324 0.3613
vn -0.0009 -0.7435 0.6688
vn 0.0282 -0.7700 0.6374
vn 0.0248 -0.4925 0.8700
vn -0.0036 -0.4571 0.8894
vn 0.0361 -0.5257 0.8499
vn 0.0239 -0.1993 0.9796
vn 0.0237 -0.1732 0.9846
vn 0.0276 -0.2343 0.9718
vn 0.0250 0.0499 0.9984
vn 0.0221 0.0569 0.9981
vn 0.0300 0.0307 0.9991
vn 0.0280 0.1861 0.9821
vn 0.0313 0.1777 0.9836
vn 0.0302 0.0016 0.9995
vn 0.0248 0.1798 0.9834
vn 0.0263 -0.0392 0.9989
vn 0.0202 0.1681 0.9856
vn 0.0211 0.1533 0.9879
vn 0.0164 0.0923 0.9956
vn 0.0146 0.0719 0.9973
vn 0.0139 0.0995 0.9949
vn -0.0115 -0.4365 0.8996
vn -0.0095 -0.5106 0.8598
vn 0.0229 0.0857 0.9961
vn -0.0009 -0.3916 0.9201
vn 0.0377 0.0737 0.9966
vn 0.0127 -0.3355 0.9419
vn 0.0140 -0.2458 0.9692
vn -0.0247 -0.7882 0.6149
vn -0.0242 -0.8444 0.5351
vn -0.0084 -0.7166 0.6974
vn -0.0253 -0.9249 0.3792
vn -0.0267 -0.9367 0.3490
vn -0.0250 -0.9065 0.4215
vn -0.0194 -0.9150 0.4029
vn -0.0180 -0.9095 0.4152
vn -0.0181 -0.9202 0.3910
vn -0.0097 -0.8642 0.5030
vn -0.0097 -0.8463 0.5327
vn -0.0038 -0.8755 0.4832
vn 0.0107 -0.7365 0.6763
vn 0.0091 -0.7093 0.7049
vn 0.0022 -0.8794 0.4761
vn 0.0169 -0.7641 0.6449
vn 0.0140 -0.7828 0.6221
vn 0.0419 -0.4955 0.8676
vn 0.0334 -0.4795 0.8769
vn 0.0334 -0.5037 0.8632
vn -0.1951 -0.3054 -0.9320
vn -0.2141 -0.3045 -0.9281
vn -0.2102 -0.5730 -0.7922
vn -0.2227 -0.5746 -0.7876
vn -0.2273 -0.7877 -0.5726
vn -0.2342 -0.7920 -0.5638
vn -0.2402 -0.9246 -0.2956
vn -0.2413 -0.9287 -0.2816
vn -0.2360 -0.9228 -0.3046
vn -0.2436 -0.9698 -0.0086
vn -0.2484 -0.9687 -0.0034
vn -0.2458 -0.9306 0.2712
vn -0.2496 -0.9302 0.2691
vn -0.2457 -0.8205 0.5162
vn -0.2484 -0.8227 0.5113
vn -0.2419 -0.6475 0.7226
vn -0.2471 -0.6526 0.7163
vn -0.2384 -0.6383 0.7319
vn -0.2350 -0.4290 0.8722
vn -0.2336 -0.1913 0.9533
vn -0.2384 -0.2163 0.9468
vn -0.2467 -0.4340 0.8665
vn -0.7534 -0.6385 -0.1571
vn -0.6976 -0.6500 -0.3015
vn -0.3591 -0.9332 0.0126
vn -0.2485 -0.9620 -0.1132
vn -0.1711 -0.9737 0.1504
vn -0.0768 -0.9969 -0.0181
vn -0.2308 -0.7652 0.6010
vn -0.1335 -0.6855 0.7158
vn -0.1053 -0.9592 0.2625
vn -0.2112 -0.4256 0.8799
vn -0.1192 -0.3881 0.9139
vn -0.0322 -0.3699 0.9285
vn -0.0443 -0.6435 0.7642
vn 0.0023 -0.3619 0.9322
vn -0.0005 -0.6158 0.7879
vn -0.0036 -0.3597 0.9331
vn -0.0027 -0.5956 0.8033
vn -0.0096 -0.3563 0.9343
vn -0.0034 -0.5778 0.8162
vn -0.0036 -0.3424 0.9396
vn 0.0061 -0.5762 0.8173
vn -0.0022 -0.3350 0.9422
vn 0.0036 -0.5963 0.8028
vn -0.0023 -0.3943 0.9190
vn -0.0044 -0.3801 0.9249
vn -0.0141 -0.3626 0.9318
vn -0.0091 -0.5060 0.8625
vn -0.0098 -0.4885 0.8725
vn -0.0062 -0.3764 0.9264
vn -0.0174 -0.6308 0.7758
vn -0.0153 -0.6117 0.7910
vn -0.0087 -0.4718 0.8817
vn -0.0230 -0.7500 0.6611
vn -0.0208 -0.7279 0.6853
vn -0.0142 -0.5899 0.8074
vn -0.0303 -0.8660 0.4991
vn -0.0266 -0.8484 0.5287
vn -0.0301 -0.8931 0.4489
vn -0.0295 -0.8983 0.4383
vn -0.0272 -0.6973 0.7163
vn -0.0341 -0.7535 0.6566
vn -0.0232 -0.2935 0.9557
vn -0.0379 -0.3594 0.9324
vn -0.0216 -0.0915 0.9956
vn -0.0310 -0.1122 0.9932
vn -0.0228 -0.1031 0.9944
vn -0.0294 -0.0907 0.9954
vn -0.0325 -0.1225 0.9919
vn -0.0370 -0.1096 0.9933
vn -0.0184 -0.1260 0.9919
vn -0.0283 -0.1165 0.9928
vn -0.0388 -0.1106 0.9931
vn -0.0075 -0.1233 0.9923
vn -0.0203 -0.1074 0.9940
vn -0.0359 -0.1040 0.9939
vn 0.0010 -0.1102 0.9939
vn 0.0016 -0.1077 0.9942
vn -0.0351 -0.1089 0.9934
vn -0.0160 -0.1140 0.9934
vn -0.0157 -0.1191 0.9928
vn -0.0042 -0.1113 0.9938
vn -0.0276 -0.1228 0.9920
vn -0.0346 -0.1238 0.9917
vn -0.0195 -0.1154 0.9931
vn -0.0276 -0.1143 0.9931
vn -0.0150 -0.1067 0.9942
vn -0.0115 -0.1100 0.9939
vn -0.0357 -0.1126 0.9930
vn -0.0159 -0.1035 0.9945
vn -0.0407 -0.1119 0.9929
vn -0.0402 -0.1159 0.9924
vn -0.0406 -0.1173 0.9923
vn -0.0201 -0.1085 0.9939
vn -0.0155 -0.1115 0.9936
vn -0.0396 -0.1167 0.9924
vn -0.0276 -0.1077 0.9938
vn -0.0184 -0.1124 0.9935
vn -0.0241 -0.1084 0.9938
vn -0.0408 -0.1085 0.9933
vn -0.0267 -0.1191 0.9925
vn -0.0265 -0.1151 0.9930
vn -0.0394 -0.1101 0.9931
vn -0.0280 -0.1252 0.9917
vn -0.0300 -0.1202 0.9923
vn -0.0316 -0.1147 0.9929
vn -0.0268 -0.1030 0.9943
vn -0.0258 -0.1002 0.9946
vn -0.0368 -0.1129 0.9929
vn -0.0390 -0.1357 0.9900
vn -0.0380 -0.1195 0.9921
vn -0.0337 -0.1192 0.9923
vn -0.0311 -0.1336 0.9905
vn -0.0225 -0.1229 0.9922
vn -0.0227 -0.1265 0.9917
vn -0.0180 -0.1241 0.9921
vn -0.0162 -0.2814 0.9595
vn -0.0207 -0.2644 0.9642
vn -0.0234 -0.3120 0.9498
vn -0.0310 -0.6714 0.7405
vn -0.0135 -0.6495 0.7602
vn -0.0325 -0.3491 0.9365
vn -0.0391 -0.6885 0.7242
vn -0.0312 -0.8358 0.5482
vn -0.0267 -0.8442 0.5354
vn -0.0225 -0.7995 0.6002
vn -0.0208 -0.8146 0.5797
vn -0.0156 -0.6983 0.7157
vn -0.0156 -0.7140 0.7000
vn -0.0110 -0.6831 0.7302
vn -0.0108 -0.5604 0.8282
vn -0.0066 -0.5685 0.8227
vn -0.0092 -0.5652 0.8249
vn -0.0099 -0.4580 0.8889
vn -0.0064 -0.4568 0.8896
vn -0.0496 -0.5708 0.8196
vn -0.0643 -0.4807 0.8745
vn -0.0629 -0.3890 0.9191
vn -0.0008 -0.3754 0.9268
vn -0.0323 -0.3259 0.9449
vn 0.0101 -0.3511 0.9363
vn -0.0115 -0.5043 0.8635
vn 0.0057 -0.6015 0.7989
vn -0.1414 -0.3709 0.9178
vn -0.0549 -0.7723 0.6329
vn -0.0141 -0.8570 0.5151
vn -0.2043 -0.1456 0.9680
vn -0.0628 -0.6205 0.7817
vn -0.0629 0.0465 0.9969
vn 0.0056 -0.4193 0.9078
vn 0.0144 0.1241 0.9922
vn 0.0273 -0.2487 0.9682
vn 0.0020 0.0865 0.9963
vn 0.0205 0.0688 0.9974
vn 0.0190 0.1445 0.9893
vn -0.0039 -0.1445 0.9895
vn 0.0296 0.1583 0.9869
vn 0.0374 -0.0561 0.9977
vn 0.0278 -0.1378 0.9901
vn 0.0328 -0.0034 0.9995
vn -0.0084 -0.6588 0.7523
vn 0.0095 -0.7157 0.6983
vn 0.0226 0.0309 0.9993
vn -0.0156 -0.6121 0.7906
vn 0.0173 0.0527 0.9985
vn -0.0169 -0.5949 0.8036
vn -0.0171 -0.5564 0.8307
vn -0.0352 -0.9377 0.3456
vn -0.0389 -0.9473 0.3179
vn -0.0276 -0.9198 0.3915
vn -0.0216 -0.9619 0.2724
vn -0.0272 -0.9659 0.2573
vn -0.0243 -0.8939 0.4476
vn -0.0192 -0.9591 0.2826
vn -0.0245 -0.8701 0.4923
vn -0.0258 -0.9552 0.2948
vn -0.0274 -0.9480 0.3170
vn -0.0068 -0.9198 0.3923
vn -0.0108 -0.9342 0.3566
vn -0.0092 -0.9098 0.4149
vn 0.0079 -0.8401 0.5424
vn 0.0145 -0.8413 0.5404
vn -0.0039 -0.8384 0.5450
vn 0.0187 -0.7121 0.7018
vn 0.0235 -0.7109 0.7029
vn 0.0154 -0.7026 0.7114
vn 0.0396 -0.5148 0.8564
vn 0.0303 -0.5236 0.8514
vn 0.0240 -0.6947 0.7189
vn 0.0203 -0.5402 0.8413
vn 0.0159 -0.6774 0.7354
vn 0.0078 -0.8407 0.5415
vn 0.0087 -0.6781 0.7349
vn -0.0055 -0.8424 0.5388
vn -0.0153 -0.9411 0.3377
vn -0.0052 -0.8500 0.5268
vn -0.0169 -0.9415 0.3366
vn 0.0187 -0.7038 0.7102
vn 0.0436 -0.7365 0.6750
vn 0.0126 -0.8662 0.4995
vn -0.0140 -0.9470 0.3208
vn 0.0240 -0.8860 0.4631
vn -0.0118 -0.9592 0.2826
vn -0.0328 -0.9722 0.2317
vn -0.0085 -0.9680 0.2508
vn -0.0308 -0.9815 0.1888
vn -0.0428 -0.9548 0.2941
vn -0.0197 -0.9891 0.1459
vn -0.0354 -0.9702 0.2397
vn -0.0033 -0.9702 0.2421
vn -0.0022 -0.9709 0.2395
vn -0.0134 -0.9917 0.1281
vn -0.0188 -0.9837 0.1786
vn -0.0127 -0.9908 0.1344
vn -0.0145 -0.9897 0.1424
vn 0.0099 -0.7802 0.6254
vn -0.0143 -0.9915 0.1296
vn 0.0088 -0.8470 0.5315
vn -0.0143 -0.9893 0.1452
vn -0.0087 -0.9883 0.1525
vn -0.0071 -0.9910 0.1334
vn 0.0039 -0.9103 0.4140
vn -0.0031 -0.9900 0.1412
vn -0.0089 -0.9506 0.3102
vn -0.0055 -0.9872 0.1595
vn -0.0100 -0.9872 0.1589
vn -0.0088 -0.9885 0.1509
vn -0.0164 -0.9726 0.2320
vn -0.0243 -0.9871 0.1585
vn -0.0229 -0.9813 0.1911
vn -0.0165 -0.9918 0.1271
vn -0.0151 -0.9970 0.0756
vn -0.0342 -0.9904 0.1341
vn -0.0376 -0.9816 0.1870
vn -0.0242 -0.9965 0.0806
vn -0.0434 -0.9851 0.1662
vn -0.0168 -0.9057 0.4236
vn -0.0439 -0.9291 0.3672
vn -0.0296 -0.9928 0.1160
vn -0.0420 -0.9450 0.3243
vn -0.0189 -0.6771 0.7356
vn -0.0274 -0.7177 0.6958
vn -0.0223 -0.9574 0.2879
vn -0.0187 -0.7357 0.6771
vn -0.0045 -0.4020 0.9156
vn 0.0009 -0.3787 0.9255
vn -0.0049 -0.4153 0.9096
vn -0.0198 -0.7317 0.6813
vn -0.0093 -0.4087 0.9126
vn -0.0012 -0.3505 0.9366
vn -0.0007 -0.3588 0.9334
vn -0.0056 -0.3509 0.9364
vn -0.0033 -0.3895 0.9210
vn -0.0039 -0.3601 0.9329
vn -0.0106 -0.4519 0.8920
vn -0.0039 -0.4466 0.8947
vn -0.0093 -0.4660 0.8847
vn -0.0024 -0.3762 0.9265
vn -0.0076 -0.4887 0.8724
vn -0.0135 -0.5957 0.8031
vn -0.0140 -0.5887 0.8082
vn -0.0128 -0.6134 0.7896
vn -0.0094 -0.5157 0.8567
vn -0.0160 -0.6412 0.7672
vn -0.0142 -0.7468 0.6649
vn -0.0142 -0.7318 0.6813
vn -0.0183 -0.7677 0.6405
vn -0.0175 -0.6724 0.7400
vn -0.0230 -0.7946 0.6066
vn -0.0196 -0.8575 0.5141
vn -0.0146 -0.8435 0.5369
vn -0.0298 -0.8757 0.4820
vn -0.0235 -0.8245 0.5654
vn -0.0305 -0.8918 0.4515
vn -0.0454 -0.8175 0.5741
vn -0.0271 -0.8294 0.5580
vn -0.0462 -0.7961 0.6035
vn -0.0604 -0.4287 0.9014
vn -0.0594 -0.4894 0.8700
vn -0.0475 -0.1562 0.9866
vn -0.0515 -0.2008 0.9783
vn -0.0329 -0.0952 0.9949
vn -0.0394 -0.2231 0.9740
vn -0.0368 -0.5485 0.8353
vn -0.0320 -0.2418 0.9698
vn -0.0327 -0.5946 0.8033
vn -0.0189 -0.6275 0.7784
vn -0.0181 -0.8345 0.5508
vn -0.0225 -0.8327 0.5533
vn -0.0152 -0.8422 0.5390
vn -0.0164 -0.8243 0.5659
vn -0.0161 -0.8330 0.5530
vn -0.0143 -0.7231 0.6905
vn -0.0098 -0.5821 0.8130
vn -0.0013 -0.4515 0.8923
vn -0.0000 -0.3694 0.9293
vn -0.0171 -0.7023 0.7117
vn -0.0134 -0.5665 0.8240
vn -0.0126 -0.5425 0.8399
vn -0.0082 -0.4187 0.9081
vn -0.0107 -0.4398 0.8981
vn -0.0038 -0.3961 0.9182
vn -0.0034 -0.3632 0.9317
vn -0.0047 -0.3596 0.9331
vn -0.0004 -0.3751 0.9270
vn -0.0027 -0.6585 0.7526
vn -0.0096 -0.6117 0.7910
vn -0.0064 -0.7026 0.7116
vn -0.0104 -0.9576 0.2880
vn -0.0115 -0.9396 0.3420
vn -0.0194 -0.9626 0.2703
vn -0.0162 -0.9965 0.0817
vn -0.0191 -0.9950 0.0981
vn -0.0156 -0.9963 0.0842
vn -0.0239 -0.9966 0.0783
vn -0.0269 -0.9926 0.1185
vn -0.0199 -0.9983 0.0540
vn -0.0282 -0.9949 0.0969
vn -0.0410 -0.9895 0.1389
vn -0.0140 -0.9980 0.0614
vn -0.0171 -0.9911 0.1324
vn -0.0366 -0.9853 0.1667
vn 0.0015 -0.9945 0.1049
vn 0.0273 -0.9537 0.2995
vn -0.0044 -0.9554 0.2953
vn 0.0041 -0.9930 0.1181
vn 0.0419 -0.9534 0.2988
vn -0.0028 -0.9888 0.1492
vn 0.0343 -0.9499 0.3106
vn -0.0008 -0.9851 0.1718
vn 0.0351 -0.9449 0.3254
vn 0.0007 -0.9818 0.1898
vn 0.0357 -0.9396 0.3403
vn -0.0012 -0.9778 0.2095
vn 0.0314 -0.9324 0.3601
vn -0.0022 -0.9738 0.2276
vn 0.0255 -0.9204 0.3902
vn 0.0179 -0.9092 0.4160
vn 0.0361 -0.8184 0.5735
vn 0.0497 -0.8209 0.5689
vn 0.0141 -0.9040 0.4274
vn 0.0342 -0.8091 0.5867
vn 0.0192 -0.8992 0.4370
vn 0.0510 -0.7882 0.6134
vn 0.0604 -0.7625 0.6442
vn 0.0854 -0.6826 0.7257
vn 0.0743 -0.7043 0.7060
vn 0.0718 -0.6456 0.7603
vn 0.0456 -0.6002 0.7986
vn 0.0246 -0.5628 0.8262
vn -0.6742 -0.6783 -0.2922
vn -0.6668 -0.7282 -0.1582
vn -0.1744 -0.9816 -0.0777
vn -0.1223 -0.9919 0.0338
vn -0.0335 -0.9994 0.0125
vn -0.0178 -0.9960 0.0876
vn -0.0035 -0.9988 0.0489
vn 0.0011 -0.9948 0.1019
vn -0.0343 -0.9988 0.0357
vn -0.0122 -0.9976 0.0676
vn 0.0020 -0.9973 0.0739
vn -0.0373 -0.9403 0.3382
vn -0.0065 -0.9274 0.3740
vn -0.0053 -0.9967 0.0814
vn -0.0014 -0.9206 0.3905
vn -0.0028 -0.9963 0.0860
vn -0.0018 -0.9151 0.4033
vn -0.0053 -0.9965 0.0834
vn 0.0036 -0.9194 0.3933
vn -0.0052 -0.9968 0.0804
vn 0.0091 -0.9330 0.3597
vn 0.0013 -0.9979 0.0642
vn -0.0157 -0.9492 0.3142
vn -0.0034 -0.9989 0.0461
vn -0.0268 -0.6493 0.7600
vn -0.0364 -0.7126 0.7006
vn -0.0291 -0.9589 0.2823
vn -0.0180 -0.4143 0.9100
vn -0.0108 -0.4523 0.8918
vn -0.0146 -0.7604 0.6492
vn -0.0063 -0.3780 0.9258
vn -0.0073 -0.3778 0.9259
vn -0.0106 -0.4797 0.8774
vn -0.0091 -0.4563 0.8898
vn -0.0061 -0.3694 0.9293
vn -0.0076 -0.5174 0.8557
vn -0.0051 -0.5651 0.8250
vn -0.0165 -0.8783 0.4779
vn -0.0210 -0.8347 0.5504
vn -0.0219 -0.9130 0.4074
vn -0.0340 -0.9859 0.1639
vn -0.0274 -0.9814 0.1899
vn -0.0270 -0.9910 0.1309
vn -0.0319 -0.9903 0.1350
vn -0.0304 -0.9930 0.1137
vn -0.0277 -0.9899 0.1393
vn -0.0221 -0.9922 0.1227
vn -0.0179 -0.9964 0.0832
vn -0.0350 -0.9884 0.1480
vn -0.0259 -0.9948 0.0989
vn -0.0099 -0.9983 0.0581
vn -0.0412 -0.9876 0.1514
vn -0.0146 -0.9831 0.1827
vn -0.0046 -0.9934 0.1146
vn -0.0185 -0.9654 0.2601
vn 0.0334 -0.8877 0.4593
vn 0.0428 -0.9259 0.3753
vn 0.0368 -0.8521 0.5222
vn 0.0636 -0.8312 0.5523
vn 0.0809 -0.8277 0.5553
vn 0.0759 -0.8289 0.5542
vn 0.1008 -0.6520 0.7515
vn 0.0777 -0.8293 0.5534
vn 0.1027 -0.6649 0.7399
vn 0.0774 -0.8266 0.5574
vn 0.0970 -0.6826 0.7244
vn 0.0654 -0.8231 0.5642
vn 0.0740 -0.7060 0.7043
vn 0.0539 -0.7257 0.6859
vn 0.0472 -0.7322 0.6795
vn 0.0535 -0.7213 0.6906
vn -0.5464 -0.8328 -0.0884
vn -0.3564 -0.9174 -0.1770
vn -0.0787 -0.9946 0.0679
vn -0.0402 -0.9989 0.0253
vn -0.0068 -0.9965 0.0836
vn -0.0016 -0.9990 0.0446
vn 0.0008 -0.9973 0.0728
vn 0.0006 -0.9986 0.0537
vn 0.0045 -0.9983 0.0585
vn 0.0027 -0.9974 0.0721
vn 0.0061 -0.9944 0.1056
vn 0.0001 -0.9946 0.1042
vn 0.0040 -0.9986 0.0533
vn -0.0018 -0.9962 0.0874
vn -0.0053 -0.9960 0.0895
vn -0.0050 -0.9947 0.1026
vn -0.0098 -0.9966 0.0823
vn -0.0112 -0.9946 0.1036
vn -0.0104 -0.9975 0.0704
vn -0.0113 -0.9943 0.1056
vn -0.0098 -0.9983 0.0568
vn -0.0114 -0.9941 0.1081
vn -0.0075 -0.9990 0.0445
vn -0.0119 -0.9937 0.1116
vn -0.0052 -0.9992 0.0401
vn -0.0120 -0.9932 0.1160
vn -0.0096 -0.9987 0.0505
vn -0.0064 -0.9983 0.0585
vn -0.0046 -0.9991 0.0426
vn -0.0119 -0.9668 0.2553
vn -0.0120 -0.9743 0.2251
vn -0.0058 -0.9984 0.0569
vn -0.0153 -0.7956 0.6056
vn -0.0238 -0.9779 0.2076
vn -0.0120 -0.9979 0.0641
vn -0.0198 -0.9961 0.0860
vn -0.0111 -0.9988 0.0476
vn -0.0076 -0.9988 0.0485
vn -0.0165 -0.9983 0.0555
vn -0.0189 -0.9963 0.0840
vn -0.0196 -0.9932 0.1150
vn -0.0103 -0.9984 0.0559
vn -0.0144 -0.9921 0.1242
vn -0.0275 -0.9883 0.1501
vn -0.0022 -0.9951 0.0987
vn 0.0220 -0.9658 0.2584
vn -0.0030 -0.9732 0.2300
vn 0.0373 -0.9520 0.3037
vn 0.1099 -0.7339 0.6703
vn 0.1003 -0.7773 0.6210
vn -0.1972 -0.9545 -0.2238
vn -0.0222 -0.9991 0.0360
vn -0.0107 -0.9962 0.0867
vn -0.0039 -0.9935 0.1137
vn -0.0043 -0.9921 0.1255
vn 0.0006 -0.9921 0.1252
vn -0.0000 -0.9949 0.1009
vn 0.0018 -0.9932 0.1167
vn -0.0020 -0.9972 0.0752
vn 0.0050 -0.9963 0.0859
vn 0.0017 -0.9959 0.0906
vn 0.0009 -0.9944 0.1056
vn -0.0011 -0.9984 0.0557
vn -0.0061 -0.9981 0.0617
vn -0.0025 -0.9960 0.0894
vn -0.0066 -0.9975 0.0708
vn -0.0035 -0.9966 0.0823
vn -0.0064 -0.9966 0.0821
vn -0.0027 -0.9974 0.0721
vn -0.0084 -0.9956 0.0938
vn -0.0043 -0.9980 0.0625
vn -0.0109 -0.9947 0.1019
vn -0.0064 -0.9985 0.0539
vn -0.0112 -0.9942 0.1065
vn -0.0038 -0.9988 0.0485
vn -0.0124 -0.9926 0.1210
vn -0.0120 -0.9918 0.1273
vn -0.0098 -0.9937 0.1120
vn -0.0048 -0.9989 0.0468
vn -0.0151 -0.9914 0.1301
vn -0.0142 -0.9919 0.1266
vn -0.0247 -0.9888 0.1474
vn -0.0082 -0.9904 0.1377
vn 0.0009 -0.9962 0.0876
vn -0.0173 -0.9810 0.1930
vn 0.0482 -0.9115 0.4086
vn 0.0472 -0.9471 0.3175
vn 0.0726 -0.8469 0.5268
vn 0.0410 -0.9644 0.2614
vn 0.0023 -0.9983 0.0579
vn 0.0206 -0.9851 0.1709
vn 0.0298 -0.9706 0.2390
vn -0.0066 -0.9939 0.1098
vn -0.0044 -0.9904 0.1383
vn 0.0015 -0.9957 0.0926
vn 0.0017 -0.9972 0.0753
vn -0.0005 -0.9936 0.1130
vn -0.0060 -0.9940 0.1092
vn -0.0029 -0.9941 0.1081
vn -0.0000 -0.9981 0.0616
vn -0.0024 -0.9946 0.1038
vn -0.0019 -0.9990 0.0455
vn -0.0012 -0.9982 0.0602
vn -0.0003 -0.9981 0.0616
vn -0.0097 -0.9983 0.0575
vn -0.0053 -0.9988 0.0477
vn -0.0078 -0.9980 0.0632
vn -0.0022 -0.9982 0.0605
vn -0.0029 -0.9979 0.0650
vn -0.0025 -0.9966 0.0821
vn -0.0046 -0.9979 0.0641
vn -0.0101 -0.9984 0.0556
vn -0.0143 -0.9979 0.0639
vn -0.0111 -0.9952 0.0969
vn 0.8700 -0.3543 0.3429
vn -0.1377 -0.9610 -0.2400
vn -0.2213 -0.9430 -0.2485
vn -0.0129 -0.9899 0.1412
vn -0.0361 -0.9909 0.1300
vn -0.2848 -0.9415 -0.1802
vn -0.0742 -0.9911 0.1105
vn -0.2535 -0.9645 -0.0746
vn -0.0912 -0.9908 0.1002
vn -0.1803 -0.9833 -0.0241
vn -0.0849 -0.9892 0.1194
vn -0.1552 -0.9879 0.0002
vn 0.0181 -0.4599 0.8878
vn -0.2296 -0.3025 -0.9251
vn -0.2386 -0.3089 -0.9207
vn -0.2389 -0.5727 -0.7842
vn -0.2544 -0.5736 -0.7787
vn -0.2428 -0.7954 -0.5553
vn -0.2530 -0.7952 -0.5511
vn -0.2381 -0.9336 -0.2677
vn -0.2413 -0.9357 -0.2574
vn -0.2334 -0.9722 0.0186
vn -0.2391 -0.9704 0.0333
vn -0.2448 -0.9696 0.0060
vn -0.2460 -0.9311 0.2692
vn -0.2368 -0.9332 0.2701
vn -0.2461 -0.8257 0.5076
vn -0.2454 -0.8266 0.5064
vn -0.2488 -0.6511 0.7170
vn -0.2492 -0.6495 0.7184
vn -0.2517 -0.4290 0.8675
vn -0.2447 -0.4279 0.8701
vn -0.2449 -0.2333 0.9411
vn -0.2408 -0.2369 0.9412
vn -0.2561 -0.3233 -0.9110
vn -0.2707 -0.3393 -0.9009
vn -0.2691 -0.5821 -0.7673
vn -0.2909 -0.5950 -0.7492
vn -0.2755 -0.7942 -0.5416
vn -0.3180 -0.7990 -0.5104
vn -0.2780 -0.9308 -0.2373
vn -0.3347 -0.9196 -0.2056
vn -0.2736 -0.9602 0.0572
vn -0.3172 -0.9455 0.0736
vn -0.2664 -0.9175 0.2953
vn -0.2937 -0.9041 0.3104
vn -0.2473 -0.9286 0.2766
vn -0.2602 -0.8232 0.5047
vn -0.2687 -0.8178 0.5090
vn -0.2586 -0.6432 0.7207
vn -0.2768 -0.6425 0.7145
vn -0.2488 -0.4301 0.8678
vn -0.2718 -0.4253 0.8633
vn -0.2473 -0.2317 0.9408
vn -0.2579 -0.2316 0.9380
vn -0.9118 0.0683 0.4048
vn -0.1429 0.3485 0.9264
vn -0.7004 -0.3153 -0.6403
vn -0.6776 -0.5312 -0.5085
vn -0.9365 0.1050 0.3347
vn -0.3150 -0.3603 -0.8781
vn -0.3571 -0.6079 -0.7092
vn -0.1828 0.6121 0.7694
vn -0.0236 0.6333 0.7735
vn -0.0329 0.3516 0.9356
vn 0.0039 0.6240 0.7814
vn -0.0022 0.3418 0.9398
vn 0.0034 0.3393 0.9407
vn -0.0101 0.3354 0.9420
vn -0.0216 0.3299 0.9438
vn 0.0132 0.6123 0.7906
vn -0.0051 0.6044 0.7966
vn 0.0087 0.6154 0.7882
vn 0.0156 0.8379 0.5456
vn 0.0231 0.8328 0.5531
vn 0.0127 0.8493 0.5277
vn 0.0073 0.9791 0.2031
vn 0.0100 0.9737 0.2275
vn -0.0068 0.9922 -0.1243
vn -0.0051 0.9946 -0.1033
vn -0.0209 0.9053 -0.4243
vn -0.0084 0.9153 -0.4027
vn -0.0721 0.8979 -0.4342
vn -0.1327 0.7292 -0.6713
vn -0.0249 0.7349 -0.6777
vn -0.5397 0.8039 -0.2498
vn -0.6945 0.5949 -0.4047
vn -0.9026 -0.1552 0.4016
vn -0.8752 -0.1830 0.4478
vn -0.3997 -0.7285 0.5564
vn -0.4196 -0.5663 0.7094
vn -0.2933 -0.7969 0.5281
vn -0.3161 -0.6214 0.7169
vn -0.3198 -0.4171 0.8508
vn -0.4219 -0.4050 0.8111
vn -0.2905 -0.2454 0.9249
vn -0.3921 -0.2790 0.8766
vn -0.0158 0.3332 0.9427
vn -0.0061 0.3360 0.9419
vn -0.0134 0.6012 0.7990
vn -0.0041 0.6010 0.7992
vn -0.0061 0.8231 0.5678
vn 0.0002 0.8186 0.5744
vn 0.0073 0.8281 0.5606
vn 0.0068 0.9674 0.2532
vn 0.0002 0.9641 0.2657
vn 0.0116 0.9696 0.2443
vn -0.0029 0.9970 -0.0779
vn 0.0009 0.9976 -0.0692
vn 0.0024 0.9209 -0.3898
vn -0.0002 0.9253 -0.3793
vn 0.0084 0.7542 -0.6566
vn 0.0025 0.7615 -0.6481
vn -0.0011 0.7495 -0.6620
vn 0.0084 0.5217 -0.8531
vn 0.0087 0.5339 -0.8455
vn -0.0234 0.5074 -0.8614
vn -0.0309 0.2555 -0.9663
vn 0.0107 0.2684 -0.9632
vn -0.1386 0.4810 -0.8657
vn -0.9024 0.1101 -0.4166
vn -0.7234 -0.2953 0.6241
vn 0.0074 0.2738 -0.9617
vn 0.0011 0.2800 -0.9600
vn 0.0033 0.5437 -0.8393
vn -0.0094 0.2882 -0.9575
vn -0.0114 0.5559 -0.8311
vn -0.0100 0.7686 -0.6397
vn -0.0192 0.5680 -0.8228
vn -0.0123 0.7735 -0.6337
vn -0.0040 0.9298 -0.3681
vn -0.0034 0.9336 -0.3583
vn -0.0151 0.7784 -0.6276
vn -0.0081 0.9364 -0.3509
vn 0.0007 0.9986 -0.0527
vn 0.0007 0.9980 -0.0626
vn -0.0015 0.9990 -0.0446
vn -0.0111 0.9373 -0.3484
vn -0.0042 0.9990 -0.0434
vn 0.0014 0.9595 0.2816
vn 0.0022 0.9615 0.2747
vn 0.0005 0.9582 0.2861
vn -0.0005 0.9987 -0.0518
vn 0.0035 0.9576 0.2880
vn 0.0021 0.8135 0.5816
vn 0.0010 0.8144 0.5803
vn -0.0019 0.8129 0.5825
vn -0.0085 0.9583 0.2855
vn -0.0178 0.8120 0.5834
vn -0.0076 0.6043 0.7967
vn 0.0048 0.6015 0.7989
vn -0.0266 0.6039 0.7966
vn -0.0623 0.8097 0.5835
vn -0.0732 0.6026 0.7947
vn -0.0305 0.3149 0.9486
vn -0.0134 0.3178 0.9481
vn -0.0728 0.3185 0.9451
vn -0.2532 0.5909 0.7660
vn -0.2416 0.3223 0.9153
vn -0.6167 0.2916 0.7312
vn -0.9153 0.1836 0.3584
vn -0.9174 0.2762 0.2864
vn -0.6305 0.4928 0.5997
vn -0.6256 0.6161 0.4785
vn -0.9301 0.2897 0.2257
vn -0.2349 0.7809 0.5787
vn -0.1685 0.9332 0.3175
vn -0.6008 0.7362 0.3116
vn -0.0373 0.9558 0.2917
vn -0.0022 0.9985 -0.0555
vn -0.0868 0.9959 -0.0260
vn -0.0024 0.9981 -0.0613
vn -0.0009 0.9370 -0.3493
vn 0.0141 0.9362 -0.3513
vn -0.0086 0.9371 -0.3490
vn -0.0113 0.7859 -0.6183
vn -0.0003 0.7887 -0.6147
vn -0.0158 0.7836 -0.6211
vn -0.0200 0.5782 -0.8157
vn -0.0140 0.5762 -0.8172
vn -0.0196 0.5763 -0.8170
vn -0.0238 0.3073 -0.9513
vn -0.0237 0.3103 -0.9503
vn -0.0218 0.2989 -0.9540
vn 0.0015 0.3374 0.9414
vn 0.0006 0.3304 0.9438
vn 0.0005 0.5992 0.8006
vn -0.9987 0.0048 -0.0511
vn -0.9984 0.0024 -0.0572
vn -0.9991 0.0060 -0.0411
vn -0.9990 0.0436 -0.0055
vn -0.9487 0.2861 0.1347
vn -0.5623 0.8269 0.0051
vn -0.5765 0.7442 -0.3373
vn -0.0625 0.9285 -0.3660
vn -0.1162 0.7417 -0.6606
vn 0.0039 0.7816 -0.6238
vn -0.0219 0.5522 -0.8334
vn -0.1676 0.5139 -0.8413
vn -0.0065 0.5706 -0.8212
vn -0.0198 0.3082 -0.9511
vn -0.0495 0.2906 -0.9556
vn -0.0175 0.3116 -0.9501
vn -0.1700 0.2716 -0.9473
vn -0.0726 0.0686 -0.9950
vn -0.8600 -0.1977 -0.4704
vn -0.0647 0.0763 -0.9950
vn 0.0794 0.1293 -0.9884
vn 0.3717 -0.7925 -0.4835
vn 0.1389 -0.6862 -0.7140
vn 0.0053 -0.9816 -0.1910
vn 0.0588 0.0843 -0.9947
vn -0.5888 -0.3240 -0.7405
vn 0.3150 -0.2165 0.9241
vn 0.1308 -0.9856 -0.1070
vn 0.1411 -0.0660 -0.9878
vn 0.1284 -0.0359 -0.9911
vn 0.1490 -0.0530 -0.9874
vn -0.2394 0.9693 0.0562
vn -0.1657 0.9757 -0.1432
vn 0.6648 -0.2817 0.6919
vn 0.8004 -0.5991 -0.0207
vn 0.3831 -0.5470 -0.7444
vn -0.1167 -0.0204 0.9930
vn -0.1166 -0.0204 0.9930
vn -0.1167 -0.0203 0.9930
s 1
usemtl Gidder_mat
f 1//1 90//2 91//3 92//4
f 1//1 92//4 93//5 3//6
f 2//7 94//8 95//9 96//10
f 3//6 93//5 97//11 94//8
f 4//12 5//13 98//14 99//15
f 5//13 7//16 100//17 98//14
f 6//18 101//19 20//20 102//21
f 8//22 103//23 104//24 105//25
f 8//22 105//25 106//26 100//17
f 10//27 107//28 108//29 109//30
f 10//27 109//30 110//31 24//32
f 10//27 24//32 111//33 4730//34
f 11//35 113//36 114//37 115//38
f 4731//39 116//40 117//41 4732//42
f 4731//39 4733//43 118//44 116//40
f 12//45 119//46 120//47 13//48
f 12//45 121//49 122//50 119//46
f 13//48 120//47 123//51 124//52
f 4734//53 125//54 126//55 127//56
f 4734//53 127//56 118//44 4733//43
f 4736//57 4735//58 128//59 129//60
f 4736//57 129//60 130//61 4737//62
f 4738//63 4737//62 130//61 131//64
f 4738//63 131//64 132//65 4739//66
f 4740//67 133//68 134//69 4741//70
f 4740//67 135//71 136//72 133//68
f 14//73 139//74 140//75 141//76
f 14//73 142//77 143//78 139//74
f 15//79 146//80 147//81 148//82
f 15//79 145//83 144//84 146//80
f 15//79 148//82 149//85 150//86
f 16//87 151//88 152//89 17//90
f 16//87 153//91 154//92 155//93
f 16//87 155//93 156//94 157//95
f 17//90 158//96 159//97 160//98
f 17//90 160//98 161//99 162//100
f 17//90 162//100 19//101 16//87
f 18//102 163//103 156//94 155//93
f 18//102 164//104 165//105 163//103
f 18//102 155//93 154//92 164//104
f 16//87 19//101 166//106 153//91
f 19//101 162//100 167//107 168//108
f 19//101 168//108 169//109 170//110
f 19//101 170//110 171//111 166//106
f 21//112 172//113 173//114 174//115
f 21//112 175//116 176//117 177//118
f 21//112 178//119 179//120 175//116
f 21//112 174//115 180//121 178//119
f 22//122 181//123 182//124 183//125
f 22//122 184//126 185//127 181//123
f 22//122 183//125 186//128 184//126
f 23//129 187//130 164//104 154//92
f 23//129 188//131 189//132 187//130
f 23//129 166//106 171//111 190//133
f 23//129 190//133 191//134 188//131
f 9//135 96//10 95//9 192//136
f 9//135 192//136 193//137 108//29
f 24//32 110//31 194//138 111//33
f 25//139 190//133 171//111 195//140
f 25//139 195//140 196//141 197//142
f 25//139 197//142 191//134 190//133
f 26//143 198//144 199//145 200//146
f 26//143 201//147 202//148 203//149
f 26//143 200//146 204//150 201//147
f 203//149 205//151 27//152 29//153
f 26//143 203//149 29//153 206//154
f 27//152 205//151 207//155 208//156
f 28//157 209//158 210//159 211//160
f 28//157 211//160 199//145 198//144
f 28//157 27//152 208//156 209//158
f 30//161 189//132 188//131 212//162
f 30//161 212//162 213//163 214//164
f 30//161 214//164 31//165 32//166
f 32//166 215//167 216//168 30//161
f 32//166 31//165 217//169 218//170
f 33//171 219//172 220//173 221//174
f 33//171 222//175 223//176 219//172
f 33//171 221//174 224//177 222//175
f 34//178 228//179 229//180 35//181
f 34//178 35//181 227//182 226//183
f 34//178 226//183 225//184 228//179
f 35//181 231//185 230//186 227//182
f 35//181 229//180 232//187 233//188
f 35//181 233//188 234//189 231//185
f 36//190 235//191 236//192 234//189
f 36//190 234//189 233//188 237//193
f 36//190 237//193 238//194 235//191
f 37//195 242//196 243//197 239//198
f 38//199 241//200 240//201 244//202
f 38//199 245//203 246//204 247//205
f 38//199 247//205 39//206 241//200
f 39//206 40//207 248//208 242//196
f 39//206 247//205 41//209 40//210
f 40//207 249//211 250//212 251//213
f 40//207 251//213 252//214 248//208
f 40//210 253//215 42//216 249//211
f 40//210 41//209 254//217 253//215
f 41//209 247//205 246//204 254//217
f 42//216 253//215 255//218 256//219
f 42//216 256//219 257//220 258//221
f 43//222 259//223 260//224 250//212
f 44//225 261//226 262//227 263//228
f 44//225 263//228 264//229 265//230
f 44//225 266//231 267//232 261//226
f 44//225 268//233 269//234 266//231
f 44//225 45//235 46//236 268//233
f 44//225 265//230 270//237 271//238
f 44//225 271//238 272//239 45//235
f 45//235 273//240 267//232 266//231
f 45//235 272//239 274//241 273//240
f 46//236 45//235 275//242 276//243
f 46//236 276//243 277//244 278//245
f 46//236 278//245 279//246 280//247
f 45//235 281//248 282//249 275//242
f 47//250 283//251 257//220 284//252
f 47//250 285//253 286//254 283//251
f 47//250 284//252 287//255 285//253
f 48//256 288//257 289//258 51//259
f 48//256 290//260 291//261 292//262
f 48//256 51//259 293//263 290//260
f 49//264 268//233 46//236 280//247
f 49//264 280//247 294//265 295//266
f 49//264 296//267 297//268 298//269
f 49//264 298//269 269//234 268//233
f 50//270 299//271 300//272 301//273
f 50//270 301//273 302//274 303//275
f 50//270 303//275 304//276 299//271
f 51//259 305//277 306//278 293//263
f 51//259 289//258 307//279 308//280
f 51//259 308//280 53//281 305//277
f 52//282 310//283 311//284 312//285
f 304//276 303//275 310//283 52//282
f 52//282 312//285 313//286 304//276
f 53//281 308//280 314//287 315//288
f 53//281 315//288 316//289 305//277
f 54//290 317//291 318//292 55//293
f 54//290 55//293 319//294 320//295
f 54//290 320//295 321//296 317//291
f 55//293 318//292 322//297 319//294
f 56//298 323//299 324//300 325//301
f 57//302 327//303 328//304 58//305
f 57//302 58//305 60//306 329//307
f 57//302 329//307 330//308 327//303
f 58//305 331//309 59//310 60//306
f 59//310 332//311 333//312 334//313
f 59//310 335//314 336//315 332//311
f 59//310 334//313 329//307 60//306
f 61//316 63//317 337//318 62//319
f 62//319 338//320 339//321 340//322
f 61//316 62//319 340//322 341//323
f 62//319 337//318 342//324 338//320
f 339//321 343//325 344//326 340//322
f 64//327 345//328 344//326 346//329
f 64//327 347//330 348//331 345//328
f 64//327 346//329 349//332 66//333
f 65//334 350//335 351//336 352//337
f 65//334 353//338 354//339 350//335
f 66//333 355//340 356//341 65//334
f 67//342 357//343 358//344 359//345
f 67//342 360//346 361//347 357//343
f 67//342 362//348 363//349 364//350
f 69//351 366//352 367//353 368//354
f 69//351 369//355 370//356 366//352
f 69//351 368//354 371//357 369//355
f 359//345 372//358 373//359 374//360
f 70//361 365//362 359//345 374//360
f 70//361 374//360 375//363 71//364
f 72//365 376//366 377//367 378//368
f 72//365 379//369 380//370 376//366
f 72//365 381//371 382//372 379//369
f 72//365 73//373 383//374 381//371
f 72//365 384//375 385//376 73//373
f 73//373 386//377 387//378 388//379
f 73//373 388//379 389//380 383//374
f 73//373 385//376 390//381 391//382
f 390//381 385//376 392//383 393//384
f 390//381 393//384 394//385 395//386
f 74//387 398//388 399//389 400//390
f 74//387 401//391 402//392 398//388
f 74//387 400//390 77//393 401//391
f 75//394 403//395 404//396 76//397
f 75//394 76//397 77//398 400//399
f 75//394 400//399 399//400 403//395
f 76//397 404//396 80//401 405//402
f 76//397 405//402 406//403 407//404
f 76//397 407//404 408//405 77//398
f 77//393 408//405 409//406 410//407
f 77//393 410//407 411//408 401//391
f 78//409 412//410 413//411 414//412
f 78//409 414//412 415//413 416//414
f 78//409 80//401 404//396 412//410
f 78//409 417//415 418//416 80//401
f 79//417 408//405 407//404 420//418
f 79//417 421//419 409//406 408//405
f 80//401 411//408 410//407 405//402
f 80//401 418//416 422//420 411//408
f 81//421 426//422 427//423 82//421
f 81//424 424//425 423//426 426//427
f 81//428 82//429 425//430 424//430
f 82//431 427//432 429//433 430//434
f 82//431 83//435 428//436 425//436
f 82//431 430//434 431//437 83//435
f 83//435 431//437 433//438 434//439
f 83//435 434//439 435//440 84//441
f 83//442 84//443 432//444 428//445
f 84//443 435//446 436//447 432//444
f 85//448 137//449 437//450 438//451
f 85//448 438//451 439//452 86//453
f 86//453 439//452 443//454 444//455
f 86//453 444//455 445//456 446//457
f 86//453 446//457 442//458 441//459
f 86//453 441//459 440//460 85//448
f 87//461 447//462 88//463 448//464
f 87//461 449//465 450//466 451//467
f 87//461 452//468 453//469 449//465
f 87//461 448//464 454//470 452//471
f 88//463 447//472 455//473 456//474
f 88//463 456//474 457//475 448//464
f 461//476 462//477 463//478 464//479
f 461//476 464//479 465//480 458//481
f 461//476 460//482 466//483 462//477
f 466//483 467//484 468//485 462//477
f 466//483 460//482 459//486 469//487
f 466//483 469//487 470//488 467//484
f 470//488 471//489 472//490 467//484
f 470//488 469//487 473//491 474//492
f 470//488 474//492 475//493 471//489
f 475//493 476//494 477//495 471//489
f 475//493 474//492 478//496 479//497
f 475//493 479//497 480//498 476//494
f 480//498 481//499 482//500 476//494
f 480//498 479//497 483//501 484//502
f 480//498 484//502 485//503 481//499
f 485//503 486//504 487//505 481//499
f 485//503 484//502 488//506 489//507
f 485//503 489//507 490//508 486//504
f 490//508 491//509 492//510 486//504
f 490//508 489//507 493//511 494//512
f 490//508 494//512 495//513 491//509
f 495//513 496//514 497//515 491//509
f 495//513 494//512 498//516 499//517
f 495//513 499//517 500//518 496//514
f 500//518 501//519 502//520 496//514
f 500//518 499//517 503//521 504//522
f 500//518 504//522 505//523 501//519
f 505//523 506//524 507//525 501//519
f 505//523 504//522 508//526 509//527
f 505//523 509//527 510//528 506//524
f 510//528 511//529 512//530 506//524
f 510//528 509//527 513//531 514//532
f 510//528 514//532 515//533 511//529
f 515//533 516//534 517//535 511//529
f 515//533 514//532 518//536 519//537
f 515//533 519//537 520//538 516//534
f 520//538 521//539 522//540 516//534
f 520//538 519//537 523//541 524//542
f 520//538 524//542 525//543 521//539
f 525//543 442//458 446//457 521//539
f 527//544 526//545 528//546 529//547
f 527//544 529//547 426//427 423//426
f 529//548 528//549 530//550 531//551
f 529//548 531//551 427//423 426//422
f 531//552 530//553 532//554 533//555
f 531//552 533//555 429//433 427//432
f 533//555 532//554 534//556 535//557
f 533//555 535//557 536//558 429//433
f 536//558 535//557 537//559 538//560
f 536//558 538//560 539//561 540//562
f 536//558 540//562 430//434 429//433
f 540//562 539//561 541//563 542//564
f 540//562 542//564 431//437 430//434
f 542//564 541//563 543//565 544//566
f 542//564 544//566 433//438 431//437
f 544//566 543//565 443//454 439//452
f 544//566 439//452 438//451 433//438
f 543//565 541//563 545//567 546//568
f 543//565 546//568 547//569 443//454
f 547//569 546//568 548//570 549//571
f 547//569 549//571 550//572 551//573
f 547//569 551//573 444//455 443//454
f 551//573 550//572 552//574 553//575
f 551//573 553//575 445//456 444//455
f 553//575 552//574 554//576 555//577
f 553//575 555//577 522//540 445//456
f 555//577 554//576 556//578 517//535
f 555//577 517//535 516//534 522//540
f 556//578 554//576 557//579 558//580
f 556//578 558//580 559//581 512//530
f 556//578 512//530 511//529 517//535
f 559//581 558//580 560//582 561//583
f 559//581 561//583 562//584 507//525
f 559//581 507//525 506//524 512//530
f 562//585 561//586 563//587 564//588
f 562//585 564//588 565//589 502//590
f 562//584 502//520 501//519 507//525
f 565//589 564//588 566//591 567//592
f 565//589 567//592 568//593 497//515
f 565//589 497//515 496//514 502//590
f 568//593 567//592 569//594 570//595
f 568//593 570//595 571//596 492//510
f 568//593 492//510 491//509 497//515
f 571//596 570//595 572//597 573//598
f 571//596 573//598 574//599 487//505
f 571//596 487//505 486//504 492//510
f 574//599 573//598 575//600 576//601
f 574//599 576//601 577//602 482//500
f 574//599 482//500 481//499 487//505
f 577//602 576//601 578//603 579//604
f 577//602 579//604 580//605 477//495
f 577//602 477//495 476//494 482//500
f 580//605 579//604 581//606 582//607
f 580//605 582//607 583//608 472//490
f 580//605 472//490 471//489 477//495
f 583//608 582//607 584//609 585//610
f 583//608 585//610 586//611 468//485
f 583//608 468//485 467//484 472//490
f 586//611 585//610 587//612 588//613
f 586//611 588//613 589//614 463//478
f 586//611 463//478 462//477 468//485
f 589//614 588//613 590//615 591//616
f 589//614 591//616 592//617 593//618
f 589//614 593//618 464//479 463//478
f 593//618 592//617 594//619 595//620
f 593//618 595//620 465//480 464//479
f 595//620 594//619 596//621 597//622
f 595//620 597//622 598//623 465//480
f 598//623 473//491 469//487 459//486
f 598//623 459//486 458//481 465//480
f 598//623 597//622 599//624 473//491
f 599//624 478//496 474//492 473//491
f 599//624 597//622 596//621 600//625
f 599//624 600//625 601//626 478//496
f 601//626 483//501 479//497 478//496
f 601//626 600//625 602//627 603//628
f 601//626 603//628 604//629 483//501
f 604//629 488//506 484//502 483//501
f 604//629 603//628 605//630 606//631
f 604//629 606//631 607//632 488//506
f 607//632 493//511 489//507 488//506
f 607//632 606//631 608//633 609//634
f 607//632 609//634 610//635 493//511
f 610//635 498//516 494//512 493//511
f 610//635 609//634 611//636 612//637
f 610//635 612//637 613//638 498//516
f 613//638 503//521 499//517 498//516
f 613//638 612//637 614//639 615//640
f 613//638 615//640 616//641 503//521
f 616//641 508//526 504//522 503//521
f 616//641 615//640 617//642 618//643
f 616//641 618//643 619//644 508//526
f 619//644 513//531 509//527 508//526
f 619//644 618//643 620//645 621//646
f 619//644 621//646 622//647 513//531
f 622//647 518//536 514//532 513//531
f 622//647 621//646 623//648 624//649
f 622//647 624//649 625//650 518//536
f 625//650 523//541 519//537 518//536
f 627//651 626//652 628//653 629//654
f 627//651 629//654 528//546 526//545
f 629//655 628//653 630//656 631//657
f 629//655 631//657 530//550 528//549
f 631//658 630//656 632//659 633//660
f 631//658 633//660 532//554 530//553
f 633//660 632//659 634//661 635//662
f 633//660 635//662 534//556 532//554
f 635//662 634//661 636//663 637//664
f 635//662 637//664 638//665 534//556
f 638//665 637//664 639//666 640//667
f 638//665 640//667 641//668 537//559
f 638//665 537//559 535//557 534//556
f 641//668 640//667 642//669 643//670
f 641//668 643//670 644//671 645//672
f 641//668 645//672 538//560 537//559
f 645//672 644//671 646//673 647//674
f 645//672 647//674 539//561 538//560
f 647//674 646//673 648//675 545//567
f 647//674 545//567 541//563 539//561
f 648//675 646//673 649//676 650//677
f 648//675 650//677 450//466 548//570
f 648//675 548//570 546//568 545//567
f 650//677 649//676 651//678 652//679
f 650//677 652//679 451//467 450//466
f 652//679 651//678 653//680 654//681
f 652//679 654//681 655//682 451//467
f 655//682 654//681 656//683 657//684
f 655//682 657//684 455//473 447//472
f 655//682 447//462 87//461 451//467
f 657//684 656//683 658//685 659//686
f 657//684 659//686 660//687 455//473
f 660//687 659//686 661//688 662//689
f 660//687 662//689 663//690 664//691
f 660//687 664//691 456//474 455//473
f 664//691 663//690 665//692 666//693
f 664//691 666//693 457//475 456//474
f 666//693 665//692 667//694 668//695
f 666//693 668//695 669//696 457//475
f 669//696 668//695 670//697 671//698
f 669//696 671//698 672//699 454//470
f 669//696 454//470 448//464 457//475
f 672//699 671//698 673//700 674//701
f 672//699 674//701 675//702 676//703
f 672//699 676//703 452//471 454//470
f 676//704 675//705 557//579 677//706
f 676//704 677//706 453//469 452//468
f 677//706 557//579 554//576 552//574
f 677//706 552//574 550//572 453//469
f 675//702 674//701 678//707 560//708
f 675//705 560//582 558//580 557//579
f 678//707 674//701 673//700 679//709
f 678//707 679//709 680//710 563//587
f 678//707 563//587 561//586 560//708
f 680//710 679//709 681//711 682//712
f 680//710 682//712 683//713 566//591
f 680//710 566//591 564//588 563//587
f 683//713 682//712 684//714 685//715
f 683//713 685//715 686//716 569//594
f 683//713 569//594 567//592 566//591
f 686//716 685//715 687//717 688//718
f 686//716 688//718 689//719 572//597
f 686//716 572//597 570//595 569//594
f 689//719 688//718 690//720 691//721
f 689//719 691//721 692//722 575//600
f 689//719 575//600 573//598 572//597
f 692//722 691//721 693//723 694//724
f 692//722 694//724 695//725 578//603
f 692//722 578//603 576//601 575//600
f 695//725 694//724 696//726 697//727
f 695//725 697//727 698//728 581//606
f 695//725 581//606 579//604 578//603
f 698//728 697//727 699//729 700//730
f 698//728 700//730 701//731 584//609
f 698//728 584//609 582//607 581//606
f 701//731 700//730 702//732 703//733
f 701//731 703//733 704//734 587//612
f 701//731 587//612 585//610 584//609
f 704//734 703//733 705//735 706//736
f 704//734 706//736 707//737 590//615
f 704//734 590//615 588//613 587//612
f 707//737 706//736 708//738 709//739
f 707//737 709//739 710//740 711//741
f 707//737 711//741 591//616 590//615
f 711//741 710//740 712//742 713//743
f 711//741 713//743 592//617 591//616
f 713//743 712//742 714//744 715//745
f 713//743 715//745 594//619 592//617
f 715//745 714//744 716//746 717//747
f 715//745 717//747 596//621 594//619
f 717//747 602//627 600//625 596//621
f 717//747 716//746 718//748 602//627
f 718//748 605//630 603//628 602//627
f 718//748 716//746 719//749 720//750
f 718//748 720//750 721//751 605//630
f 721//751 608//633 606//631 605//630
f 721//751 720//750 722//752 723//753
f 721//751 723//753 724//754 608//633
f 724//754 611//636 609//634 608//633
f 724//754 723//753 725//755 726//756
f 724//754 726//756 727//757 611//636
f 727//757 614//639 612//637 611//636
f 727//757 726//756 728//758 729//759
f 727//757 729//759 730//760 614//639
f 730//760 617//642 615//640 614//639
f 730//760 729//759 140//75 139//74
f 730//760 139//74 143//78 617//642
f 729//759 728//758 731//761 140//75
f 731//761 728//758 732//762 733//763
f 731//761 733//763 734//764 735//765
f 731//761 735//765 141//76 140//75
f 736//766 623//648 621//646 620//645
f 736//766 620//645 143//78 142//77
f 738//767 737//768 739//769 740//770
f 738//767 740//770 628//653 626//652
f 740//770 739//769 741//771 742//772
f 740//770 742//772 630//656 628//653
f 742//772 741//771 743//773 744//774
f 742//772 744//774 632//659 630//656
f 744//774 743//773 745//775 746//776
f 744//774 746//776 634//661 632//659
f 746//776 745//775 747//777 748//778
f 746//776 748//778 636//663 634//661
f 748//778 747//777 749//779 750//780
f 748//778 750//780 751//781 636//663
f 751//781 750//780 752//782 753//783
f 751//781 753//783 754//784 639//666
f 751//781 639//666 637//664 636//663
f 754//784 753//783 755//785 756//786
f 754//784 756//786 757//787 642//669
f 754//784 642//669 640//667 639//666
f 757//787 756//786 758//788 759//789
f 757//787 759//789 760//790 761//791
f 757//787 761//791 643//670 642//669
f 761//791 760//790 762//792 763//793
f 761//791 763//793 644//671 643//670
f 763//793 762//792 651//678 649//676
f 763//793 649//676 646//673 644//671
f 762//792 760//790 764//794 765//795
f 762//792 765//795 653//680 651//678
f 765//795 764//794 766//796 767//797
f 765//795 767//797 768//798 653//680
f 768//798 767//799 769//800 770//801
f 768//798 770//801 658//685 656//683
f 768//798 656//683 654//681 653//680
f 770//801 769//800 771//802 772//803
f 770//801 772//803 773//804 658//685
f 773//804 772//803 774//805 775//806
f 773//804 775//806 776//807 661//688
f 773//804 661//688 659//686 658//685
f 776//807 775//806 777//808 778//809
f 776//807 778//809 779//810 780//811
f 776//807 780//811 662//689 661//688
f 780//811 779//810 781//812 782//813
f 780//811 782//813 663//690 662//689
f 782//813 781//812 783//814 784//815
f 782//813 784//815 665//692 663//690
f 784//815 783//814 785//816 786//817
f 784//815 786//817 667//694 665//692
f 786//817 785//816 787//818 788//819
f 786//817 788//819 789//820 667//694
f 789//820 788//819 790//821 791//822
f 789//820 791//822 792//823 670//697
f 789//820 670//697 668//695 667//694
f 792//823 791//822 793//824 681//711
f 792//823 681//711 679//709 673//700
f 792//823 673//700 671//698 670//697
f 793//824 791//822 790//821 794//825
f 793//824 794//825 795//826 684//714
f 793//824 684//714 682//712 681//711
f 795//826 794//825 796//827 797//828
f 795//826 797//828 798//829 687//717
f 795//826 687//717 685//715 684//714
f 798//829 797//828 799//830 800//831
f 798//829 800//831 801//832 690//720
f 798//829 690//720 688//718 687//717
f 801//832 800//831 802//833 803//834
f 801//832 803//834 804//835 693//723
f 801//832 693//723 691//721 690//720
f 804//835 803//834 805//836 806//837
f 804//835 806//837 807//838 696//726
f 804//835 696//726 694//724 693//723
f 807//838 806//837 808//839 809//840
f 807//838 809//840 810//841 699//729
f 807//838 699//729 697//727 696//726
f 810//841 809//840 811//842 812//843
f 810//841 812//843 813//844 702//732
f 810//841 702//732 700//730 699//729
f 813//844 812//843 814//845 815//846
f 813//844 815//846 816//847 705//735
f 813//844 705//735 703//733 702//732
f 816//847 815//846 817//848 818//849
f 816//847 818//849 819//850 708//738
f 816//847 708//738 706//736 705//735
f 819//850 818//849 820//851 821//852
f 819//850 821//852 822//853 823//854
f 819//850 823//854 709//739 708//738
f 823//854 822//853 824//855 825//856
f 823//854 825//856 710//740 709//739
f 825//856 824//855 826//857 827//858
f 825//856 827//858 712//742 710//740
f 827//858 826//857 828//859 829//860
f 827//858 829//860 714//744 712//742
f 829//860 828//859 830//861 719//749
f 829//860 719//749 716//746 714//744
f 830//861 722//752 720//750 719//749
f 830//861 828//859 831//862 832//863
f 830//861 832//863 833//864 722//752
f 833//864 725//755 723//753 722//752
f 833//864 832//863 834//865 835//866
f 833//864 835//866 732//762 725//755
f 835//866 834//865 836//867 837//868
f 835//866 837//868 733//763 732//762
f 837//868 836//867 838//869 839//870
f 837//868 839//870 734//764 733//763
f 841//871 840//872 842//873 843//874
f 841//871 843//874 739//769 737//768
f 843//874 842//873 844//875 845//876
f 843//874 845//876 741//771 739//769
f 845//876 844//875 846//877 847//878
f 845//876 847//878 743//773 741//771
f 847//878 846//877 848//879 849//880
f 847//878 849//880 745//775 743//773
f 849//880 848//879 850//881 851//882
f 849//880 851//882 747//777 745//775
f 851//882 850//881 852//883 853//884
f 851//882 853//884 749//779 747//777
f 853//884 852//883 854//885 855//886
f 853//884 855//886 856//887 749//779
f 856//887 855//886 857//888 858//889
f 856//887 858//889 859//890 752//782
f 856//887 752//782 750//780 749//779
f 859//890 858//889 860//891 861//892
f 859//890 861//892 862//893 755//785
f 859//890 755//785 753//783 752//782
f 862//893 861//892 863//894 864//895
f 862//893 864//895 865//896 758//788
f 862//893 758//788 756//786 755//785
f 865//896 864//895 866//897 867//898
f 865//896 867//898 868//899 869//900
f 865//896 869//900 759//789 758//788
f 869//900 868//899 766//796 764//794
f 869//900 764//794 760//790 759//789
f 868//899 867//898 870//901 871//902
f 868//899 871//902 872//903 766//904
f 872//903 871//902 873//905 874//802
f 872//903 874//802 771//802 769//800
f 872//903 769//800 767//799 766//904
f 874//802 873//905 875//906 876//907
f 874//802 876//907 877//908 771//802
f 877//908 876//907 878//909 879//910
f 877//908 879//910 880//911 774//805
f 877//908 774//805 772//803 771//802
f 880//911 879//910 881//912 882//913
f 880//911 882//913 883//914 777//808
f 880//911 777//808 775//806 774//805
f 883//914 882//913 884//915 885//916
f 883//914 885//916 886//917 887//918
f 883//914 887//918 778//809 777//808
f 887//918 886//917 888//919 889//920
f 887//918 889//920 779//810 778//809
f 889//920 888//919 890//921 891//922
f 889//920 891//922 781//812 779//810
f 891//922 890//921 892//923 893//924
f 891//922 893//924 783//814 781//812
f 893//924 892//923 894//925 895//926
f 893//924 895//926 785//816 783//814
f 895//926 894//925 896//927 897//928
f 895//926 897//928 787//818 785//816
f 897//928 896//927 898//929 899//930
f 897//928 899//930 900//931 787//818
f 900//931 899//930 901//932 796//827
f 900//931 796//827 794//825 790//821
f 900//931 790//821 788//819 787//818
f 901//932 899//930 898//929 902//933
f 901//932 902//933 903//934 799//830
f 901//932 799//830 797//828 796//827
f 903//934 902//933 904//935 905//936
f 903//934 905//936 906//937 802//833
f 903//934 802//833 800//831 799//830
f 906//937 905//936 907//938 908//939
f 906//937 908//939 909//940 805//836
f 906//937 805//836 803//834 802//833
f 909//940 908//939 910//941 911//942
f 909//940 911//942 912//943 808//839
f 909//940 808//839 806//837 805//836
f 912//943 911//942 913//944 914//945
f 912//943 914//945 915//946 811//842
f 912//943 811//842 809//840 808//839
f 915//946 914//945 916//947 917//948
f 915//946 917//948 918//949 814//845
f 915//946 814//845 812//843 811//842
f 918//949 917//948 919//950 920//951
f 918//949 920//951 921//952 817//848
f 918//949 817//848 815//846 814//845
f 921//952 920//951 922//953 923//954
f 921//952 923//954 924//955 820//851
f 921//952 820//851 818//849 817//848
f 924//955 923//954 925//956 926//957
f 924//955 926//957 927//958 928//959
f 924//955 928//959 821//852 820//851
f 928//959 927//958 929//960 930//961
f 928//959 930//961 822//853 821//852
f 930//961 929//960 931//962 932//963
f 930//961 932//963 824//855 822//853
f 932//963 931//962 933//964 934//965
f 932//963 934//965 826//857 824//855
f 934//965 933//964 935//966 831//862
f 934//965 831//862 828//859 826//857
f 935//966 933//964 936//967 937//968
f 935//966 937//968 836//867 834//865
f 935//966 834//865 832//863 831//862
f 937//968 936//967 938//969 939//970
f 937//968 939//970 838//869 836//867
f 941//971 940//972 942//973 943//974
f 941//971 943//974 842//873 840//872
f 943//974 942//973 944//975 945//976
f 943//974 945//976 844//875 842//873
f 945//976 944//975 946//977 947//978
f 945//976 947//978 846//877 844//875
f 947//978 946//977 948//979 949//980
f 947//978 949//980 848//879 846//877
f 949//980 948//979 950//981 951//982
f 949//980 951//982 850//881 848//879
f 951//982 950//981 952//983 953//984
f 951//982 953//984 852//883 850//881
f 953//984 952//983 954//985 955//986
f 953//984 955//986 854//885 852//883
f 955//986 954//985 956//987 957//988
f 955//986 957//988 958//989 854//885
f 958//989 957//988 959//990 960//991
f 958//989 960//991 961//992 857//888
f 958//989 857//888 855//886 854//885
f 961//992 960//991 962//993 963//994
f 961//992 963//994 964//995 860//891
f 961//992 860//891 858//889 857//888
f 964//995 963//994 965//996 966//997
f 964//995 966//997 967//998 863//894
f 964//995 863//894 861//892 860//891
f 967//998 966//997 968//999 969//1000
f 967//998 969//1000 970//1001 866//897
f 967//998 866//897 864//895 863//894
f 970//1001 969//1000 971//1002 972//1003
f 970//1001 972//1003 973//1004 870//901
f 970//1001 870//901 867//898 866//897
f 973//1004 972//1003 974//1005 975//1006
f 973//1004 975//1006 875//906 873//905
f 973//1004 873//905 871//902 870//901
f 975//1006 974//1005 976//1007 977//1008
f 975//1006 977//1008 978//1009 875//906
f 978//1009 977//1008 979//1010 980//1011
f 978//1009 980//1011 981//1012 878//909
f 978//1009 878//909 876//907 875//906
f 981//1012 980//1011 982//1013 983//1014
f 981//1012 983//1014 984//1015 881//912
f 981//1012 881//912 879//910 878//909
f 984//1015 983//1014 985//1016 986//1017
f 984//1015 986//1017 987//1018 884//915
f 984//1015 884//915 882//913 881//912
f 987//1018 986//1017 988//1019 989//1020
f 987//1018 989//1020 990//1021 991//1022
f 987//1018 991//1022 885//916 884//915
f 991//1022 990//1021 992//1023 993//1024
f 991//1022 993//1024 886//917 885//916
f 993//1024 992//1023 994//1025 995//1026
f 993//1024 995//1026 888//919 886//917
f 995//1026 994//1025 996//1027 997//1028
f 995//1026 997//1028 890//921 888//919
f 997//1028 996//1027 998//1029 999//1030
f 997//1028 999//1030 892//923 890//921
f 999//1030 998//1029 1000//1031 1001//1032
f 999//1030 1001//1032 894//925 892//923
f 1001//1032 1000//1031 1002//1033 1003//1034
f 1001//1032 1003//1034 896//927 894//925
f 1003//1034 1002//1033 1004//1035 1005//1036
f 1003//1034 1005//1036 898//929 896//927
f 1005//1036 1004//1035 1006//1037 904//935
f 1005//1036 904//935 902//933 898//929
f 1006//1037 1004//1035 1007//1038 1008//1039
f 1006//1037 1008//1039 1009//1040 907//938
f 1006//1037 907//938 905//936 904//935
f 1009//1040 1008//1039 1010//1041 1011//1042
f 1009//1040 1011//1042 1012//1043 910//941
f 1009//1040 910//941 908//939 907//938
f 1012//1043 1011//1042 1013//1044 1014//1045
f 1012//1043 1014//1045 1015//1046 913//944
f 1012//1043 913//944 911//942 910//941
f 1015//1046 1014//1045 1016//1047 1017//1048
f 1015//1046 1017//1048 1018//1049 916//947
f 1015//1046 916//947 914//945 913//944
f 1018//1049 1017//1048 1019//1050 1020//1051
f 1018//1049 1020//1051 1021//1052 919//950
f 1018//1049 919//950 917//948 916//947
f 1021//1052 1020//1051 1022//1053 1023//1054
f 1021//1052 1023//1054 1024//1055 922//953
f 1021//1052 922//953 920//951 919//950
f 1024//1055 1023//1054 1025//1056 1026//1057
f 1024//1055 1026//1057 1027//1058 925//956
f 1024//1055 925//956 923//954 922//953
f 1027//1058 1026//1057 1028//1059 1029//1060
f 1027//1058 1029//1060 1030//1061 1031//1062
f 1027//1058 1031//1062 926//957 925//956
f 1031//1062 1030//1061 1032//1063 1033//1064
f 1031//1062 1033//1064 927//958 926//957
f 1033//1064 1032//1063 1034//1065 1035//1066
f 1033//1064 1035//1066 929//960 927//958
f 1035//1066 1034//1065 1036//1067 1037//1068
f 1035//1066 1037//1068 931//962 929//960
f 1037//1068 1036//1067 938//969 936//967
f 1037//1068 936//967 933//964 931//962
f 1039//1069 1038//1070 1040//1071 1041//1072
f 1039//1069 1041//1072 942//973 940//972
f 1041//1072 1040//1071 1042//1073 1043//1074
f 1041//1072 1043//1074 944//975 942//973
f 1043//1074 1042//1073 1044//1075 1045//1076
f 1043//1074 1045//1076 946//977 944//975
f 1045//1076 1044//1075 1046//1077 1047//1078
f 1045//1076 1047//1078 948//979 946//977
f 1047//1078 1046//1077 1048//1079 1049//1080
f 1047//1078 1049//1080 950//981 948//979
f 1049//1080 1048//1079 1050//1081 1051//1082
f 1049//1080 1051//1082 952//983 950//981
f 1051//1082 1050//1081 1052//1083 1053//1084
f 1051//1082 1053//1084 954//985 952//983
f 1053//1084 1052//1083 1054//1085 1055//1086
f 1053//1084 1055//1086 956//987 954//985
f 1055//1086 1054//1085 1056//1087 1057//1088
f 1055//1086 1057//1088 1058//1089 956//987
f 1058//1089 1057//1088 1059//1090 1060//1091
f 1058//1089 1060//1091 1061//1092 959//990
f 1058//1089 959//990 957//988 956//987
f 1061//1092 1060//1091 1062//1093 1063//1094
f 1061//1092 1063//1094 1064//1095 962//993
f 1061//1092 962//993 960//991 959//990
f 1064//1095 1063//1094 1065//1096 1066//1097
f 1064//1095 1066//1097 1067//1098 965//996
f 1064//1095 965//996 963//994 962//993
f 1067//1098 1066//1097 1068//1099 1069//1100
f 1067//1098 1069//1100 1070//1101 968//999
f 1067//1098 968//999 966//997 965//996
f 1070//1101 1069//1100 1071//1102 1072//1103
f 1070//1101 1072//1103 1073//1104 971//1002
f 1070//1101 971//1002 969//1000 968//999
f 1073//1104 1072//1103 1074//1105 1075//1106
f 1073//1104 1075//1106 976//1007 974//1005
f 1073//1104 974//1005 972//1003 971//1002
f 1075//1106 1074//1105 1076//1107 1077//1108
f 1075//1106 1077//1108 1078//1109 976//1007
f 1078//1109 1077//1108 1079//1110 1080//1111
f 1078//1109 1080//1111 1081//1112 979//1010
f 1078//1109 979//1010 977//1008 976//1007
f 1081//1112 1080//1111 1082//1113 1083//1114
f 1081//1112 1083//1114 1084//1115 982//1013
f 1081//1112 982//1013 980//1011 979//1010
f 1084//1115 1083//1114 1085//1116 1086//1117
f 1084//1115 1086//1117 1087//1118 985//1016
f 1084//1115 985//1016 983//1014 982//1013
f 1087//1118 1086//1117 1088//1119 1089//1120
f 1087//1118 1089//1120 1090//1121 988//1019
f 1087//1118 988//1019 986//1017 985//1016
f 1090//1121 1089//1120 1091//1122 1092//1123
f 1090//1121 1092//1123 1093//1124 1094//1125
f 1090//1121 1094//1125 989//1020 988//1019
f 1094//1125 1093//1124 1095//1126 1096//1127
f 1094//1125 1096//1127 990//1021 989//1020
f 1096//1127 1095//1126 1097//1128 1098//1129
f 1096//1127 1098//1129 992//1023 990//1021
f 1098//1129 1097//1128 1099//1130 1100//1131
f 1098//1129 1100//1131 994//1025 992//1023
f 1100//1131 1099//1130 1101//1132 1102//1133
f 1100//1131 1102//1133 996//1027 994//1025
f 1102//1133 1101//1132 1103//1134 1104//1135
f 1102//1133 1104//1135 998//1029 996//1027
f 1104//1135 1103//1134 1105//1136 1106//1137
f 1104//1135 1106//1137 1000//1031 998//1029
f 1106//1137 1105//1136 1107//1138 1108//1139
f 1106//1137 1108//1139 1002//1033 1000//1031
f 1108//1139 1107//1138 1109//1140 1007//1038
f 1108//1139 1007//1038 1004//1035 1002//1033
f 1109//1140 1107//1138 1110//1141 1111//1142
f 1109//1140 1111//1142 1112//1143 1010//1041
f 1109//1140 1010//1041 1008//1039 1007//1038
f 1112//1143 1111//1142 1113//1144 1114//1145
f 1112//1143 1114//1145 1115//1146 1013//1044
f 1112//1143 1013//1044 1011//1042 1010//1041
f 1115//1146 1114//1145 1116//1147 1117//1148
f 1115//1146 1117//1148 1118//1149 1016//1047
f 1115//1146 1016//1047 1014//1045 1013//1044
f 1118//1149 1117//1148 1119//1150 1120//1151
f 1118//1149 1120//1151 1121//1152 1019//1050
f 1118//1149 1019//1050 1017//1048 1016//1047
f 1121//1152 1120//1151 1122//1153 1123//1154
f 1121//1152 1123//1154 1124//1155 1022//1053
f 1121//1152 1022//1053 1020//1051 1019//1050
f 1124//1155 1123//1154 1125//1156 1126//1157
f 1124//1155 1126//1157 1127//1158 1025//1056
f 1124//1155 1025//1056 1023//1054 1022//1053
f 1127//1158 1028//1059 1026//1057 1025//1056
f 1129//1159 1128//1160 1130//1161 1131//1162
f 1129//1159 1131//1162 1040//1071 1038//1070
f 1131//1162 1130//1161 1132//1163 1133//1164
f 1131//1162 1133//1164 1042//1073 1040//1071
f 1133//1164 1132//1163 1134//1165 1135//1166
f 1133//1164 1135//1166 1044//1075 1042//1073
f 1135//1166 1134//1165 1136//1167 1137//1168
f 1135//1166 1137//1168 1046//1077 1044//1075
f 1137//1168 1136//1167 1138//1169 1139//1170
f 1137//1168 1139//1170 1048//1079 1046//1077
f 1139//1170 1138//1169 1140//1171 1141//1172
f 1139//1170 1141//1172 1050//1081 1048//1079
f 1141//1172 1140//1171 1142//1173 1143//1174
f 1141//1172 1143//1174 1052//1083 1050//1081
f 1143//1174 1142//1173 1144//1175 1145//1176
f 1143//1174 1145//1176 1054//1085 1052//1083
f 1145//1176 1144//1175 1146//1177 1147//1178
f 1145//1176 1147//1178 1056//1087 1054//1085
f 1147//1178 1146//1177 1148//1179 1149//1180
f 1147//1178 1149//1180 1150//1181 1056//1087
f 1150//1181 1149//1180 1151//1182 1152//1183
f 1150//1181 1152//1183 1153//1184 1059//1090
f 1150//1181 1059//1090 1057//1088 1056//1087
f 1153//1184 1152//1183 1154//1185 1155//1186
f 1153//1184 1155//1186 1156//1187 1062//1093
f 1153//1184 1062//1093 1060//1091 1059//1090
f 1156//1187 1155//1186 1157//1188 1158//1189
f 1156//1187 1158//1189 1159//1190 1065//1096
f 1156//1187 1065//1096 1063//1094 1062//1093
f 1159//1190 1158//1189 1160//1191 1161//1192
f 1159//1190 1161//1192 1162//1193 1068//1099
f 1159//1190 1068//1099 1066//1097 1065//1096
f 1162//1193 1161//1192 1163//1194 1164//1195
f 1162//1193 1164//1195 1165//1196 1071//1102
f 1162//1193 1071//1102 1069//1100 1068//1099
f 1165//1196 1164//1195 1166//1197 1167//1198
f 1165//1196 1167//1198 1076//1107 1074//1105
f 1165//1196 1074//1105 1072//1103 1071//1102
f 1167//1198 1166//1197 1168//1199 1169//1200
f 1167//1198 1169//1200 1170//1201 1076//1107
f 1170//1201 1169//1200 1171//1202 1172//1203
f 1170//1201 1172//1203 1173//1204 1079//1110
f 1170//1201 1079//1110 1077//1108 1076//1107
f 1173//1204 1172//1203 1174//1205 1175//1206
f 1173//1204 1175//1206 1176//1207 1082//1113
f 1173//1204 1082//1113 1080//1111 1079//1110
f 1176//1207 1175//1206 1177//1208 1178//1209
f 1176//1207 1178//1209 1179//1210 1085//1116
f 1176//1207 1085//1116 1083//1114 1082//1113
f 1179//1210 1178//1209 1180//1211 1181//1212
f 1179//1210 1181//1212 1182//1213 1088//1119
f 1179//1210 1088//1119 1086//1117 1085//1116
f 1182//1213 1181//1212 1183//1214 1184//1215
f 1182//1213 1184//1215 1185//1216 1091//1122
f 1182//1213 1091//1122 1089//1120 1088//1119
f 1185//1216 1184//1215 1186//1217 1187//1218
f 1185//1216 1187//1218 1188//1219 1189//1220
f 1185//1216 1189//1220 1092//1123 1091//1122
f 1189//1220 1188//1219 1190//1221 1191//1222
f 1189//1220 1191//1222 1093//1124 1092//1123
f 1191//1222 1190//1221 1192//1223 1193//1224
f 1191//1222 1193//1224 1095//1126 1093//1124
f 1193//1224 1192//1223 1194//1225 1195//1226
f 1193//1224 1195//1226 1097//1128 1095//1126
f 1195//1226 1194//1225 1196//1227 1197//1228
f 1195//1226 1197//1228 1099//1130 1097//1128
f 1197//1228 1196//1227 1198//1229 1199//1230
f 1197//1228 1199//1230 1101//1132 1099//1130
f 1199//1230 1198//1229 1200//1231 1201//1232
f 1199//1230 1201//1232 1103//1134 1101//1132
f 1201//1232 1200//1231 1202//1233 1203//1234
f 1201//1232 1203//1234 1105//1136 1103//1134
f 1203//1234 1202//1233 1204//1235 1110//1141
f 1203//1234 1110//1141 1107//1138 1105//1136
f 1204//1235 1202//1233 1205//1236 1206//1237
f 1204//1235 1206//1237 1207//1238 1113//1144
f 1204//1235 1113//1144 1111//1142 1110//1141
f 1207//1238 1206//1237 1208//1239 1209//1240
f 1207//1238 1209//1240 1210//1241 1116//1147
f 1207//1238 1116//1147 1114//1145 1113//1144
f 1210//1241 1209//1240 1211//1242 1212//1243
f 1210//1241 1212//1243 1213//1244 1119//1150
f 1210//1241 1119//1150 1117//1148 1116//1147
f 1213//1244 1212//1243 1214//1245 1215//1246
f 1213//1244 1215//1246 1216//1247 1122//1153
f 1213//1244 1122//1153 1120//1151 1119//1150
f 1216//1247 1125//1156 1123//1154 1122//1153
f 1218//1248 1217//1249 1219//1250 1220//1251
f 1218//1248 1220//1251 1130//1161 1128//1160
f 1220//1251 1219//1250 1221//1252 1222//1253
f 1220//1251 1222//1253 1132//1163 1130//1161
f 1222//1253 1221//1252 1223//1254 1224//1255
f 1222//1253 1224//1255 1134//1165 1132//1163
f 1224//1255 1223//1254 1225//1256 1226//1257
f 1224//1255 1226//1257 1136//1167 1134//1165
f 1226//1257 1225//1256 1227//1258 1228//1259
f 1226//1257 1228//1259 1138//1169 1136//1167
f 1228//1259 1227//1258 1229//1260 1230//1261
f 1228//1259 1230//1261 1140//1171 1138//1169
f 1230//1261 1229//1260 1231//1262 1232//1263
f 1230//1261 1232//1263 1142//1173 1140//1171
f 1232//1263 1231//1262 1233//1264 1234//1265
f 1232//1263 1234//1265 1144//1175 1142//1173
f 1234//1265 1233//1264 1235//1266 1236//1267
f 1234//1265 1236//1267 1146//1177 1144//1175
f 1236//1267 1235//1266 1237//1268 1238//1269
f 1236//1267 1238//1269 1148//1179 1146//1177
f 1238//1269 1237//1268 1239//1270 1240//1271
f 1238//1269 1240//1271 1241//1272 1148//1179
f 1241//1272 1240//1271 1242//1273 1243//1274
f 1241//1272 1243//1274 1244//1275 1151//1182
f 1241//1272 1151//1182 1149//1180 1148//1179
f 1244//1275 1243//1274 1245//1276 1246//1277
f 1244//1275 1246//1277 1247//1278 1154//1185
f 1244//1275 1154//1185 1152//1183 1151//1182
f 1247//1278 1246//1277 1248//1279 1249//1280
f 1247//1278 1249//1280 1250//1281 1157//1188
f 1247//1278 1157//1188 1155//1186 1154//1185
f 1250//1281 1249//1280 1251//1282 1252//1283
f 1250//1281 1252//1283 1253//1284 1160//1191
f 1250//1281 1160//1191 1158//1189 1157//1188
f 1253//1284 1252//1283 1254//1285 1255//1286
f 1253//1284 1255//1286 1256//1287 1163//1194
f 1253//1284 1163//1194 1161//1192 1160//1191
f 1256//1287 1255//1286 1257//1288 1258//1289
f 1256//1287 1258//1289 1168//1199 1166//1197
f 1256//1287 1166//1197 1164//1195 1163//1194
f 1258//1289 1257//1288 1259//1290 1260//1291
f 1258//1289 1260//1291 1261//1292 1168//1199
f 1261//1292 1260//1291 1262//1293 1263//1294
f 1261//1292 1263//1294 1264//1295 1171//1202
f 1261//1292 1171//1202 1169//1200 1168//1199
f 1264//1295 1263//1294 1265//1296 1266//1297
f 1264//1295 1266//1297 1267//1298 1174//1205
f 1264//1295 1174//1205 1172//1203 1171//1202
f 1267//1298 1266//1297 1268//1299 1269//1300
f 1267//1298 1269//1300 1270//1301 1177//1208
f 1267//1298 1177//1208 1175//1206 1174//1205
f 1270//1301 1269//1300 1271//1302 1272//1303
f 1270//1301 1272//1303 1273//1304 1180//1211
f 1270//1301 1180//1211 1178//1209 1177//1208
f 1273//1304 1272//1303 1274//1305 1275//1306
f 1273//1304 1275//1306 1276//1307 1183//1214
f 1273//1304 1183//1214 1181//1212 1180//1211
f 1276//1307 1275//1306 1277//1308 1278//1309
f 1276//1307 1278//1309 1279//1310 1186//1217
f 1276//1307 1186//1217 1184//1215 1183//1214
f 1279//1310 1278//1309 1280//1311 1281//1312
f 1279//1310 1281//1312 1282//1313 1283//1314
f 1279//1310 1283//1314 1187//1218 1186//1217
f 1283//1314 1282//1313 1284//1315 1285//1316
f 1283//1314 1285//1316 1188//1219 1187//1218
f 1285//1316 1284//1315 1286//1317 1287//1318
f 1285//1316 1287//1318 1190//1221 1188//1219
f 1287//1318 1286//1317 1288//1319 1289//1320
f 1287//1318 1289//1320 1192//1223 1190//1221
f 1289//1320 1288//1319 1290//1321 1291//1322
f 1289//1320 1291//1322 1194//1225 1192//1223
f 1291//1322 1290//1321 1292//1323 1293//1324
f 1291//1322 1293//1324 1196//1227 1194//1225
f 1293//1324 1292//1323 1294//1325 1295//1326
f 1293//1324 1295//1326 1198//1229 1196//1227
f 1295//1326 1294//1325 1296//1327 1297//1328
f 1295//1326 1297//1328 1200//1231 1198//1229
f 1297//1328 1296//1327 1298//1329 1205//1236
f 1297//1328 1205//1236 1202//1233 1200//1231
f 1298//1329 1296//1327 1299//1330 1300//1331
f 1298//1329 1300//1331 1301//1332 1208//1239
f 1298//1329 1208//1239 1206//1237 1205//1236
f 1301//1332 1300//1331 1302//1333 1303//1334
f 1301//1332 1303//1334 1304//1335 1211//1242
f 1301//1332 1211//1242 1209//1240 1208//1239
f 1304//1335 1214//1245 1212//1243 1211//1242
f 1317//1336 1316//1337 1318//1338 1319//1339
f 1317//1336 1319//1339 1219//1250 1217//1249
f 1319//1339 1318//1338 1320//1340 1321//1341
f 1319//1339 1321//1341 1221//1252 1219//1250
f 1321//1341 1320//1340 1322//1342 1323//1343
f 1321//1341 1323//1343 1223//1254 1221//1252
f 1323//1343 1322//1342 1324//1344 1325//1345
f 1323//1343 1325//1345 1225//1256 1223//1254
f 1325//1345 1324//1344 1326//1346 1327//1347
f 1325//1345 1327//1347 1227//1258 1225//1256
f 1327//1347 1326//1346 1328//1348 1329//1349
f 1327//1347 1329//1349 1229//1260 1227//1258
f 1329//1349 1328//1348 1330//1350 1331//1351
f 1329//1349 1331//1351 1231//1262 1229//1260
f 1331//1351 1330//1350 1332//1352 1333//1353
f 1331//1351 1333//1353 1233//1264 1231//1262
f 1333//1353 1332//1352 1334//1354 1335//1355
f 1333//1353 1335//1355 1235//1266 1233//1264
f 1335//1355 1334//1354 1336//1356 1337//1357
f 1335//1355 1337//1357 1237//1268 1235//1266
f 1337//1357 1336//1356 1338//1358 1339//1359
f 1337//1357 1339//1359 1239//1270 1237//1268
f 1339//1359 1338//1358 1340//1360 1341//1361
f 1339//1359 1341//1361 1342//1362 1239//1270
f 1342//1362 1341//1361 1343//1363 1344//1364
f 1342//1362 1344//1364 1345//1365 1242//1273
f 1342//1362 1242//1273 1240//1271 1239//1270
f 1345//1365 1344//1364 1346//1366 1347//1367
f 1345//1365 1347//1367 1348//1368 1245//1276
f 1345//1365 1245//1276 1243//1274 1242//1273
f 1348//1368 1347//1367 1349//1369 1350//1370
f 1348//1368 1350//1370 1351//1371 1248//1279
f 1348//1368 1248//1279 1246//1277 1245//1276
f 1351//1371 1350//1370 1352//1372 1353//1373
f 1351//1371 1353//1373 1354//1374 1251//1282
f 1351//1371 1251//1282 1249//1280 1248//1279
f 1354//1374 1353//1373 1355//1375 1356//1376
f 1354//1374 1356//1376 1357//1377 1254//1285
f 1354//1374 1254//1285 1252//1283 1251//1282
f 1357//1377 1356//1376 1358//1378 1359//1379
f 1357//1377 1359//1379 1259//1290 1257//1288
f 1357//1377 1257//1288 1255//1286 1254//1285
f 1359//1379 1358//1378 1360//1380 1361//1381
f 1359//1379 1361//1381 1362//1382 1259//1290
f 1362//1382 1361//1381 1363//1383 1364//1384
f 1362//1382 1364//1384 1365//1385 1262//1293
f 1362//1382 1262//1293 1260//1291 1259//1290
f 1365//1385 1364//1384 1366//1386 1367//1387
f 1365//1385 1367//1387 1368//1388 1265//1296
f 1365//1385 1265//1296 1263//1294 1262//1293
f 1368//1388 1367//1387 1369//1389 1370//1390
f 1368//1388 1370//1390 1371//1391 1268//1299
f 1368//1388 1268//1299 1266//1297 1265//1296
f 1371//1391 1370//1390 1372//1392 1373//1393
f 1371//1391 1373//1393 1374//1394 1271//1302
f 1371//1391 1271//1302 1269//1300 1268//1299
f 1374//1394 1373//1393 1375//1395 1376//1396
f 1374//1394 1376//1396 1377//1397 1274//1305
f 1374//1394 1274//1305 1272//1303 1271//1302
f 1377//1397 1376//1396 1378//1398 1379//1399
f 1377//1397 1379//1399 1380//1400 1277//1308
f 1377//1397 1277//1308 1275//1306 1274//1305
f 1380//1400 1379//1399 1381//1401 1382//1402
f 1380//1400 1382//1402 1383//1403 1280//1311
f 1380//1400 1280//1311 1278//1309 1277//1308
f 1383//1403 1382//1402 1315//1404 1314//1405
f 1383//1403 1314//1405 1313//1406 1384//1407
f 1383//1403 1384//1407 1281//1312 1280//1311
f 1384//1407 1313//1406 1312//1408 1385//1409
f 1384//1407 1385//1409 1282//1313 1281//1312
f 1385//1409 1312//1408 1311//1410 1386//1411
f 1385//1409 1386//1411 1284//1315 1282//1313
f 1386//1411 1311//1410 1310//1412 1387//1413
f 1386//1411 1387//1413 1286//1317 1284//1315
f 1387//1413 1310//1412 1309//1414 1388//1415
f 1387//1413 1388//1415 1288//1319 1286//1317
f 1388//1415 1309//1414 1308//1416 1389//1417
f 1388//1415 1389//1417 1290//1321 1288//1319
f 1389//1417 1308//1416 1307//1418 1390//1419
f 1389//1417 1390//1419 1292//1323 1290//1321
f 1390//1419 1307//1418 1306//1420 1391//1421
f 1390//1419 1391//1421 1294//1325 1292//1323
f 1391//1421 1306//1420 1305//1422 1299//1330
f 1391//1421 1299//1330 1296//1327 1294//1325
f 1382//1402 1381//1401 1392//1423 1315//1404
f 1392//1423 1381//1401 1394//1424 1393//1425
f 1394//1424 1395//1426 1396//1427 1393//1425
f 1394//1424 1381//1401 1379//1399 1378//1398
f 1394//1424 1378//1398 1397//1428 1395//1426
f 1397//1428 1398//1429 1399//1430 1395//1426
f 1397//1428 1378//1398 1376//1396 1375//1395
f 1397//1428 1375//1395 1400//1431 1398//1429
f 1400//1431 1401//1432 1402//1433 1398//1429
f 1400//1431 1375//1395 1373//1393 1372//1392
f 1400//1431 1372//1392 1403//1434 1401//1432
f 1403//1434 1404//1435 1405//1436 1401//1432
f 1403//1434 1372//1392 1370//1390 1369//1389
f 1403//1434 1369//1389 1406//1437 1404//1435
f 1406//1437 1407//1438 1408//1439 1404//1435
f 1406//1437 1369//1389 1367//1387 1366//1386
f 1406//1437 1366//1386 1409//1440 1407//1438
f 1409//1440 1410//1441 1411//1442 1407//1438
f 1409//1440 1366//1386 1364//1384 1363//1383
f 1409//1440 1363//1383 1412//1443 1410//1441
f 1412//1443 1413//1444 1414//1445 1410//1441
f 1412//1443 1363//1383 1361//1381 1360//1380
f 1412//1443 1360//1380 1415//1446 1413//1444
f 1415//1446 1416//1447 1417//1448 1413//1444
f 1415//1446 1360//1380 1358//1378 1418//1449
f 1415//1446 1418//1449 1419//1450 1416//1447
f 1419//1450 1420//1451 1421//1452 1416//1447
f 1419//1450 1418//1449 1355//1375 1422//1453
f 1419//1450 1422//1453 1423//1454 1420//1451
f 1423//1454 1424//1455 1425//1456 1420//1451
f 1423//1454 1422//1453 1352//1372 1426//1457
f 1423//1454 1426//1457 1427//1458 1424//1455
f 1427//1458 1428//1459 1429//1460 1424//1455
f 1427//1458 1426//1457 1349//1369 1430//1461
f 1427//1458 1430//1461 1431//1462 1428//1459
f 1431//1462 1432//1463 1433//1464 1428//1459
f 1431//1462 1430//1461 1346//1366 1434//1465
f 1431//1462 1434//1465 1435//1466 1432//1463
f 1435//1466 1436//1467 1437//1468 1432//1463
f 1435//1466 1434//1465 1343//1363 1438//1469
f 1435//1466 1438//1469 1439//1470 1436//1467
f 1439//1470 1440//1471 1441//1472 1436//1467
f 1439//1470 1438//1469 1340//1360 1442//1473
f 1439//1470 1442//1473 1443//1474 1440//1471
f 1443//1474 1444//1475 1445//1476 1440//1471
f 1443//1474 1442//1473 1446//1477 1447//1478
f 1443//1474 1447//1478 1448//1479 1444//1475
f 1448//1479 1449//1480 1450//1481 1444//1475
f 1448//1479 1447//1478 1451//1482 1452//1483
f 1448//1479 1452//1483 1453//1484 1449//1480
f 1453//1484 1454//1485 1455//1486 1449//1480
f 1453//1484 1452//1483 1456//1487 1457//1488
f 1453//1484 1457//1488 1458//1489 1454//1485
f 1458//1489 1459//1490 1460//1491 1454//1485
f 1458//1489 1457//1488 1461//1492 1462//1493
f 1458//1489 1462//1493 1463//1494 1459//1490
f 1463//1494 1464//1495 1465//1496 1459//1490
f 1463//1494 1462//1493 1466//1497 1467//1498
f 1463//1494 1467//1498 1468//1499 1464//1495
f 1468//1499 1469//1500 1470//1501 1464//1495
f 1468//1499 1467//1498 1471//1502 1472//1503
f 1468//1499 1472//1503 1473//1504 1469//1500
f 1473//1504 1474//1505 1475//1506 1469//1500
f 1473//1504 1472//1503 1476//1507 1477//1508
f 1473//1504 1477//1508 1478//1509 1474//1505
f 1478//1509 1479//1510 1480//1511 1474//1505
f 1478//1509 1477//1508 1481//1512 1482//1513
f 1478//1509 1482//1513 1483//1514 1479//1510
f 1483//1514 1484//1515 1485//1516 1479//1510
f 1483//1514 1482//1513 1486//1517 1487//1518
f 1483//1514 1487//1518 1488//1519 1484//1515
f 1488//1519 1489//1520 1490//1521 1484//1515
f 1488//1519 1487//1518 1491//1522 1492//1523
f 1488//1519 1492//1523 1493//1524 1489//1520
f 1493//1524 1494//1525 1495//1526 1489//1520
f 1493//1524 1492//1523 1496//1527 1497//1528
f 1493//1524 1497//1528 1498//1529 1494//1525
f 1498//1529 1499//1530 1500//1531 1494//1525
f 1498//1529 1497//1528 1501//1532 1502//1533
f 1498//1529 1502//1533 1503//1534 1499//1530
f 1503//1534 1504//650 1505//1535 1499//1530
f 4743//1536 4742//1537 1506//1538 1507//1539
f 4743//1536 1507//1539 1505//1535 1504//650
f 1507//1539 1506//1538 1508//1540 1509//1541
f 1507//1539 1509//1541 1510//1542 1505//1535
f 1510//1542 1509//1541 1511//1543 1512//1544
f 1510//1542 1512//1544 1513//1545 1500//1531
f 1510//1542 1500//1531 1499//1530 1505//1535
f 1513//1545 1512//1544 1514//1546 1515//1547
f 1513//1545 1515//1547 1516//1548 1495//1526
f 1513//1545 1495//1526 1494//1525 1500//1531
f 1516//1548 1515//1547 1517//1549 1518//1550
f 1516//1548 1518//1550 1519//1551 1490//1521
f 1516//1548 1490//1521 1489//1520 1495//1526
f 1519//1551 1518//1550 1520//1552 1521//1553
f 1519//1551 1521//1553 1522//1554 1485//1516
f 1519//1551 1485//1516 1484//1515 1490//1521
f 1522//1554 1521//1553 1523//1555 1524//1556
f 1522//1554 1524//1556 1525//1557 1480//1511
f 1522//1554 1480//1511 1479//1510 1485//1516
f 1525//1557 1524//1556 1526//1558 1527//1559
f 1525//1557 1527//1559 1528//1560 1475//1506
f 1525//1557 1475//1506 1474//1505 1480//1511
f 1528//1560 1527//1559 1529//1561 1530//1562
f 1528//1560 1530//1562 1531//1563 1470//1501
f 1528//1560 1470//1501 1469//1500 1475//1506
f 1531//1563 1530//1562 1532//1564 1533//1565
f 1531//1563 1533//1565 1534//1566 1465//1496
f 1531//1563 1465//1496 1464//1495 1470//1501
f 1534//1566 1533//1565 1535//1567 1536//1568
f 1534//1566 1536//1568 1537//1569 1460//1491
f 1534//1566 1460//1491 1459//1490 1465//1496
f 1537//1569 1536//1568 1538//1570 1539//1571
f 1537//1569 1539//1571 1540//1572 1455//1486
f 1537//1569 1455//1486 1454//1485 1460//1491
f 1540//1572 1539//1571 1541//1573 1542//1574
f 1540//1572 1542//1574 1543//1575 1450//1481
f 1540//1572 1450//1481 1449//1480 1455//1486
f 1543//1575 1542//1574 1544//1576 1545//1577
f 1543//1575 1545//1577 1546//1578 1445//1476
f 1543//1575 1445//1476 1444//1475 1450//1481
f 1546//1578 1545//1577 1547//1579 1548//1580
f 1546//1578 1548//1580 1549//1581 1441//1472
f 1546//1578 1441//1472 1440//1471 1445//1476
f 1549//1581 1548//1580 1550//1582 1551//1583
f 1549//1581 1551//1583 1552//1584 1437//1468
f 1549//1581 1437//1468 1436//1467 1441//1472
f 1552//1584 1551//1583 1553//1585 1554//1586
f 1552//1584 1554//1586 1555//1587 1433//1464
f 1552//1584 1433//1464 1432//1463 1437//1468
f 1555//1587 1554//1586 1556//1588 1557//1589
f 1555//1587 1557//1589 1558//1590 1429//1460
f 1555//1587 1429//1460 1428//1459 1433//1464
f 1558//1590 1557//1589 1559//1591 1560//1592
f 1558//1590 1560//1592 1561//1593 1425//1456
f 1558//1590 1425//1456 1424//1455 1429//1460
f 1561//1593 1560//1592 1562//1594 1563//1595
f 1561//1593 1563//1595 1564//1596 1421//1452
f 1561//1593 1421//1452 1420//1451 1425//1456
f 1564//1596 1563//1595 1565//1597 1566//1598
f 1564//1596 1566//1598 1567//1599 1417//1448
f 1564//1596 1417//1448 1416//1447 1421//1452
f 1567//1599 1566//1598 1568//1600 1569//1601
f 1567//1599 1569//1601 1570//1602 1414//1445
f 1567//1599 1414//1445 1413//1444 1417//1448
f 1570//1602 1569//1601 1571//1603 1572//1604
f 1570//1602 1572//1604 1573//1605 1411//1442
f 1570//1602 1411//1442 1410//1441 1414//1445
f 1573//1605 1572//1604 1574//1606 1575//1607
f 1573//1605 1575//1607 1576//1608 1408//1439
f 1573//1605 1408//1439 1407//1438 1411//1442
f 1576//1608 1575//1607 1577//1609 1578//1610
f 1576//1608 1578//1610 1579//1611 1405//1436
f 1576//1608 1405//1436 1404//1435 1408//1439
f 1579//1611 1578//1610 1580//1612 1581//1613
f 1579//1611 1581//1613 1582//1614 1402//1433
f 1579//1611 1402//1433 1401//1432 1405//1436
f 1582//1614 1581//1613 1583//1615 1584//1616
f 1582//1614 1584//1616 1585//1420 1399//1430
f 1582//1614 1399//1430 1398//1429 1402//1433
f 1585//1420 1396//1427 1395//1426 1399//1430
f 1587//1617 1586//1618 1588//1619 1589//1620
f 1587//1617 1589//1620 1318//1338 1316//1337
f 1589//1620 1588//1619 1590//1621 1591//1622
f 1589//1620 1591//1622 1320//1340 1318//1338
f 1591//1622 1590//1621 1592//1623 1593//1624
f 1591//1622 1593//1624 1322//1342 1320//1340
f 1593//1624 1592//1623 1594//1625 1595//1626
f 1593//1624 1595//1626 1324//1344 1322//1342
f 1595//1626 1594//1625 1596//1627 1597//1628
f 1595//1626 1597//1628 1326//1346 1324//1344
f 1597//1628 1596//1627 1598//1629 1599//1630
f 1597//1628 1599//1630 1328//1348 1326//1346
f 1599//1630 1598//1629 1600//1631 1601//1632
f 1599//1630 1601//1632 1330//1350 1328//1348
f 1601//1632 1600//1631 1602//1633 1603//1634
f 1601//1632 1603//1634 1332//1352 1330//1350
f 1603//1634 1602//1633 1604//1635 1605//1636
f 1603//1634 1605//1636 1334//1354 1332//1352
f 1605//1636 1604//1635 1451//1482 1606//1637
f 1605//1636 1606//1637 1336//1356 1334//1354
f 1606//1637 1451//1482 1447//1478 1446//1477
f 1606//1637 1446//1477 1338//1358 1336//1356
f 1604//1635 1456//1487 1452//1483 1451//1482
f 1604//1635 1602//1633 1607//1638 1456//1487
f 1607//1638 1461//1492 1457//1488 1456//1487
f 1607//1638 1602//1633 1600//1631 1608//1639
f 1607//1638 1608//1639 1609//1640 1461//1492
f 1609//1640 1466//1497 1462//1493 1461//1492
f 1609//1640 1608//1639 1610//1641 1611//1642
f 1609//1640 1611//1642 1612//1643 1466//1497
f 1612//1643 1471//1502 1467//1498 1466//1497
f 1612//1643 1611//1642 1613//1644 1614//1645
f 1612//1643 1614//1645 1615//1646 1471//1502
f 1615//1646 1476//1507 1472//1503 1471//1502
f 1615//1646 1614//1645 1616//1647 1617//1648
f 1615//1646 1617//1648 1618//1649 1476//1507
f 1618//1649 1481//1512 1477//1508 1476//1507
f 1618//1649 1617//1648 1619//1650 1620//1651
f 1618//1649 1620//1651 1621//1652 1481//1512
f 1621//1652 1486//1517 1482//1513 1481//1512
f 1621//1652 1620//1651 1622//1653 1623//1654
f 1621//1652 1623//1654 1624//1655 1486//1517
f 1624//1655 1491//1522 1487//1518 1486//1517
f 1624//1655 1623//1654 1625//1656 1626//1657
f 1624//1655 1626//1657 1627//1658 1491//1522
f 1627//1658 1496//1527 1492//1523 1491//1522
f 1627//1658 1626//1657 1628//1659 1629//1660
f 1627//1658 1629//1660 1630//1661 1496//1527
f 1630//1661 1501//1532 1497//1528 1496//1527
f 1632//1662 1631//1663 1633//1664 1634//1665
f 1632//1662 1634//1665 128//59 4735//58
f 1634//1665 1633//1664 1635//1666 1636//1667
f 1634//1665 1636//1667 1637//1668 128//59
f 1637//1668 1636//1667 1638//1669 1639//1670
f 1637//1668 1639//1670 1640//1671 1641//1672
f 1637//1668 1641//1672 129//60 128//59
f 1641//1672 1640//1671 1642//1673 1643//1674
f 1641//1672 1643//1674 130//61 129//60
f 1643//1674 1642//1673 1644//1675 1645//1676
f 1643//1674 1645//1676 131//64 130//61
f 1645//1676 1644//1675 1646//1677 1647//1678
f 1645//1676 1647//1678 132//65 131//64
f 1647//1678 1646//1677 1648//1679 1508//1540
f 1647//1678 1508//1540 1506//1538 132//65
f 1648//1679 1646//1677 1649//1680 1650//1681
f 1648//1679 1650//1681 1651//1682 1511//1543
f 1648//1679 1511//1543 1509//1541 1508//1540
f 1651//1682 1650//1681 1652//1683 1653//1684
f 1651//1682 1653//1684 1654//1685 1514//1546
f 1651//1682 1514//1546 1512//1544 1511//1543
f 1654//1685 1653//1684 1655//1686 1656//1687
f 1654//1685 1656//1687 1657//1688 1517//1549
f 1654//1685 1517//1549 1515//1547 1514//1546
f 1657//1688 1656//1687 1658//1689 1659//1690
f 1657//1688 1659//1690 1660//1691 1520//1552
f 1657//1688 1520//1552 1518//1550 1517//1549
f 1660//1691 1659//1690 1661//1692 1662//1693
f 1660//1691 1662//1693 1663//1694 1523//1555
f 1660//1691 1523//1555 1521//1553 1520//1552
f 1663//1694 1662//1693 1664//1695 1665//1696
f 1663//1694 1665//1696 1666//1697 1526//1558
f 1663//1694 1526//1558 1524//1556 1523//1555
f 1666//1697 1665//1696 1667//1698 1668//1699
f 1666//1697 1668//1699 1669//1700 1529//1561
f 1666//1697 1529//1561 1527//1559 1526//1558
f 1669//1700 1668//1699 1670//1701 1671//1702
f 1669//1700 1671//1702 1672//1703 1532//1564
f 1669//1700 1532//1564 1530//1562 1529//1561
f 1672//1703 1671//1702 1673//1704 1674//1705
f 1672//1703 1674//1705 1675//1706 1535//1567
f 1672//1703 1535//1567 1533//1565 1532//1564
f 1675//1706 1674//1705 1676//1707 1677//1708
f 1675//1706 1677//1708 1678//1709 1538//1570
f 1675//1706 1538//1570 1536//1568 1535//1567
f 1678//1709 1677//1708 1679//1710 1680//1711
f 1678//1709 1680//1711 1681//1712 1541//1573
f 1678//1709 1541//1573 1539//1571 1538//1570
f 1681//1712 1680//1711 1682//1713 1683//1714
f 1681//1712 1683//1714 1684//1715 1544//1576
f 1681//1712 1544//1576 1542//1574 1541//1573
f 1684//1715 1683//1714 1685//1716 1686//1717
f 1684//1715 1686//1717 1687//1718 1547//1579
f 1684//1715 1547//1579 1545//1577 1544//1576
f 1687//1718 1686//1717 1688//1719 1689//1720
f 1687//1718 1689//1720 1690//1721 1550//1582
f 1687//1718 1550//1582 1548//1580 1547//1579
f 1690//1721 1689//1720 1691//1722 1692//1723
f 1690//1721 1692//1723 1693//1724 1553//1585
f 1690//1721 1553//1585 1551//1583 1550//1582
f 1693//1724 1692//1723 1694//1725 1695//1726
f 1693//1724 1695//1726 1696//1727 1556//1588
f 1693//1724 1556//1588 1554//1586 1553//1585
f 1696//1727 1695//1726 1697//1728 1698//1729
f 1696//1727 1698//1729 1699//1730 1559//1591
f 1696//1727 1559//1591 1557//1589 1556//1588
f 1699//1730 1698//1729 1700//1731 1701//1732
f 1699//1730 1701//1732 1702//1733 1562//1594
f 1699//1730 1562//1594 1560//1592 1559//1591
f 1702//1733 1701//1732 1703//1734 1704//1735
f 1702//1733 1704//1735 1705//1736 1565//1597
f 1702//1733 1565//1597 1563//1595 1562//1594
f 1705//1736 1704//1735 1706//1737 1707//1738
f 1705//1736 1707//1738 1708//1739 1568//1600
f 1705//1736 1568//1600 1566//1598 1565//1597
f 1708//1739 1707//1738 1709//1740 1710//1741
f 1708//1739 1710//1741 1711//1742 1571//1603
f 1708//1739 1571//1603 1569//1601 1568//1600
f 1711//1742 1710//1741 1712//1743 1713//1744
f 1711//1742 1713//1744 1714//1745 1574//1606
f 1711//1742 1574//1606 1572//1604 1571//1603
f 1714//1745 1713//1744 1715//1746 1716//1747
f 1714//1745 1716//1747 1717//1748 1577//1609
f 1714//1745 1577//1609 1575//1607 1574//1606
f 1717//1748 1716//1747 1718//1749 1719//1750
f 1717//1748 1719//1750 1720//1751 1580//1612
f 1717//1748 1580//1612 1578//1610 1577//1609
f 1720//1751 1583//1615 1581//1613 1580//1612
f 1722//1752 1721//1753 1723//1754 1724//1755
f 1722//1752 1724//1755 1588//1619 1586//1618
f 1724//1755 1723//1754 1725//1756 1726//1757
f 1724//1755 1726//1757 1590//1621 1588//1619
f 1726//1757 1725//1756 1727//1758 1728//1759
f 1726//1757 1728//1759 1592//1623 1590//1621
f 1728//1759 1727//1758 1729//1760 1730//1761
f 1728//1759 1730//1761 1594//1625 1592//1623
f 1730//1761 1729//1760 1613//1644 1731//1762
f 1730//1761 1731//1762 1596//1627 1594//1625
f 1731//1762 1613//1644 1611//1642 1610//1641
f 1731//1762 1610//1641 1598//1629 1596//1627
f 1729//1760 1616//1647 1614//1645 1613//1644
f 1729//1760 1727//1758 1732//1763 1616//1647
f 1732//1763 1619//1650 1617//1648 1616//1647
f 1732//1763 1727//1758 1725//1756 1733//1764
f 1732//1763 1733//1764 1734//1765 1619//1650
f 1734//1765 1622//1653 1620//1651 1619//1650
f 1734//1765 1733//1764 1735//1766 1736//1767
f 1734//1765 1736//1767 1737//1768 1622//1653
f 1737//1768 1625//1656 1623//1654 1622//1653
f 1737//1768 1736//1767 1738//1769 1739//1070
f 1737//1768 1739//1070 1740//1159 1625//1656
f 1740//1159 1628//1659 1626//1657 1625//1656
f 1742//1770 1741//648 1743//1771 1744//1772
f 1742//1770 1744//1772 122//50 121//49
f 1744//1772 1743//1771 1745//1773 1746//1774
f 1744//1772 1746//1774 1747//1775 122//50
f 1747//1775 1746//1774 1748//1776 1749//1777
f 1747//1775 1749//1777 1750//1778 1751//1779
f 1747//1775 1751//1779 119//46 122//50
f 1751//1779 1750//1778 1752//1780 1753//1781
f 1751//1779 1753//1781 120//47 119//46
f 1753//1781 1752//1780 1754//1782 1755//1783
f 1753//1781 1755//1783 123//51 120//47
f 1755//1783 1754//1782 1756//1784 1635//1666
f 1755//1783 1635//1666 1633//1664 123//51
f 1756//1784 1754//1782 1757//1785 1758//1786
f 1756//1784 1758//1786 1759//1787 1638//1669
f 1756//1784 1638//1669 1636//1667 1635//1666
f 1759//1787 1758//1786 1760//1788 1761//1789
f 1759//1787 1761//1789 1762//1790 1763//1791
f 1759//1787 1763//1791 1639//1670 1638//1669
f 1763//1791 1762//1790 1764//1792 1765//1793
f 1763//1791 1765//1793 1640//1671 1639//1670
f 1765//1793 1764//1792 1766//1794 1767//1795
f 1765//1793 1767//1795 1642//1673 1640//1671
f 1767//1795 1766//1794 1768//1796 1769//1797
f 1767//1795 1769//1797 1644//1675 1642//1673
f 1769//1797 1768//1796 1770//1798 1649//1680
f 1769//1797 1649//1680 1646//1677 1644//1675
f 1770//1798 1768//1796 1771//1799 1772//1800
f 1770//1798 1772//1800 1773//1801 1652//1683
f 1770//1798 1652//1683 1650//1681 1649//1680
f 1773//1801 1772//1800 1774//1802 1775//1803
f 1773//1801 1775//1803 1776//1804 1655//1686
f 1773//1801 1655//1686 1653//1684 1652//1683
f 1776//1804 1775//1803 1777//1805 1778//1806
f 1776//1804 1778//1806 1779//1807 1658//1689
f 1776//1804 1658//1689 1656//1687 1655//1686
f 1779//1807 1778//1806 1780//1808 1781//1809
f 1779//1807 1781//1809 1782//1810 1661//1692
f 1779//1807 1661//1692 1659//1690 1658//1689
f 1782//1810 1781//1809 1783//1811 1784//1812
f 1782//1810 1784//1812 1785//1813 1664//1695
f 1782//1810 1664//1695 1662//1693 1661//1692
f 1785//1813 1784//1812 1786//1814 1787//1815
f 1785//1813 1787//1815 1788//1816 1667//1698
f 1785//1813 1667//1698 1665//1696 1664//1695
f 1788//1816 1787//1815 1789//1817 1790//1818
f 1788//1816 1790//1818 1791//1819 1670//1701
f 1788//1816 1670//1701 1668//1699 1667//1698
f 1791//1819 1790//1818 1792//1820 1793//1821
f 1791//1819 1793//1821 1794//1822 1673//1704
f 1791//1819 1673//1704 1671//1702 1670//1701
f 1794//1822 1793//1821 1795//1823 1796//1824
f 1794//1822 1796//1824 1797//1825 1676//1707
f 1794//1822 1676//1707 1674//1705 1673//1704
f 1797//1825 1796//1824 1798//1826 1799//1827
f 1797//1825 1799//1827 1800//1828 1679//1710
f 1797//1825 1679//1710 1677//1708 1676//1707
f 1800//1828 1799//1827 1801//1829 1802//1830
f 1800//1828 1802//1830 1803//1831 1682//1713
f 1800//1828 1682//1713 1680//1711 1679//1710
f 1803//1831 1802//1830 1804//1832 1805//1833
f 1803//1831 1805//1833 1806//1834 1685//1716
f 1803//1831 1685//1716 1683//1714 1682//1713
f 1806//1834 1805//1833 1807//1835 1808//1836
f 1806//1834 1808//1836 1809//1837 1688//1719
f 1806//1834 1688//1719 1686//1717 1685//1716
f 1809//1837 1808//1836 1810//1838 1811//1839
f 1809//1837 1811//1839 1812//1840 1691//1722
f 1809//1837 1691//1722 1689//1720 1688//1719
f 1812//1840 1811//1839 1813//1841 1814//1842
f 1812//1840 1814//1842 1815//1843 1694//1725
f 1812//1840 1694//1725 1692//1723 1691//1722
f 1815//1843 1814//1842 1816//1844 1817//1845
f 1815//1843 1817//1845 1818//1846 1697//1728
f 1815//1843 1697//1728 1695//1726 1694//1725
f 1818//1846 1817//1845 1819//1847 1820//1848
f 1818//1846 1820//1848 1821//1849 1700//1731
f 1818//1846 1700//1731 1698//1729 1697//1728
f 1821//1849 1820//1848 1822//1850 1823//1851
f 1821//1849 1823//1851 1824//1852 1703//1734
f 1821//1849 1703//1734 1701//1732 1700//1731
f 1824//1852 1823//1851 1825//1853 1826//1854
f 1824//1852 1826//1854 1827//1855 1706//1737
f 1824//1852 1706//1737 1704//1735 1703//1734
f 1827//1855 1826//1854 1828//1856 1829//1857
f 1827//1855 1829//1857 1830//1858 1709//1740
f 1827//1855 1709//1740 1707//1738 1706//1737
f 1830//1858 1829//1857 1831//1859 1832//1860
f 1830//1858 1832//1860 1833//1861 1712//1743
f 1830//1858 1712//1743 1710//1741 1709//1740
f 1833//1861 1832//1860 1834//1862 1835//1863
f 1833//1861 1835//1863 1836//1864 1715//1746
f 1833//1861 1715//1746 1713//1744 1712//1743
f 1836//1864 1718//1749 1716//1747 1715//1746
f 1837//1865 1738//1769 1736//1767 1735//1766
f 1837//1865 1735//1766 1723//1754 1721//1753
f 1839//1866 1838//1867 1840//1868 1841//1869
f 1839//1866 1841//1869 1743//1771 1741//648
f 1841//1869 1840//1868 1842//1870 1843//1871
f 1841//1869 1843//1871 1745//1773 1743//1771
f 1843//1871 1842//1870 1844//1872 1845//1873
f 1843//1871 1845//1873 1846//1874 1745//1773
f 1846//1874 1845//1873 1847//1875 1848//1876
f 1846//1874 1848//1876 1849//1877 1748//1776
f 1846//1874 1748//1776 1746//1774 1745//1773
f 1849//1877 1848//1876 1850//1878 1851//1879
f 1849//1877 1851//1879 1852//1880 1853//1881
f 1849//1877 1853//1881 1749//1777 1748//1776
f 1853//1881 1852//1880 1854//1882 1855//1883
f 1853//1881 1855//1883 1750//1778 1749//1777
f 1855//1883 1854//1882 1856//1884 1857//1885
f 1855//1883 1857//1885 1752//1780 1750//1778
f 1857//1885 1856//1884 1858//1886 1757//1785
f 1857//1885 1757//1785 1754//1782 1752//1780
f 1858//1886 1856//1884 1859//1887 1860//1888
f 1858//1886 1860//1888 1861//1889 1760//1788
f 1858//1886 1760//1788 1758//1786 1757//1785
f 1861//1889 1860//1888 1862//1890 1863//1891
f 1861//1889 1863//1891 1864//1892 1865//1893
f 1861//1889 1865//1893 1761//1789 1760//1788
f 1865//1893 1864//1892 1866//1894 1867//1895
f 1865//1893 1867//1895 1762//1790 1761//1789
f 1867//1895 1866//1894 1868//1896 1869//1897
f 1867//1895 1869//1897 1764//1792 1762//1790
f 1869//1897 1868//1896 1870//1898 1871//1899
f 1869//1897 1871//1899 1766//1794 1764//1792
f 1871//1899 1870//1898 1872//1900 1771//1799
f 1871//1899 1771//1799 1768//1796 1766//1794
f 1872//1900 1870//1898 1873//1901 1874//1902
f 1872//1900 1874//1902 1875//1903 1774//1802
f 1872//1900 1774//1802 1772//1800 1771//1799
f 1875//1903 1874//1902 1876//1904 1877//1905
f 1875//1903 1877//1905 1878//1906 1777//1805
f 1875//1903 1777//1805 1775//1803 1774//1802
f 1878//1906 1877//1905 1879//1907 1880//1908
f 1878//1906 1880//1908 1881//1909 1780//1808
f 1878//1906 1780//1808 1778//1806 1777//1805
f 1881//1909 1880//1908 1882//1910 1883//1911
f 1881//1909 1883//1911 1884//1912 1783//1811
f 1881//1909 1783//1811 1781//1809 1780//1808
f 1884//1912 1883//1911 1885//1913 1886//1914
f 1884//1912 1886//1914 1887//1915 1786//1814
f 1884//1912 1786//1814 1784//1812 1783//1811
f 1887//1915 1886//1914 1888//1916 1889//1917
f 1887//1915 1889//1917 1890//1918 1789//1817
f 1887//1915 1789//1817 1787//1815 1786//1814
f 1890//1918 1889//1917 1891//1919 1892//1920
f 1890//1918 1892//1920 1893//1921 1792//1820
f 1890//1918 1792//1820 1790//1818 1789//1817
f 1893//1921 1892//1920 1894//1922 1895//1923
f 1893//1921 1895//1923 1896//1924 1795//1823
f 1893//1921 1795//1823 1793//1821 1792//1820
f 1896//1924 1895//1923 1897//1925 1898//1926
f 1896//1924 1898//1926 1899//1927 1798//1826
f 1896//1924 1798//1826 1796//1824 1795//1823
f 1899//1927 1898//1926 1900//1928 1901//1929
f 1899//1927 1901//1929 1902//1930 1801//1829
f 1899//1927 1801//1829 1799//1827 1798//1826
f 1902//1930 1901//1929 1903//1931 1904//1932
f 1902//1930 1904//1932 1905//1933 1804//1832
f 1902//1930 1804//1832 1802//1830 1801//1829
f 1905//1933 1904//1932 1906//1934 1907//1935
f 1905//1933 1907//1935 1908//1936 1807//1835
f 1905//1933 1807//1835 1805//1833 1804//1832
f 1908//1936 1907//1935 1909//1937 1910//1938
f 1908//1936 1910//1938 1911//1939 1810//1838
f 1908//1936 1810//1838 1808//1836 1807//1835
f 1911//1939 1910//1938 1912//1940 1913//1941
f 1911//1939 1913//1941 1914//1942 1813//1841
f 1911//1939 1813//1841 1811//1839 1810//1838
f 1914//1942 1913//1941 1915//1943 1916//1944
f 1914//1942 1916//1944 1917//1945 1816//1844
f 1914//1942 1816//1844 1814//1842 1813//1841
f 1917//1945 1916//1944 1918//1946 1919//1947
f 1917//1945 1919//1947 1920//1948 1819//1847
f 1917//1945 1819//1847 1817//1845 1816//1844
f 1920//1948 1919//1947 1921//1949 1922//1950
f 1920//1948 1922//1950 1923//1951 1822//1850
f 1920//1948 1822//1850 1820//1848 1819//1847
f 1923//1951 1922//1950 1924//1952 1925//1953
f 1923//1951 1925//1953 1926//1954 1825//1853
f 1923//1951 1825//1853 1823//1851 1822//1850
f 1926//1954 1925//1953 1927//1955 1928//1956
f 1926//1954 1928//1956 1929//1957 1828//1856
f 1926//1954 1828//1856 1826//1854 1825//1853
f 1929//1957 1928//1956 1930//1958 1931//1959
f 1929//1957 1931//1959 1932//1960 1831//1859
f 1929//1957 1831//1859 1829//1857 1828//1856
f 1932//1960 1834//1862 1832//1860 1831//1859
f 1934//1961 1933//1962 1935//1963 1936//1964
f 1934//1961 1936//1964 1840//1868 1838//1867
f 1936//1964 1935//1963 1937//1965 1938//1966
f 1936//1964 1938//1966 1842//1870 1840//1868
f 1938//1966 1937//1965 1939//1967 1940//1968
f 1938//1966 1940//1968 1844//1872 1842//1870
f 1940//1968 1939//1967 1941//1969 1942//1970
f 1940//1968 1942//1970 1943//1971 1844//1872
f 1943//1971 1942//1970 1944//1972 1945//1973
f 1943//1971 1945//1973 1946//1974 1847//1875
f 1943//1971 1847//1875 1845//1873 1844//1872
f 1946//1974 1945//1973 1947//1975 1948//1976
f 1946//1974 1948//1976 1949//1977 1850//1878
f 1946//1974 1850//1878 1848//1876 1847//1875
f 1949//1977 1948//1976 1950//1978 1951//1979
f 1949//1977 1951//1979 1952//1980 1953//1981
f 1949//1977 1953//1981 1851//1879 1850//1878
f 1953//1981 1952//1980 1954//1982 1955//1983
f 1953//1981 1955//1983 1852//1880 1851//1879
f 1955//1983 1954//1982 1956//1984 1957//1985
f 1955//1983 1957//1985 1854//1882 1852//1880
f 1957//1985 1956//1984 1958//1986 1859//1887
f 1957//1985 1859//1887 1856//1884 1854//1882
f 1958//1986 1956//1984 1959//1987 1960//1988
f 1958//1986 1960//1988 1961//1989 1862//1890
f 1958//1986 1862//1890 1860//1888 1859//1887
f 1961//1989 1960//1988 1962//1990 1963//1991
f 1961//1989 1963//1991 1964//1992 1965//1993
f 1961//1989 1965//1993 1863//1891 1862//1890
f 1965//1993 1964//1992 1966//1994 1967//1995
f 1965//1993 1967//1995 1864//1892 1863//1891
f 1967//1995 1966//1994 1968//1996 1969//1997
f 1967//1995 1969//1997 1866//1894 1864//1892
f 1969//1997 1968//1996 1970//1998 1971//1999
f 1969//1997 1971//1999 1868//1896 1866//1894
f 1971//1999 1970//1998 1972//2000 1873//1901
f 1971//1999 1873//1901 1870//1898 1868//1896
f 1972//2000 1970//1998 1973//2001 1974//2002
f 1972//2000 1974//2002 1975//2003 1876//1904
f 1972//2000 1876//1904 1874//1902 1873//1901
f 1975//2003 1974//2002 1976//2004 1977//2005
f 1975//2003 1977//2005 1978//2006 1879//1907
f 1975//2003 1879//1907 1877//1905 1876//1904
f 1978//2006 1977//2005 1979//2007 1980//2008
f 1978//2006 1980//2008 1981//2009 1882//1910
f 1978//2006 1882//1910 1880//1908 1879//1907
f 1981//2009 1980//2008 1982//2010 1983//2011
f 1981//2009 1983//2011 1984//2012 1885//1913
f 1981//2009 1885//1913 1883//1911 1882//1910
f 1984//2012 1983//2011 1985//2013 1986//2014
f 1984//2012 1986//2014 1987//2015 1888//1916
f 1984//2012 1888//1916 1886//1914 1885//1913
f 1987//2015 1986//2014 361//347 1988//2016
f 1987//2015 1988//2016 1989//2017 1891//1919
f 1987//2015 1891//1919 1889//1917 1888//1916
f 1989//2017 1988//2016 1990//2018 1991//2019
f 1989//2017 1991//2019 1992//2020 1894//1922
f 1989//2017 1894//1922 1892//1920 1891//1919
f 1992//2020 1991//2019 1993//2021 1994//2022
f 1992//2020 1994//2022 1995//2023 1897//1925
f 1992//2020 1897//1925 1895//1923 1894//1922
f 1995//2023 1994//2022 1996//2024 1997//2025
f 1995//2023 1997//2025 1998//2026 1900//1928
f 1995//2023 1900//1928 1898//1926 1897//1925
f 1998//2026 1997//2025 1999//2027 2000//2028
f 1998//2026 2000//2028 2001//2029 1903//1931
f 1998//2026 1903//1931 1901//1929 1900//1928
f 2001//2029 2000//2028 2002//2030 2003//2031
f 2001//2029 2003//2031 2004//2032 1906//1934
f 2001//2029 1906//1934 1904//1932 1903//1931
f 2004//2032 2003//2031 2005//2033 2006//2034
f 2007//2035 2008//2036 2009//2037 1909//1937
f 2004//2032 2006//2034 2007//2035 1909//1937
f 2004//2032 1909//1937 1907//1935 1906//1934
f 2009//2037 2008//2036 2010//2038 2011//2039
f 2009//2037 2011//2039 2012//2040 1912//1940
f 2009//2037 1912//1940 1910//1938 1909//1937
f 2012//2040 2011//2039 2013//2041 2014//2042
f 2012//2040 2014//2042 2015//2043 1915//1943
f 2012//2040 1915//1943 1913//1941 1912//1940
f 2015//2043 2014//2042 2016//2044 2017//2045
f 2015//2043 2017//2045 2018//2046 1918//1946
f 2015//2043 1918//1946 1916//1944 1915//1943
f 2018//2046 2017//2045 2019//2047 2020//2048
f 2018//2046 2020//2048 2021//2049 1921//1949
f 2018//2046 1921//1949 1919//1947 1918//1946
f 2021//2049 2020//2048 2022//2050 2023//2051
f 2021//2049 2023//2051 2024//2052 1924//1952
f 2021//2049 1924//1952 1922//1950 1921//1949
f 2024//2052 2023//2051 2025//1061 2026//2053
f 2024//2052 2026//2053 2027//2054 1927//1955
f 2024//2052 1927//1955 1925//1953 1924//1952
f 2027//2054 1930//1958 1928//1956 1927//1955
f 2029//2055 2028//2056 2030//2057 2031//2058
f 2029//2055 2031//2058 1935//1963 1933//1962
f 2031//2058 2030//2057 2032//2059 2033//2060
f 2031//2058 2033//2060 1937//1965 1935//1963
f 2033//2060 2032//2059 2034//2061 2035//2062
f 2033//2060 2035//2062 1939//1967 1937//1965
f 2035//2062 2034//2061 2036//2063 2037//2064
f 2035//2062 2037//2064 1941//1969 1939//1967
f 2037//2064 2036//2063 2038//2065 2039//2066
f 2037//2064 2039//2066 2040//2067 1941//1969
f 2040//2067 2039//2066 2041//2068 2042//2069
f 2040//2067 2042//2069 2043//2070 1944//1972
f 2040//2067 1944//1972 1942//1970 1941//1969
f 2043//2070 2042//2069 2044//2071 2045//2072
f 2043//2070 2045//2072 2046//2073 1947//1975
f 2043//2070 1947//1975 1945//1973 1944//1972
f 2046//2073 2045//2072 2047//2074 2048//2075
f 2046//2073 2048//2075 2049//2076 1950//1978
f 2046//2073 1950//1978 1948//1976 1947//1975
f 2049//2076 2048//2075 2050//2077 2051//2078
f 2049//2076 2051//2078 2052//2079 2053//2080
f 2049//2076 2053//2080 1951//1979 1950//1978
f 2053//2080 2052//2079 2054//2081 2055//2082
f 2053//2080 2055//2082 1952//1980 1951//1979
f 2055//2082 2054//2081 2056//2083 2057//2084
f 2055//2082 2057//2084 1954//1982 1952//1980
f 2057//2084 2056//2083 2058//2085 1959//1987
f 2057//2084 1959//1987 1956//1984 1954//1982
f 2058//2085 2056//2083 2059//2086 2060//2087
f 2058//2085 2060//2087 2061//2088 1962//1990
f 2058//2085 1962//1990 1960//1988 1959//1987
f 2061//2088 2060//2087 2062//2089 2063//2090
f 2061//2088 2063//2090 2064//2091 2065//2092
f 2061//2088 2065//2092 1963//1991 1962//1990
f 2065//2092 2064//2091 2066//2093 2067//2094
f 2065//2092 2067//2094 1964//1992 1963//1991
f 2067//2094 2066//2093 2068//2095 2069//2096
f 2067//2094 2069//2096 1966//1994 1964//1992
f 2069//2096 2068//2095 2070//2097 2071//2098
f 2069//2096 2071//2098 1968//1996 1966//1994
f 2071//2098 2070//2097 2072//2099 1973//2001
f 2071//2098 1973//2001 1970//1998 1968//1996
f 2072//2099 2070//2097 2073//2100 2074//2101
f 2072//2099 2074//2101 2075//2102 1976//2004
f 2072//2099 1976//2004 1974//2002 1973//2001
f 2075//2102 2074//2101 2076//2103 2077//2104
f 2075//2102 2077//2104 2078//2105 1979//2007
f 2075//2102 1979//2007 1977//2005 1976//2004
f 2078//2105 2077//2104 2079//2106 2080//2107
f 2078//2105 2080//2107 2081//2108 1982//2010
f 2078//2105 1982//2010 1980//2008 1979//2007
f 2081//2108 2080//2107 2082//2109 358//344
f 2081//2108 358//344 357//343 1985//2013
f 2081//2108 1985//2013 1983//2011 1982//2010
f 2082//2109 2083//2110 2084//2111 372//358
f 2082//2109 372//358 359//345 358//344
f 2082//2109 2080//2107 2079//2106 2083//2110
f 2084//2111 2085//2112 2086//2113 2087//2114
f 2084//2111 2087//2114 373//359 372//358
f 2084//2111 2083//2110 2088//2115 2085//2112
f 2088//2115 2089//2116 2090//2117 2085//2112
f 2088//2115 2083//2110 2079//2106 2091//2118
f 2088//2115 2091//2118 2092//2119 2089//2116
f 2092//2119 2093//2120 2094//2121 2089//2116
f 2092//2119 2091//2118 2076//2103 2095//2122
f 2092//2119 2095//2122 2096//2123 2093//2120
f 2096//2123 2097//2124 2098//2125 2093//2120
f 2096//2123 2095//2122 2073//2100 2099//2126
f 2096//2123 2099//2126 2100//2127 2097//2124
f 2100//2127 2101//2128 2102//2129 2097//2124
f 2100//2127 2099//2126 2068//2095 2066//2093
f 2100//2127 2066//2093 2064//2091 2101//2128
f 2102//2129 2103//2130 2104//2131 2105//2132
f 2102//2129 2105//2132 2098//2125 2097//2124
f 2102//2129 2101//2128 2106//2133 2103//2130
f 2106//2133 2107//2134 2108//2135 2103//2130
f 2106//2133 2101//2128 2064//2091 2063//2090
f 2106//2133 2063//2090 2062//2089 2107//2134
f 2108//2135 2109//2136 2110//2137 2111//2138
f 2108//2135 2111//2138 2104//2131 2103//2130
f 2108//2135 2107//2134 2112//2139 2109//2136
f 2112//2139 2113//2140 2114//2141 2109//2136
f 2112//2139 2107//2134 2062//2089 2115//2142
f 2112//2139 2115//2142 2116//2143 2113//2140
f 2116//2143 2117//2144 2118//2145 2113//2140
f 2116//2143 2115//2142 2059//2086 2119//2146
f 2116//2143 2119//2146 2120//2147 2117//2144
f 2120//2147 2121//2148 2122//2149 2117//2144
f 2120//2147 2119//2146 2054//2081 2052//2079
f 2120//2147 2052//2079 2051//2078 2121//2148
f 2122//2149 2123//2150 2124//2151 2125//2152
f 2122//2149 2125//2152 2118//2145 2117//2144
f 2122//2149 2121//2148 2126//2153 2123//2150
f 2126//2153 2127//2154 2128//2155 2123//2150
f 2126//2153 2121//2148 2051//2078 2050//2077
f 2126//2153 2050//2077 2129//2156 2127//2154
f 2129//2156 2130//2157 2131//2158 2127//2154
f 2129//2156 2050//2077 2048//2075 2047//2074
f 2129//2156 2047//2074 2132//2159 2130//2157
f 2132//2159 2133//2160 2134//2161 2130//2157
f 2132//2159 2047//2074 2045//2072 2044//2071
f 2132//2159 2044//2071 2135//2162 2133//2160
f 2135//2162 2136//2163 2137//2164 2133//2160
f 2135//2162 2044//2071 2042//2069 2041//2068
f 2135//2162 2041//2068 2138//2165 2136//2163
f 2138//2165 2139//2166 2140//2167 2136//2163
f 2138//2165 2041//2068 2039//2066 2038//2065
f 2138//2165 2038//2065 2141//2168 2139//2166
f 2141//2168 2142//2169 2143//2170 2139//2166
f 2141//2168 2038//2065 2036//2063 2144//2171
f 2141//2168 2144//2171 2145//2172 2142//2169
f 2145//2172 2146//2173 2147//2174 2142//2169
f 2145//2172 2144//2171 2148//2175 2149//2176
f 2145//2172 2149//2176 2150//2177 2146//2173
f 2150//2177 2151//2178 2152//2179 2146//2173
f 2150//2177 2149//2176 2153//2180 2154//2181
f 2150//2177 2154//2181 2155//2182 2151//2178
f 2155//2182 2156//2183 2157//2184 2151//2178
f 2155//2182 2154//2181 2158//2185 2159//2186
f 2155//2182 2159//2186 2160//2187 2156//2183
f 2160//2187 2161//2188 2162//2189 2156//2183
f 2160//2187 2159//2186 2163//2190 2164//2191
f 2160//2187 2164//2191 2165//2192 2161//2188
f 2165//2192 2166//1961 2167//2193 2161//2188
f 2168//2194 2169//2195 2170//2196 2171//2197
f 2168//2194 2171//2197 2167//2193 2166//1961
f 2171//2197 2170//2196 2172//2198 2173//2199
f 2171//2197 2173//2199 2174//2200 2167//2193
f 2174//2200 2173//2199 2175//2201 2176//2202
f 2174//2200 2176//2202 2177//2203 2162//2189
f 2174//2200 2162//2189 2161//2188 2167//2193
f 2177//2203 2176//2202 2178//2204 2179//2205
f 2177//2203 2179//2205 2180//2206 2157//2184
f 2177//2203 2157//2184 2156//2183 2162//2189
f 2180//2206 2179//2205 2181//2207 2182//2208
f 2180//2206 2182//2208 2183//2209 2152//2179
f 2180//2206 2152//2179 2151//2178 2157//2184
f 2183//2209 2182//2208 2184//2210 2185//2211
f 2183//2209 2185//2211 2186//2212 2147//2174
f 2183//2209 2147//2174 2146//2173 2152//2179
f 2186//2212 2185//2211 2187//2213 2188//2214
f 2186//2212 2188//2214 2189//2215 2143//2170
f 2186//2212 2143//2170 2142//2169 2147//2174
f 2189//2215 2188//2214 2190//2216 2191//2217
f 2189//2215 2191//2217 2192//2218 2140//2167
f 2189//2215 2140//2167 2139//2166 2143//2170
f 2192//2218 2191//2217 2193//2219 2194//2220
f 2192//2218 2194//2220 2195//2221 2137//2164
f 2192//2218 2137//2164 2136//2163 2140//2167
f 2195//2221 2194//2220 2196//2222 2197//2223
f 2195//2221 2197//2223 2198//2224 2134//2161
f 2195//2221 2134//2161 2133//2160 2137//2164
f 2198//2224 2197//2223 2199//2225 2200//2226
f 2198//2224 2200//2226 2201//2227 2131//2158
f 2198//2224 2131//2158 2130//2157 2134//2161
f 2201//2227 2200//2226 2202//2228 2203//2229
f 2201//2227 2203//2229 2204//2230 2128//2155
f 2201//2227 2128//2155 2127//2154 2131//2158
f 2204//2230 2203//2229 2205//2231 2206//2232
f 2204//2230 2206//2232 2207//2233 2124//2151
f 2204//2230 2124//2151 2123//2150 2128//2155
f 2207//2233 2206//2232 2208//2234 2209//2235
f 2207//2233 2209//2235 2210//2236 2211//2237
f 2207//2233 2211//2237 2125//2152 2124//2151
f 2211//2237 2210//2236 2212//2238 2213//2239
f 2211//2237 2213//2239 2118//2145 2125//2152
f 2213//2239 2212//2238 2214//2240 2114//2141
f 2213//2239 2114//2141 2113//2140 2118//2145
f 2214//2240 2212//2238 2215//2241 2216//2242
f 2214//2240 2216//2242 2217//2243 2110//2137
f 2214//2240 2110//2137 2109//2136 2114//2141
f 2217//2243 2216//2242 2218//2244 2219//2245
f 2217//2243 2219//2245 2220//2246 2221//2247
f 2217//2243 2221//2247 2111//2138 2110//2137
f 2221//2247 2220//2246 2222//2248 2223//2249
f 2221//2247 2223//2249 2104//2131 2111//2138
f 2223//2249 2222//2248 2224//2250 2225//2251
f 2223//2249 2225//2251 2105//2132 2104//2131
f 2225//2251 2224//2250 2226//2252 2227//2253
f 2225//2251 2227//2253 2098//2125 2105//2132
f 2227//2253 2226//2252 2228//2254 2094//2121
f 2227//2253 2094//2121 2093//2120 2098//2125
f 2228//2254 2226//2252 2229//2255 2230//2256
f 2228//2254 2230//2256 2231//2257 2090//2117
f 2228//2254 2090//2117 2089//2116 2094//2121
f 2231//2258 2230//2259 2232//2260 2233//2261
f 2231//2258 2233//2261 2234//2262 2086//2113
f 2231//2257 2086//2113 2085//2112 2090//2117
f 2234//2262 2233//2261 2235//2263 2236//2264
f 2234//2262 2236//2264 2237//2265 2238//2266
f 2234//2262 2238//2266 2087//2114 2086//2113
f 2238//2266 2237//2265 2239//2267 2240//2268
f 2238//2266 2240//2268 373//359 2087//2114
f 2240//2268 2239//2267 2241//2269 2242//2270
f 2240//2268 2242//2270 374//360 373//359
f 2242//2270 2241//2269 2243//2271 2244//2272
f 2242//2270 2244//2272 375//363 374//360
f 2244//2272 2243//2271 363//349 362//348
f 2243//2271 2241//2269 2245//2273 2246//2274
f 2243//2271 2246//2274 2247//2275 363//349
f 2247//2275 2246//2274 2248//2276 2249//2277
f 2247//2275 2249//2277 2250//2278 2251//2279
f 2247//2275 2251//2279 364//350 363//349
f 2251//2279 2250//2278 2252//2280 2253//2281
f 2251//2279 2253//2281 2254//2282 364//350
f 2254//2282 2255//2283 1990//2018 360//346
f 2254//2282 360//346 67//342 364//350
f 2255//2283 1993//2021 1991//2019 1990//2018
f 2255//2283 2256//2284 2257//2285 2258//2286
f 2255//2283 2258//2286 2259//2287 1993//2021
f 2255//2283 2260//2288 2261//2289 2256//2284
f 2261//2289 2262//2290 369//355 371//357
f 2261//2289 371//357 2263//2291 2256//2284
f 2261//2289 2260//2288 2264//2292 2262//2290
f 2264//2292 2265//2293 2266//2294 2262//2290
f 2264//2292 2260//2288 2250//2278 2249//2277
f 2264//2292 2249//2277 2248//2276 2265//2293
f 2266//2294 2267//2295 2268//2296 370//356
f 2266//2294 370//356 369//355 2262//2290
f 2266//2294 2265//2293 2269//2297 2267//2295
f 2269//2297 2270//2298 2271//2299 2267//2295
f 2269//2297 2265//2293 2248//2276 2272//2300
f 2269//2297 2272//2300 2273//2301 2270//2298
f 2273//2301 2274//2302 2275//2303 2270//2298
f 2273//2301 2272//2300 2245//2273 2276//2304
f 2273//2301 2276//2304 2277//2305 2274//2302
f 2277//2305 2278//2306 2279//2307 2274//2302
f 2277//2305 2276//2304 2239//2267 2237//2265
f 2277//2305 2237//2265 2236//2264 2278//2306
f 2279//2307 2280//2308 2281//2309 2282//2310
f 2279//2307 2282//2310 2275//2303 2274//2302
f 2279//2307 2278//2306 2283//2311 2280//2308
f 2283//2311 2284//2312 2285//2313 2280//2308
f 2283//2311 2278//2306 2236//2264 2235//2263
f 2283//2311 2235//2263 2286//2314 2284//2312
f 2286//2314 2287//2315 2288//2316 2284//2312
f 2286//2314 2235//2263 2233//2261 2232//2260
f 2286//2314 2232//2260 2289//2317 2287//2315
f 2289//2317 2290//2318 2291//2319 2287//2315
f 2289//2317 2232//2260 2230//2259 2229//2255
f 2289//2317 2229//2255 2292//2320 2290//2318
f 2292//2320 2293//2321 2294//2322 2290//2318
f 2292//2320 2229//2255 2226//2252 2224//2250
f 2292//2320 2224//2250 2222//2248 2293//2321
f 2294//2322 2295//2323 2296//2324 2297//2325
f 2294//2322 2297//2325 2291//2319 2290//2318
f 2294//2322 2293//2321 2298//2326 2295//2323
f 2298//2326 2299//2327 2300//2328 2295//2323
f 2298//2326 2293//2321 2222//2248 2220//2246
f 2298//2326 2220//2246 2219//2245 2299//2327
f 2300//2328 353//338 2301//2329 2302//2330
f 2300//2328 2302//2330 2296//2324 2295//2323
f 2300//2328 2299//2327 354//339 353//338
f 2302//2330 2301//2329 2303//2331 2304//2332
f 2302//2330 2304//2332 2305//2333 2296//2324
f 2305//2333 2304//2332 2306//2334 2307//2335
f 2305//2333 2307//2335 2308//2336 2309//2337
f 2305//2333 2309//2337 2297//2325 2296//2324
f 2309//2337 2308//2336 2310//2338 2311//2339
f 2309//2337 2311//2339 2291//2319 2297//2325
f 2311//2339 2310//2338 2312//2340 2288//2316
f 2311//2339 2288//2316 2287//2315 2291//2319
f 2312//2340 2310//2338 2313//2341 2314//2342
f 2312//2340 2314//2342 2315//2343 2285//2313
f 2312//2340 2285//2313 2284//2312 2288//2316
f 2315//2343 2314//2342 2316//2344 2317//2345
f 2315//2343 2317//2345 2318//2346 2281//2309
f 2315//2343 2281//2309 2280//2308 2285//2313
f 2318//2346 2317//2345 2319//2347 2320//2348
f 2318//2346 2320//2348 2321//2349 2322//2350
f 2318//2346 2322//2350 2282//2310 2281//2309
f 2322//2350 2321//2349 2323//2351 2324//2352
f 2322//2350 2324//2352 2275//2303 2282//2310
f 2324//2352 2323//2351 2325//2353 2271//2299
f 2324//2352 2271//2299 2270//2298 2275//2303
f 2325//2353 2323//2351 2326//2354 2327//2355
f 2325//2353 2327//2355 2328//2356 2268//2296
f 2325//2353 2268//2296 2267//2295 2271//2299
f 2328//2356 2327//2355 2329//2357 2330//2358
f 2328//2356 2330//2358 367//353 366//352
f 2328//2356 366//352 370//356 2268//2296
f 2330//2358 2329//2357 2331//2359 2332//2360
f 2330//2358 2332//2360 2333//2361 367//353
f 2333//2361 2332//2360 2334//2362 2335//2363
f 2333//2361 2335//2363 2336//2364 2337//2365
f 2333//2361 2337//2365 368//354 367//353
f 2337//2365 2336//2364 2338//2366 2263//2291
f 2337//2365 2263//2291 371//357 368//354
f 2338//2366 2336//2364 2339//2367 2340//2368
f 2338//2366 2340//2368 2341//2369 2257//2285
f 2338//2366 2257//2285 2256//2284 2263//2291
f 2341//2369 2340//2368 2342//2370 2343//2371
f 2341//2369 2343//2371 2344//2372 2345//2373
f 2341//2369 2345//2373 2258//2286 2257//2285
f 2345//2373 2344//2372 2346//2374 2347//2375
f 2345//2373 2347//2375 2259//2287 2258//2286
f 2347//2375 2346//2374 2348//2376 2349//2377
f 2347//2375 2349//2377 1996//2024 2259//2287
f 2349//2377 2348//2376 2350//2378 1999//2027
f 2349//2377 1999//2027 1997//2025 1996//2024
f 2350//2378 2348//2376 2351//2379 2352//2380
f 2350//2378 2352//2380 2353//2381 2002//2030
f 2350//2378 2002//2030 2000//2028 1999//2027
f 2353//2381 2352//2380 381//371 383//374
f 2353//2381 383//374 389//380 2005//2033
f 2353//2381 2005//2033 2003//2031 2002//2030
f 2352//2380 2351//2379 382//372 381//371
f 2351//2379 2354//2382 2355//2383 382//372
f 2351//2379 2348//2376 2346//2374 2354//2382
f 2355//2383 2356//2384 2357//2385 2358//2386
f 2355//2383 2358//2386 379//369 382//372
f 2355//2383 2354//2382 2359//2387 2356//2384
f 2359//2387 2360//2388 2361//2389 2356//2384
f 2359//2387 2354//2382 2346//2374 2344//2372
f 2359//2387 2344//2372 2343//2371 2360//2388
f 2361//2389 2362//2390 2363//2391 2364//2392
f 2361//2389 2364//2392 2357//2385 2356//2384
f 2361//2389 2360//2388 2365//2393 2362//2390
f 2365//2393 2366//2394 2367//2395 2362//2390
f 2365//2393 2360//2388 2343//2371 2342//2370
f 2365//2393 2342//2370 2368//2396 2366//2394
f 2368//2396 2369//2397 2370//2398 2366//2394
f 2368//2396 2342//2370 2340//2368 2339//2367
f 2368//2396 2339//2367 2371//2399 2369//2397
f 2371//2399 2372//2400 2373//2401 2369//2397
f 2371//2399 2339//2367 2336//2364 2335//2363
f 2371//2399 2335//2363 2334//2362 2372//2400
f 2373//2401 2374//2402 2375//2403 2376//2404
f 2373//2401 2376//2404 2370//2398 2369//2397
f 2373//2401 2372//2400 2377//2405 2374//2402
f 2377//2405 2378//2406 2379//2407 2374//2402
f 2377//2405 2372//2400 2334//2362 2380//2408
f 2377//2405 2380//2408 2381//2409 2378//2406
f 2381//2409 2382//2410 2383//2411 2378//2406
f 2381//2409 2380//2408 2331//2359 2384//2412
f 2381//2409 2384//2412 2385//2413 2382//2410
f 2385//2413 2386//2414 2387//2415 2382//2410
f 2385//2413 2384//2412 2388//2416 2389//2417
f 2385//2413 2389//2417 2390//2418 2386//2414
f 2390//2418 2391//2419 2392//2420 2386//2414
f 2390//2418 2389//2417 2393//2421 2394//2422
f 2390//2418 2394//2422 2395//2423 2391//2419
f 2395//2423 2396//2424 2397//2425 2391//2419
f 2395//2423 2394//2422 2320//2348 2319//2347
f 2395//2423 2319//2347 2398//2426 2396//2424
f 2398//2426 2399//2427 2400//2428 2396//2424
f 2398//2426 2319//2347 2317//2345 2316//2344
f 2398//2426 2316//2344 2401//2429 2399//2427
f 2401//2429 2402//2430 2403//2431 2399//2427
f 2401//2429 2316//2344 2314//2342 2313//2341
f 2401//2429 2313//2341 2404//2432 2402//2430
f 2404//2432 2405//2433 2406//2434 2402//2430
f 2404//2432 2313//2341 2310//2338 2308//2336
f 2404//2432 2308//2336 2307//2335 2405//2433
f 2406//2434 2407//2435 2408//2436 2409//2437
f 2406//2434 2409//2437 2403//2431 2402//2430
f 2406//2434 2405//2433 2410//2438 2407//2435
f 2410//2438 2411//2439 2412//2440 2407//2435
f 2410//2438 2405//2433 2307//2335 2306//2334
f 2410//2438 2306//2334 2413//2441 2411//2439
f 2413//2441 2414//2442 2415//2443 2411//2439
f 2413//2441 2306//2334 2304//2332 2303//2331
f 2413//2441 2303//2331 2416//2444 2414//2442
f 2416//2444 2417//2445 2418//2446 2414//2442
f 2416//2444 2303//2331 2301//2329 356//341
f 2416//2444 356//341 355//340 2417//2445
f 2418//2446 2419//2447 2420//2448 2421//2449
f 2418//2446 2421//2449 2415//2443 2414//2442
f 2418//2446 2417//2445 2422//2450 2419//2447
f 2422//2450 2423//2451 2424//2452 2419//2447
f 2422//2450 2417//2445 355//340 2425//2453
f 2422//2450 2425//2453 2426//2454 2423//2451
f 2426//2454 2427//2455 2428//2456 2423//2451
f 2426//2454 2425//2453 349//332 2429//2457
f 2426//2454 2429//2457 2430//2458 2427//2455
f 2430//2458 2431//2459 2432//2460 2427//2455
f 2430//2458 2429//2457 2433//2461 2434//2462
f 2430//2458 2434//2462 2435//2463 2431//2459
f 2435//2463 2436//2464 2437//2465 2431//2459
f 2435//2463 2434//2462 2438//2466 2439//2467
f 2435//2463 2439//2467 2440//2468 2436//2464
f 2440//2468 2441//2469 2442//2470 2436//2464
f 2440//2468 2439//2467 342//324 2443//2471
f 2440//2468 2443//2471 2444//2472 2441//2469
f 2444//2472 332//311 336//315 2441//2469
f 2444//2472 2443//2471 2445//2473 2446//2474
f 2444//2472 2446//2474 333//312 332//311
f 2446//2474 2445//2473 2447//2475 2448//2476
f 2446//2474 2448//2476 2449//2477 333//312
f 2449//2477 2450//2478 334//313 333//312
f 2449//2477 2448//2476 2451//2479 2452//2480
f 2449//2477 2452//2480 2453//2481 2450//2478
f 2453//2481 2454//2482 2455//2483 2450//2478
f 2453//2481 2452//2480 2456//2484 2457//2485
f 2453//2481 2457//2485 2458//2486 2454//2482
f 2458//2486 2459//2487 2460//2488 2454//2482
f 2458//2486 2457//2485 2461//2489 2462//2490
f 2458//2486 2462//2490 2463//2491 2459//2487
f 2463//2491 2464//2492 2465//2493 2459//2487
f 2463//2491 2462//2490 2466//2494 2467//2495
f 2463//2491 2467//2495 2468//2496 2464//2492
f 2468//2496 2469//2497 2470//2498 2464//2492
f 2468//2496 2467//2495 2471//2499 2472//2500
f 2468//2496 2472//2500 2473//2501 2469//2497
f 2473//2501 2474//2502 2475//2503 2469//2497
f 2473//2501 2472//2500 2476//2504 2477//2505
f 2473//2501 2477//2505 2478//2506 2474//2502
f 2478//2506 2479//2507 2480//2508 2474//2502
f 2478//2506 2477//2505 2481//2509 2482//2510
f 2478//2506 2482//2510 2483//2511 2479//2507
f 2483//2511 2484//2512 2485//2513 2479//2507
f 2483//2511 2482//2510 2486//2514 2487//2515
f 2483//2511 2487//2515 2488//2516 2484//2512
f 2488//2516 2489//2517 2490//2518 2484//2512
f 2488//2516 2487//2515 2491//2519 2492//2520
f 2488//2516 2492//2520 2493//2521 2489//2517
f 2493//2521 2494//2522 2495//2523 2489//2517
f 2493//2521 2492//2520 2496//2524 2497//2525
f 2493//2521 2497//2525 2498//2526 2494//2522
f 2498//2526 2499//2527 2500//2528 2494//2522
f 2498//2526 2497//2525 2501//2529 2502//2530
f 2498//2526 2502//2530 2503//2531 2499//2527
f 2503//2531 2504//2532 2505//2533 2499//2527
f 2503//2531 2502//2530 2506//2534 2507//2535
f 2503//2531 2507//2535 215//167 2504//2532
f 2507//2535 2506//2534 2508//2536 2509//2537
f 2507//2535 2509//2537 216//168 215//167
f 2509//2537 2508//2536 2510//2538 2511//2539
f 2509//2537 2511//2539 2512//2540 216//168
f 2512//2540 189//132 30//161 216//168
f 2512//2540 2511//2539 2513//2541 2514//2542
f 2512//2540 2514//2542 187//130 189//132
f 2514//2542 2513//2541 2515//2543 165//105
f 2514//2542 165//105 164//104 187//130
f 2515//2543 2513//2541 2516//2544 2517//2545
f 2515//2543 2517//2545 2518//2546 2519//2547
f 2515//2543 2519//2547 163//103 165//105
f 2519//2547 2518//2546 2520//2548 2521//2549
f 2519//2547 2521//2549 156//94 163//103
f 2521//2549 2520//2548 2522//2550 2523//2551
f 2521//2549 2523//2551 157//95 156//94
f 2523//2551 2522//2550 2524//2552 2525//2553
f 2523//2551 2525//2553 2526//2554 157//95
f 2526//2554 151//88 16//87 157//95
f 2526//2554 2525//2553 2527//2555 2528//2556
f 2526//2554 2528//2556 2529//2557 151//88
f 2529//2557 2530//2558 152//89 151//88
f 2529//2557 2528//2556 2531//2559 2532//2560
f 2529//2557 2532//2560 2533//2561 2530//2558
f 2533//2561 2534//2562 2535//2563 2530//2558
f 2533//2561 2532//2560 2536//2564 2537//2565
f 2533//2561 2537//2565 2538//2566 2534//2562
f 2538//2566 2539//2567 2540//2568 2534//2562
f 2541//2569 2542//2570 2543//2571 2544//2572
f 2541//2569 2544//2572 2540//2568 2539//2567
f 2544//2572 2543//2571 2545//2573 2546//2574
f 2544//2572 2546//2574 2547//2575 2540//2568
f 2547//2575 2546//2574 2548//2576 2549//2577
f 2547//2575 2549//2577 2550//2578 2535//2563
f 2547//2575 2535//2563 2534//2562 2540//2568
f 2550//2578 2549//2577 2551//2579 158//96
f 2550//2578 158//96 17//90 152//89
f 2550//2578 152//89 2530//2558 2535//2563
f 2551//2579 2552//2580 2553//2581 2554//2582
f 2551//2579 2554//2582 159//97 158//96
f 2551//2579 2549//2577 2548//2576 2552//2580
f 2554//2582 2553//2581 2555//2583 2556//2584
f 2554//2582 2556//2584 2557//2585 159//97
f 2557//2585 2556//2584 2558//2586 2559//2587
f 2557//2585 2559//2587 2560//2588 2561//2589
f 2557//2585 2561//2589 160//98 159//97
f 2561//2589 2560//2588 2562//2590 2563//2591
f 2561//2589 2563//2591 161//99 160//98
f 2563//2591 2562//2590 2564//2592 2565//2593
f 2563//2591 2565//2593 2566//2594 161//99
f 2566//2594 2565//2593 2567//2595 2568//2596
f 2566//2594 2568//2596 2569//2597 167//107
f 2566//2594 167//107 162//100 161//99
f 2569//2597 2568//2596 2570//2598 2571//2599
f 2569//2597 2571//2599 2572//2600 2573//2601
f 2569//2597 2573//2601 168//108 167//107
f 2573//2601 2572//2600 2574//2602 2575//2603
f 2573//2601 2575//2603 169//109 168//108
f 2575//2603 2574//2602 2576//2604 2577//2605
f 2575//2603 2577//2605 2578//2606 169//109
f 2578//2606 2579//2607 170//110 169//109
f 2578//2606 2577//2605 2580//2608 2581//2609
f 2578//2606 2581//2609 2582//2610 2579//2607
f 2582//2610 196//141 195//140 2579//2607
f 2582//2610 2581//2609 2583//2611 2584//2612
f 2582//2610 2584//2612 2585//2613 196//141
f 2585//2613 2586//2614 197//142 196//141
f 2585//2613 2584//2612 2587//2615 2588//2616
f 2585//2613 2588//2616 2589//2617 2586//2614
f 2589//2617 2590//2618 2591//2619 2586//2614
f 2589//2617 2588//2616 2592//2620 2593//2621
f 2589//2617 2593//2621 2594//2622 2590//2618
f 2594//2622 2595//2623 213//163 2590//2618
f 2594//2622 2593//2621 2596//2624 2597//2625
f 2594//2622 2597//2625 2598//2626 2595//2623
f 2598//2626 2599//2627 2600//2628 2595//2623
f 2598//2626 2597//2625 2601//2629 2602//2630
f 2598//2626 2602//2630 2603//2631 2599//2627
f 2603//2631 2602//2630 2604//2632 2605//2633
f 2603//2631 2605//2633 2606//2634 2607//2635
f 2603//2631 2607//2635 2608//2636 2599//2627
f 2608//2636 2607//2635 2609//2637 2610//2638
f 2608//2636 2610//2638 218//170 217//169
f 2608//2636 217//169 2600//2628 2599//2627
f 2610//2638 2609//2637 2611//2639 2505//2533
f 2610//2638 2505//2533 2504//2532 218//170
f 2611//2639 2609//2637 2612//2640 2613//2641
f 2611//2639 2613//2641 2614//2642 2500//2528
f 2611//2639 2500//2528 2499//2527 2505//2533
f 2614//2642 2613//2641 2615//2643 2616//2644
f 2614//2642 2616//2644 2617//2645 2495//2523
f 2614//2642 2495//2523 2494//2522 2500//2528
f 2617//2645 2616//2644 2618//2646 2619//2647
f 2617//2645 2619//2647 2620//2648 2490//2518
f 2617//2645 2490//2518 2489//2517 2495//2523
f 2620//2648 2619//2647 2621//2649 2622//2650
f 2620//2648 2622//2650 2623//2651 2485//2513
f 2620//2648 2485//2513 2484//2512 2490//2518
f 2623//2651 2622//2650 2624//2652 2625//2653
f 2623//2651 2625//2653 2626//2654 2480//2508
f 2623//2651 2480//2508 2479//2507 2485//2513
f 2626//2654 2625//2653 2627//2655 2628//2656
f 2626//2654 2628//2656 2629//2657 2475//2503
f 2626//2654 2475//2503 2474//2502 2480//2508
f 2629//2657 2628//2656 2630//2658 2631//2659
f 2629//2657 2631//2659 2632//2660 2470//2498
f 2629//2657 2470//2498 2469//2497 2475//2503
f 2632//2660 2631//2659 2633//2661 2634//2662
f 2632//2660 2634//2662 2635//2663 2465//2493
f 2632//2660 2465//2493 2464//2492 2470//2498
f 2635//2663 2634//2662 2636//2664 2637//2665
f 2635//2663 2637//2665 2638//2666 2460//2488
f 2635//2663 2460//2488 2459//2487 2465//2493
f 2638//2666 2637//2665 2639//2667 330//308
f 2638//2666 330//308 329//307 2455//2483
f 2638//2666 2455//2483 2454//2482 2460//2488
f 2639//2667 2637//2665 2636//2664 2640//2668
f 2641//2669 2639//2667 2640//2668 2642//2670
f 2643//2671 2644//2672 2645//2673 326//2674
f 2643//2671 2642//2670 2646//2675 2644//2672
f 2646//2675 2647//2676 2648//2677 2644//2672
f 2646//2675 2642//2670 2640//2668 2649//2678
f 2646//2675 2649//2678 2650//2679 2647//2676
f 2650//2679 2651//2680 2652//2681 2647//2676
f 2650//2679 2649//2678 2653//2682 2654//2683
f 2650//2679 2654//2683 2655//2684 2651//2680
f 2655//2684 2656//2685 2657//2686 2651//2680
f 2655//2684 2654//2683 2658//2687 2659//2688
f 2655//2684 2659//2688 2660//2689 2656//2685
f 2660//2689 260//224 259//223 2656//2685
f 2660//2689 2659//2688 2661//2690 2662//2691
f 2660//2689 2662//2691 2663//2692 260//224
f 2663//2692 251//213 250//212 260//224
f 2663//2692 2662//2691 2664//2693 2665//2694
f 2663//2692 2665//2694 252//214 251//213
f 2665//2694 2664//2693 2624//2652 2666//2695
f 2665//2694 2666//2695 2667//2696 252//214
f 2667//2696 2668//2697 248//208 252//214
f 2667//2696 2666//2695 2621//2649 2669//2698
f 2667//2696 2669//2698 2670//2699 2668//2697
f 2670//2699 2671//2700 243//197 2668//2697
f 2670//2699 2669//2698 2618//2646 2672//2701
f 2670//2699 2672//2701 2673//2702 2671//2700
f 2673//2702 2674//2703 2675//2704 2671//2700
f 2673//2702 2672//2701 2615//2643 2676//2705
f 2673//2702 2676//2705 2677//2706 2674//2703
f 2677//2706 2678//2707 2679//2708 2674//2703
f 2677//2706 2676//2705 2612//2640 2606//2634
f 2677//2706 2606//2634 2605//2633 2678//2707
f 2679//2708 2680//2709 38//199 244//202
f 2679//2708 244//202 2675//2704 2674//2703
f 2679//2708 2678//2707 2681//2710 2680//2709
f 2681//2710 2678//2707 2605//2633 2604//2632
f 2681//2710 2604//2632 2682//2711 2683//2712
f 2681//2710 2683//2712 2684//2713 2680//2709
f 2684//2713 2683//2712 2685//2714 2686//2715
f 2684//2713 2686//2715 2687//2716 245//203
f 2684//2713 245//203 38//199 2680//2709
f 2687//2716 2686//2715 2688//2717 2689//2718
f 2687//2716 2689//2718 2690//2719 2691//2720
f 2687//2716 2691//2720 246//204 245//203
f 2691//2720 2690//2719 2692//2721 2693//2722
f 2691//2720 2693//2722 254//217 246//204
f 2693//2722 2692//2721 2694//2723 255//218
f 2693//2722 255//218 253//215 254//217
f 2694//2723 2692//2721 2695//2724 2696//2725
f 2694//2723 2696//2725 2697//2726 2698//2727
f 2694//2723 2698//2727 256//219 255//218
f 2698//2727 2697//2726 287//255 284//252
f 2698//2727 284//252 257//220 256//219
f 2697//2726 2696//2725 2699//2728 2700//2729
f 2697//2726 2700//2729 2701//2730 287//255
f 2701//2730 2700//2729 2702//2731 2703//2732
f 2701//2730 2703//2732 2704//2733 2705//2734
f 2701//2730 2705//2734 285//253 287//255
f 2705//2734 2704//2733 2706//2735 2707//2736
f 2705//2734 2707//2736 286//254 285//253
f 2707//2736 2706//2735 2708//2737 2709//2738
f 2707//2736 2709//2738 2710//2739 286//254
f 2710//2739 2711//2740 283//251 286//254
f 2710//2739 2709//2738 2712//2741 307//279
f 2710//2739 307//279 289//258 2711//2740
f 2712//2741 2709//2738 2708//2737 2713//2742
f 2712//2741 2713//2742 2714//2743 314//287
f 2712//2741 314//287 308//280 307//279
f 2714//2743 2713//2742 2715//2744 323//299
f 2714//2743 323//299 56//298 2716//2745
f 2714//2743 2716//2745 315//288 314//287
f 2716//2745 56//298 326//2674 2645//2673
f 2716//2745 2645//2673 316//289 315//288
f 2715//2744 2713//2742 2708//2737 2717//2746
f 2715//2744 2717//2746 2718//2747 2719//2748
f 2715//2744 2719//2748 324//300 323//299
f 2719//2748 2718//2747 2720//2749 2721//2750
f 2719//2748 2721//2750 328//304 324//300
f 2721//2750 2720//2749 2722//2751 331//309
f 2721//2750 331//309 58//305 328//304
f 2722//2751 2720//2749 2723//2752 2724//2753
f 2722//2751 2724//2753 2725//2754 335//314
f 2722//2751 335//314 59//310 331//309
f 2725//2754 2724//2753 2726//2755 2727//2756
f 2725//2754 2727//2756 2728//2757 2729//2758
f 2725//2754 2729//2758 336//315 335//314
f 2729//2758 2728//2757 2730//2759 2442//2470
f 2729//2758 2442//2470 2441//2469 336//315
f 2730//2759 2728//2757 2731//2760 2732//2761
f 2730//2759 2732//2761 2733//2762 2437//2465
f 2730//2759 2437//2465 2436//2464 2442//2470
f 2733//2762 2732//2761 2734//2763 2735//2764
f 2733//2762 2735//2764 2736//2765 2432//2460
f 2733//2762 2432//2460 2431//2459 2437//2465
f 2736//2765 2735//2764 2737//2766 2738//2767
f 2736//2765 2738//2767 2739//2768 2428//2456
f 2736//2765 2428//2456 2427//2455 2432//2460
f 2739//2768 2738//2767 2740//2769 2741//2770
f 2739//2768 2741//2770 2742//2771 2424//2452
f 2739//2768 2424//2452 2423//2451 2428//2456
f 2742//2771 2741//2770 2743//2772 2744//2773
f 2742//2771 2744//2773 2745//2774 2420//2448
f 2742//2771 2420//2448 2419//2447 2424//2452
f 2745//2774 2744//2773 2746//2775 2747//2776
f 2745//2774 2747//2776 2748//2777 2749//2778
f 2745//2774 2749//2778 2421//2449 2420//2448
f 2749//2778 2748//2777 2750//2779 2751//2780
f 2749//2778 2751//2780 2415//2443 2421//2449
f 2751//2780 2750//2779 2752//2781 2412//2440
f 2751//2780 2412//2440 2411//2439 2415//2443
f 2752//2781 2750//2779 2753//2782 2754//2783
f 2752//2781 2754//2783 2755//2784 2408//2436
f 2752//2781 2408//2436 2407//2435 2412//2440
f 2755//2784 2754//2783 2756//2785 2757//2786
f 2755//2784 2757//2786 2758//2787 2759//2788
f 2755//2784 2759//2788 2409//2437 2408//2436
f 2759//2788 2758//2787 2760//2789 2761//2790
f 2759//2788 2761//2790 2403//2431 2409//2437
f 2761//2790 2760//2789 2762//2791 2400//2428
f 2761//2790 2400//2428 2399//2427 2403//2431
f 2762//2791 2760//2789 2763//2792 2764//2793
f 2762//2791 2764//2793 2765//2794 2397//2425
f 2762//2791 2397//2425 2396//2424 2400//2428
f 2765//2794 2764//2793 2766//2795 2767//2796
f 2765//2794 2767//2796 2768//2797 2392//2420
f 2765//2794 2392//2420 2391//2419 2397//2425
f 2768//2797 2767//2796 2769//2798 2770//2799
f 2768//2797 2770//2799 2771//2800 2387//2415
f 2768//2797 2387//2415 2386//2414 2392//2420
f 2771//2800 2770//2799 2772//2801 2773//2802
f 2771//2800 2773//2802 2774//2803 2383//2411
f 2771//2800 2383//2411 2382//2410 2387//2415
f 2774//2803 2773//2802 2775//2804 2776//2805
f 2774//2803 2776//2805 2777//2806 2379//2407
f 2774//2803 2379//2407 2378//2406 2383//2411
f 2777//2806 2776//2805 2778//2807 2779//2808
f 2777//2806 2779//2808 2780//2809 2375//2403
f 2777//2806 2375//2403 2374//2402 2379//2407
f 2780//2809 2779//2808 2781//2810 2782//2811
f 2780//2809 2782//2811 2783//2812 2784//2813
f 2780//2809 2784//2813 2376//2404 2375//2403
f 2784//2813 2783//2812 2785//2814 2786//2815
f 2784//2813 2786//2815 2370//2398 2376//2404
f 2786//2815 2785//2814 2787//2816 2367//2395
f 2786//2815 2367//2395 2366//2394 2370//2398
f 2787//2816 2785//2814 2788//2817 2789//2818
f 2787//2816 2789//2818 2790//2819 2363//2391
f 2787//2816 2363//2391 2362//2390 2367//2395
f 2790//2819 2789//2818 2791//2820 2792//2821
f 2790//2819 2792//2821 2793//2822 2794//2823
f 2790//2819 2794//2823 2364//2392 2363//2391
f 2794//2823 2793//2822 2795//2824 2796//2825
f 2794//2823 2796//2825 2357//2385 2364//2392
f 2796//2825 2795//2824 2797//2826 2798//2827
f 2796//2825 2798//2827 2358//2386 2357//2385
f 2798//2827 2797//2826 2799//2828 380//370
f 2798//2827 380//370 379//369 2358//2386
f 2799//2828 2797//2826 2800//2829 2801//2830
f 2799//2828 2801//2830 2802//2831 2803//2832
f 2799//2828 2803//2832 376//366 380//370
f 2803//2832 2802//2831 391//382 2804//2833
f 2803//2832 2804//2833 377//367 376//366
f 2804//2833 391//382 390//381 397//2834
f 2804//2833 397//2834 2805//2835 377//367
f 2805//2835 2806//2836 378//368 377//367
f 2805//2835 397//2834 396//2837 2807//2838
f 2805//2835 2807//2838 2808//2839 2806//2836
f 2808//2839 2809//2840 2810//2841 2806//2836
f 2808//2839 2807//2838 2811//2842 2812//2843
f 2808//2839 2812//2843 2813//2844 2809//2840
f 2813//2844 2814//2845 2815//2846 2809//2840
f 2813//2844 2812//2843 2816//2847 2817//2848
f 2813//2844 2817//2848 2818//2849 2814//2845
f 2818//2849 2819//2850 2820//2851 2814//2845
f 2818//2849 2817//2848 2821//2852 2822//2853
f 2818//2849 2822//2853 2823//2854 2819//2850
f 2823//2854 2824//2855 2825//2856 2819//2850
f 2823//2854 2822//2853 2826//2857 2827//2858
f 2823//2854 2827//2858 2828//2859 2824//2855
f 2828//2859 2829//2860 2830//2861 2824//2855
f 2828//2859 2827//2858 2831//2862 2832//2863
f 2828//2859 2832//2863 2833//2864 2829//2860
f 2833//2864 2834//2865 2835//2866 2829//2860
f 2833//2864 2832//2863 2836//2867 2837//2868
f 2833//2864 2837//2868 2838//2869 2834//2865
f 2838//2869 2839//2870 2840//2871 2834//2865
f 2838//2869 2837//2868 2841//2872 2842//2873
f 2838//2869 2842//2873 2843//2874 2839//2870
f 2843//2874 2844//2875 2845//2876 2839//2870
f 2843//2874 2842//2873 2846//2877 2847//2878
f 2843//2874 2847//2878 2848//2879 2844//2875
f 2848//2879 2849//2880 2850//2881 2844//2875
f 2848//2879 2847//2878 2851//2882 2852//2883
f 2848//2879 2852//2883 2853//2884 2849//2880
f 2853//2884 2854//2885 2855//2886 2849//2880
f 2853//2884 2852//2883 2856//2887 2857//2888
f 2853//2884 2857//2888 2858//2889 2854//2890
f 2858//2889 2859//2891 2860//2892 2854//2890
f 2858//2889 2857//2888 2861//2893 2862//2894
f 2858//2889 2862//2894 2863//2895 2859//2891
f 2863//2895 2864//2896 2865//2897 2859//2891
f 2863//2895 2862//2894 2866//2898 2867//2899
f 2863//2895 2867//2899 2868//2900 2864//2896
f 2868//2900 2869//2901 2870//2902 2864//2896
f 2868//2900 2867//2899 2871//2903 2872//2904
f 2868//2900 2872//2904 2873//2905 2869//2901
f 2873//2905 2874//2906 2875//2907 2869//2901
f 2873//2905 2872//2904 2876//2908 2877//2909
f 2873//2905 2877//2909 2878//2910 2874//2906
f 2878//2910 2879//2911 2880//2912 2874//2906
f 2878//2910 2877//2909 2881//2913 2882//2914
f 2878//2910 2882//2914 2883//2915 2879//2911
f 2883//2915 2884//2916 2885//2917 2879//2911
f 2883//2915 2882//2914 2886//2918 2887//2919
f 2883//2915 2887//2919 2888//2920 2884//2916
f 2888//2920 2889//2921 2890//2922 2884//2916
f 2888//2920 2887//2919 2891//2923 2892//2924
f 2888//2920 2892//2924 2893//2925 2889//2921
f 2893//2925 2894//2926 2895//2927 2889//2921
f 2893//2925 2892//2924 2896//2928 2897//2929
f 2893//2925 2897//2929 322//297 2894//2926
f 2897//2929 2896//2928 2898//2930 2899//2931
f 2897//2929 2899//2931 319//294 322//297
f 2899//2931 2898//2930 2900//2932 2901//2933
f 2899//2931 2901//2933 320//295 319//294
f 2901//2933 2900//2932 2902//2934 2903//2935
f 2901//2933 2903//2935 321//296 320//295
f 2903//2935 2902//2934 2904//2936 2905//2937
f 2903//2935 2905//2937 2906//2938 321//296
f 2906//2938 2907//2939 317//291 321//296
f 2906//2938 2905//2937 2908//2940 2909//2941
f 2906//2938 2909//2941 2910//2942 2907//2939
f 2910//2942 2911//2943 2912//2944 2907//2939
f 2910//2942 2909//2941 2913//2945 2914//2946
f 2910//2942 2914//2946 2915//2947 2911//2943
f 2915//2947 2916//2948 2895//2927 2911//2943
f 2915//2947 2914//2946 2917//2949 2918//2950
f 2915//2947 2918//2950 2919//2951 2916//2948
f 2919//2951 2918//2950 275//242 282//249
f 2919//2951 282//249 2920//2952 2921//2953
f 2919//2951 2921//2953 2890//2922 2916//2948
f 2921//2953 2920//2952 2922//2954 2885//2917
f 2921//2953 2885//2917 2884//2916 2890//2922
f 2922//2954 2920//2952 2923//2955 2924//2956
f 2922//2954 2924//2956 2925//2957 2880//2912
f 2922//2954 2880//2912 2879//2911 2885//2917
f 2925//2957 2924//2956 297//268 2926//2958
f 2925//2957 2926//2958 2927//2959 2875//2907
f 2925//2957 2875//2907 2874//2906 2880//2912
f 2927//2959 2926//2958 2928//2960 2929//2961
f 2927//2959 2929//2961 2930//2962 2870//2902
f 2927//2959 2870//2902 2869//2901 2875//2907
f 2930//2962 2929//2961 2931//2963 2932//2964
f 2930//2962 2932//2964 2933//2965 2865//2897
f 2930//2962 2865//2897 2864//2896 2870//2902
f 2933//2966 2932//2967 2934//2968 2935//2969
f 2933//2966 2935//2969 2936//2970 2860//2971
f 2933//2965 2860//2892 2859//2891 2865//2897
f 2936//2970 2935//2969 2937//2972 2938//2973
f 2936//2970 2938//2973 2939//2974 2855//2886
f 2936//2970 2855//2886 2854//2885 2860//2971
f 2939//2974 2938//2973 2940//2975 2941//2976
f 2939//2974 2941//2976 2942//2977 2850//2881
f 2939//2974 2850//2881 2849//2880 2855//2886
f 2942//2977 2941//2976 2943//2978 2944//2979
f 2942//2977 2944//2979 2945//2980 2845//2876
f 2942//2977 2845//2876 2844//2875 2850//2881
f 2945//2980 2944//2979 2946//2981 2947//2982
f 2945//2980 2947//2982 2948//2983 2840//2871
f 2945//2980 2840//2871 2839//2870 2845//2876
f 2948//2983 2947//2982 2949//2984 2950//2985
f 2948//2983 2950//2985 2951//2986 2835//2866
f 2948//2983 2835//2866 2834//2865 2840//2871
f 2951//2986 2950//2985 2952//2987 2953//2988
f 2951//2986 2953//2988 2954//2989 2830//2861
f 2951//2986 2830//2861 2829//2860 2835//2866
f 2954//2989 2953//2988 2955//2990 2956//2991
f 2954//2989 2956//2991 2957//2992 2825//2856
f 2954//2989 2825//2856 2824//2855 2830//2861
f 2957//2992 2956//2991 2958//2993 2959//2994
f 2957//2992 2959//2994 2960//2995 2820//2851
f 2957//2992 2820//2851 2819//2850 2825//2856
f 2960//2995 2959//2994 2961//2996 2962//2997
f 2960//2995 2962//2997 2963//2998 2815//2846
f 2960//2995 2815//2846 2814//2845 2820//2851
f 2963//2998 2962//2997 2964//2999 2965//3000
f 2963//2998 2965//3000 2966//3001 2810//2841
f 2963//2998 2810//2841 2809//2840 2815//2846
f 2966//3001 2965//3000 2967//3002 2968//3003
f 2966//3001 2968//3003 72//365 378//368
f 2966//3001 378//368 2806//2836 2810//2841
f 2968//3003 2967//3002 2969//3004 2970//3005
f 2968//3003 2970//3005 384//375 72//365
f 2970//3005 2969//3004 2971//3006 2972//3007
f 2970//3005 2972//3007 2973//3008 384//375
f 2973//3008 2972//3007 2974//3009 2975//3010
f 2973//3008 2975//3010 2976//3011 392//383
f 2973//3008 392//383 385//376 384//375
f 2976//3011 2975//3010 2977//3012 2978//3013
f 2976//3011 2978//3013 2979//3014 2980//3015
f 2976//3011 2980//3015 393//384 392//383
f 2981//3016 2979//3014 2982//3017 2983//3018
f 2981//3016 2983//3018 2984//3019 2985//3020
f 2986//3021 2006//2034 2005//2033 389//380
f 2987//3022 2988//3023 2989//3024 2990//3025
f 2990//3025 2989//3024 2991//3026 2992//3027
f 2992//3027 2993//3028 2994//3029 2995//3030
f 2992//3027 2995//3030 2996//3031 2990//3025
f 2992//3027 2991//3026 2997//3032 2993//3028
f 2997//3032 2998//3033 2999//3034 2993//3028
f 2997//3032 2991//3026 3000//3035 3001//3036
f 2997//3032 3001//3036 3002//3037 2998//3033
f 3002//3037 3003//3038 3004//3039 2998//3033
f 3002//3037 3001//3036 3005//3040 3006//3041
f 3002//3037 3006//3041 3007//3042 3003//3038
f 3007//3042 3008//3043 3009//3044 3003//3038
f 3007//3042 3006//3041 3010//3045 3011//3046
f 3007//3042 3011//3046 3012//3047 3008//3043
f 3012//3047 3013//3048 3014//3049 3008//3043
f 3012//3047 3011//3046 3015//3050 3016//3051
f 3012//3047 3016//3051 3017//3052 3013//3048
f 3017//3052 3018//3053 3019//3054 3013//3048
f 3017//3055 3016//3056 3020//3057 3021//3058
f 3017//3055 3021//3058 3022//3059 3018//3060
f 3022//3059 3023//3061 3024//3062 3018//3060
f 3022//3059 3021//3058 3025//3063 3026//3064
f 3022//3059 3026//3064 3027//3065 3023//3061
f 3027//3065 3028//3066 3029//3067 3023//3061
f 3027//3065 3026//3064 3030//3068 3031//3069
f 3027//3065 3031//3069 3032//3070 3028//3066
f 3032//3070 3033//3071 3034//3072 3028//3066
f 3032//3070 3031//3069 3035//3073 3036//3074
f 3032//3070 3036//3074 3037//3075 3033//3071
f 3037//3075 3038//3076 3039//3077 3033//3071
f 3037//3075 3036//3074 3040//3078 3041//3079
f 3037//3075 3041//3079 3042//3080 3038//3076
f 3042//3080 3043//3081 3044//3082 3038//3076
f 3042//3080 3041//3079 3045//3083 3046//3084
f 3042//3080 3046//3084 3047//3085 3043//3081
f 3047//3085 3048//3086 3049//3087 3043//3081
f 3047//3085 3046//3084 3050//3088 3051//3089
f 3047//3085 3051//3089 3052//3090 3048//3086
f 3052//3090 3053//3091 3054//3092 3048//3086
f 3052//3090 3051//3089 3055//3093 3056//3094
f 3052//3090 3056//3094 3057//3095 3053//3091
f 3057//3095 3058//3096 3059//3097 3053//3091
f 3057//3095 3056//3094 3060//3098 3061//3099
f 3057//3095 3061//3099 3062//3100 3058//3096
f 3062//3100 3063//3101 3064//3102 3058//3096
f 3062//3100 3061//3099 3065//3103 3066//3104
f 3062//3100 3066//3104 3067//3105 3063//3101
f 3067//3105 3068//3106 3069//3107 3063//3101
f 3067//3105 3066//3104 3070//3108 3071//3109
f 3067//3105 3071//3109 3072//3110 3068//3106
f 3072//3110 3073//3111 3074//3112 3068//3106
f 3072//3110 3071//3109 3075//3113 3076//3114
f 3072//3110 3076//3114 3077//3115 3073//3111
f 3077//3115 3078//3116 3079//3117 3073//3111
f 3077//3115 3076//3114 3080//3118 3081//3119
f 3077//3115 3081//3119 3082//3120 3078//3116
f 3082//3120 2902//2934 2900//2932 3078//3116
f 3082//3120 3081//3119 3083//3121 3084//3122
f 3082//3120 3084//3122 2904//2936 2902//2934
f 3084//3122 3083//3121 3085//3123 3086//3124
f 3084//3122 3086//3124 3087//3125 2904//2936
f 3087//3125 2908//2940 2905//2937 2904//2936
f 3087//3125 3086//3124 3088//3126 3089//3127
f 3087//3125 3089//3127 3090//3128 2908//2940
f 3090//3128 2913//2945 2909//2941 2908//2940
f 3090//3128 3089//3127 3091//3129 3092//3130
f 3090//3128 3092//3130 3093//3131 2913//2945
f 3093//3131 2917//2949 2914//2946 2913//2945
f 3093//3131 3092//3130 3094//3132 277//244
f 3093//3131 277//244 276//243 2917//2949
f 3094//3132 3092//3130 3091//3129 3095//3133
f 3094//3132 3095//3133 3096//3134 3097//3135
f 3094//3132 3097//3135 278//245 277//244
f 3097//3135 3096//3134 3098//3136 309//3137
f 3097//3135 309//3137 279//246 278//245
f 3098//3136 3096//3134 3099//3138 3100//3139
f 3098//3136 3100//3139 3101//3140 295//3141
f 3098//3136 295//3141 294//265 309//3137
f 3101//3140 3100//3139 3102//3142 3103//3143
f 3101//3144 3103//3145 2928//2960 296//267
f 3101//3144 296//267 49//264 295//266
f 3103//3143 3102//3142 3104//3146 2931//3147
f 3103//3145 2931//2963 2929//2961 2928//2960
f 3104//3146 3102//3142 3105//3148 3106//3149
f 3104//3146 3106//3149 3107//3150 2934//2968
f 3104//3146 2934//2968 2932//2967 2931//3147
f 3107//3150 3106//3149 3108//3151 3109//3152
f 3107//3150 3109//3152 3110//3153 2937//2972
f 3107//3150 2937//2972 2935//2969 2934//2968
f 3110//3153 3109//3152 3111//3154 3112//3155
f 3110//3153 3112//3155 3113//3156 2940//2975
f 3110//3153 2940//2975 2938//2973 2937//2972
f 3113//3156 3112//3155 3114//3157 3115//3158
f 3113//3156 3115//3158 3116//3159 2943//2978
f 3113//3156 2943//2978 2941//2976 2940//2975
f 3116//3159 3115//3158 3117//3160 3118//3161
f 3116//3159 3118//3161 3119//3162 2946//2981
f 3116//3159 2946//2981 2944//2979 2943//2978
f 3119//3162 3118//3161 3120//3163 3121//3164
f 3119//3162 3121//3164 3122//3165 2949//2984
f 3119//3162 2949//2984 2947//2982 2946//2981
f 3122//3165 3121//3164 3123//3166 3124//3167
f 3122//3165 3124//3167 3125//3168 2952//2987
f 3122//3165 2952//2987 2950//2985 2949//2984
f 3125//3168 3124//3167 3126//3169 3127//3170
f 3125//3168 3127//3170 3128//3171 2955//2990
f 3125//3168 2955//2990 2953//2988 2952//2987
f 3128//3171 3127//3170 3129//3172 3130//3173
f 3128//3171 3130//3173 3131//3174 2958//2993
f 3128//3171 2958//2993 2956//2991 2955//2990
f 3131//3174 3130//3173 3132//3175 3133//3176
f 3131//3174 3133//3176 3134//3177 2961//2996
f 3131//3174 2961//2996 2959//2994 2958//2993
f 3134//3177 3133//3176 3135//3178 3136//3179
f 3134//3177 3136//3179 3137//3180 2964//2999
f 3134//3177 2964//2999 2962//2997 2961//2996
f 3137//3180 3136//3179 3138//3181 3139//3182
f 3137//3180 3139//3182 2969//3004 2967//3002
f 3137//3180 2967//3002 2965//3000 2964//2999
f 3139//3182 3138//3181 3140//3183 3141//3184
f 3139//3182 3141//3184 2971//3006 2969//3004
f 3141//3184 3140//3183 3142//3185 3143//3186
f 3141//3184 3143//3186 3144//3187 2971//3006
f 3144//3187 3143//3186 3145//3188 3146//3189
f 3144//3187 3146//3189 3147//3190 2974//3009
f 3144//3187 2974//3009 2972//3007 2971//3006
f 3147//3190 3146//3189 3148//3191 3149//3192
f 3147//3190 3149//3192 3150//3193 2977//3012
f 3147//3190 2977//3012 2975//3010 2974//3009
f 3150//3193 3149//3192 3151//3194 3152//3195
f 3150//3193 3152//3195 3153//3196 3154//3197
f 3150//3193 3154//3197 2978//3013 2977//3012
f 3154//3197 3153//3196 3155//3198 2982//3017
f 3154//3197 2982//3017 2979//3014 2978//3013
f 3155//3198 3153//3196 3156//3199 3157//3200
f 3155//3198 3157//3200 3158//3201 3159//3202
f 3155//3198 3159//3202 2983//3018 2982//3017
f 3159//3202 3158//3201 3160//3203 3161//3204
f 3159//3202 3161//3204 2984//3205 2983//3018
f 3161//3204 3160//3203 3162//3206 3163//3207
f 3161//3204 3163//3207 3164//3208 2984//3205
f 3164//3208 3163//3207 3165//3209 3166//3210
f 3164//3211 3166//3212 3167//3213 3168//3214
f 3164//3211 3168//3214 2985//3020 2984//3019
f 3167//3213 3166//3212 3169//3215 3170//3216
f 3167//3213 3170//3216 3171//3217 3172//3218
f 3167//3213 3172//3218 3173//3219 3168//3214
f 3172//3218 3171//3217 3174//3220 3175//3221
f 3172//3218 3175//3221 3176//3222 3173//3219
f 3176//3222 3177//3223 2988//3023 3173//3219
f 3176//3222 3175//3221 3178//3224 3179//3225
f 3176//3222 3179//3225 3180//3226 3177//3223
f 3180//3226 3181//3227 3182//3228 3177//3223
f 3180//3226 3179//3225 3183//3229 3184//3230
f 3180//3226 3184//3230 3185//3231 3181//3227
f 3185//3231 3186//3232 3187//3233 3181//3227
f 3185//3231 3184//3230 3188//3234 3189//3235
f 3185//3231 3189//3235 3190//3236 3186//3232
f 3190//3236 3191//3237 3192//3238 3186//3232
f 3190//3239 3189//3240 3193//3241 3194//3242
f 3190//3239 3194//3242 3195//3243 3191//3244
f 3195//3243 3196//3245 3197//3246 3191//3244
f 3195//3243 3194//3242 3157//3200 3156//3199
f 3195//3243 3156//3199 3198//3247 3196//3245
f 3198//3247 3199//3248 3200//3249 3196//3245
f 3198//3247 3156//3199 3153//3196 3152//3195
f 3198//3247 3152//3195 3151//3194 3199//3248
f 3200//3249 3020//3057 3016//3056 3015//3250
f 3200//3249 3015//3250 3197//3246 3196//3245
f 3200//3249 3199//3248 3201//3251 3020//3057
f 3201//3251 3025//3063 3021//3058 3020//3057
f 3201//3251 3199//3248 3151//3194 3202//3252
f 3201//3251 3202//3252 3203//3253 3025//3063
f 3203//3253 3030//3068 3026//3064 3025//3063
f 3203//3253 3202//3252 3148//3191 3204//3254
f 3203//3253 3204//3254 3205//3255 3030//3068
f 3205//3255 3035//3073 3031//3069 3030//3068
f 3205//3255 3204//3254 3145//3188 3206//3256
f 3205//3255 3206//3256 3207//3257 3035//3073
f 3207//3257 3040//3078 3036//3074 3035//3073
f 3207//3257 3206//3256 3142//3185 3208//3258
f 3207//3257 3208//3258 3209//3259 3040//3078
f 3209//3259 3045//3083 3041//3079 3040//3078
f 3209//3259 3208//3258 3210//3260 3211//3261
f 3209//3259 3211//3261 3212//3262 3045//3083
f 3212//3262 3050//3088 3046//3084 3045//3083
f 3212//3262 3211//3261 3213//3263 3214//3264
f 3212//3262 3214//3264 3215//3265 3050//3088
f 3215//3265 3055//3093 3051//3089 3050//3088
f 3215//3265 3214//3264 3216//3266 3217//3267
f 3215//3265 3217//3267 3218//3268 3055//3093
f 3218//3268 3060//3098 3056//3094 3055//3093
f 3218//3268 3217//3267 3219//3269 3220//3270
f 3218//3268 3220//3270 3221//3271 3060//3098
f 3221//3271 3065//3103 3061//3099 3060//3098
f 3221//3271 3220//3270 3222//3272 3223//3273
f 3221//3271 3223//3273 3224//3274 3065//3103
f 3224//3274 3070//3108 3066//3104 3065//3103
f 3224//3274 3223//3273 3225//3275 3226//3276
f 3224//3274 3226//3276 3227//3277 3070//3108
f 3227//3277 3075//3113 3071//3109 3070//3108
f 3227//3277 3226//3276 3228//3278 3229//3279
f 3227//3277 3229//3279 3230//3280 3075//3113
f 3230//3280 3080//3118 3076//3114 3075//3113
f 3230//3280 3229//3279 3231//3281 3232//3282
f 3230//3280 3232//3282 3233//3283 3080//3118
f 3233//3283 3083//3121 3081//3119 3080//3118
f 3233//3283 3232//3282 3234//3284 3235//3285
f 3233//3283 3235//3285 3085//3123 3083//3121
f 3235//3285 3234//3284 3236//3286 3237//3287
f 3235//3285 3237//3287 3238//3288 3085//3123
f 3238//3288 3088//3126 3086//3124 3085//3123
f 3238//3288 3237//3287 3239//3289 3240//3290
f 3238//3288 3240//3290 3241//3291 3088//3126
f 3241//3291 3091//3129 3089//3127 3088//3126
f 3241//3291 3240//3290 3242//3292 3243//3293
f 3241//3291 3243//3293 3095//3133 3091//3129
f 3243//3293 3242//3292 3105//3148 3099//3138
f 3243//3293 3099//3138 3096//3134 3095//3133
f 3242//3292 3240//3290 3239//3289 3108//3151
f 3242//3292 3108//3151 3106//3149 3105//3148
f 3239//3289 3237//3287 3236//3286 3111//3154
f 3239//3289 3111//3154 3109//3152 3108//3151
f 3236//3286 3234//3284 3244//3294 3114//3157
f 3236//3286 3114//3157 3112//3155 3111//3154
f 3244//3294 3234//3284 3232//3282 3231//3281
f 3244//3294 3231//3281 3245//3295 3117//3160
f 3244//3294 3117//3160 3115//3158 3114//3157
f 3245//3295 3231//3281 3229//3279 3228//3278
f 3245//3295 3228//3278 3246//3296 3120//3163
f 3245//3295 3120//3163 3118//3161 3117//3160
f 3246//3296 3228//3278 3226//3276 3225//3275
f 3246//3296 3225//3275 3247//3297 3123//3166
f 3246//3296 3123//3166 3121//3164 3120//3163
f 3247//3297 3225//3275 3223//3273 3222//3272
f 3247//3297 3222//3272 3248//3298 3126//3169
f 3247//3297 3126//3169 3124//3167 3123//3166
f 3248//3298 3222//3272 3220//3270 3219//3269
f 3248//3298 3219//3269 3249//3299 3129//3172
f 3248//3298 3129//3172 3127//3170 3126//3169
f 3249//3299 3219//3269 3217//3267 3216//3266
f 3249//3299 3216//3266 3250//3300 3132//3175
f 3249//3299 3132//3175 3130//3173 3129//3172
f 3250//3300 3216//3266 3214//3264 3213//3263
f 3250//3300 3213//3263 3251//3301 3135//3178
f 3250//3300 3135//3178 3133//3176 3132//3175
f 3251//3301 3213//3263 3211//3261 3210//3260
f 3251//3301 3210//3260 3140//3183 3138//3181
f 3251//3301 3138//3181 3136//3179 3135//3178
f 3210//3260 3208//3258 3142//3185 3140//3183
f 3206//3256 3145//3188 3143//3186 3142//3185
f 3204//3254 3148//3191 3146//3189 3145//3188
f 3202//3252 3151//3194 3149//3192 3148//3191
f 3197//3302 3015//3050 3011//3046 3010//3045
f 3197//3302 3010//3045 3192//3238 3191//3237
f 3194//3242 3193//3241 3158//3201 3157//3200
f 3193//3241 3189//3240 3188//3303 3252//3304
f 3193//3241 3252//3304 3160//3203 3158//3201
f 3252//3304 3188//3303 3253//3305 3254//3306
f 3252//3304 3254//3306 3162//3206 3160//3203
f 3254//3306 3253//3305 3255//3307 3256//3308
f 3254//3306 3256//3308 3257//3309 3162//3206
f 3257//3309 3256//3308 3258//3310 3259//3311
f 3257//3309 3259//3311 3260//3312 3165//3209
f 3257//3309 3165//3209 3163//3207 3162//3206
f 3260//3312 3259//3311 3261//3313 3262//3314
f 3260//3312 3262//3314 3263//3315 3169//3316
f 3260//3312 3169//3316 3166//3210 3165//3209
f 3263//3315 3262//3314 3264//3317 3265//3318
f 3263//3319 3265//3320 3266//3321 3267//3322
f 3263//3319 3267//3322 3170//3216 3169//3215
f 3267//3322 3266//3321 3268//3323 3269//3324
f 3267//3322 3269//3324 3171//3217 3170//3216
f 3269//3324 3268//3323 3270//3325 3271//3326
f 3269//3324 3271//3326 3174//3220 3171//3217
f 3271//3326 3270//3325 3272//3327 3273//3328
f 3271//3326 3273//3328 3274//3329 3174//3220
f 3274//3329 3178//3224 3175//3221 3174//3220
f 3274//3329 3273//3328 3275//3330 3276//3331
f 3274//3329 3276//3331 3277//3332 3178//3224
f 3277//3332 3183//3229 3179//3225 3178//3224
f 3277//3332 3276//3331 3278//3333 3255//3334
f 3277//3332 3255//3334 3253//3335 3183//3229
f 3278//3333 3276//3331 3275//3330 3279//3336
f 3278//3337 3279//3338 3280//3339 3258//3310
f 3278//3337 3258//3310 3256//3308 3255//3307
f 3280//3339 3279//3338 415//413 414//412
f 3280//3339 414//412 413//411 3261//3313
f 3280//3339 3261//3313 3259//3311 3258//3310
f 3279//3336 3275//3330 3281//3340 415//3341
f 3281//3340 3275//3330 3273//3328 3272//3327
f 3281//3340 3272//3327 3282//3342 419//3343
f 3281//3340 419//3343 416//414 415//3341
f 3282//3342 3272//3327 3270//3325 3283//3344
f 3282//3342 3283//3344 422//420 418//416
f 3282//3342 418//416 417//415 419//3343
f 3283//3344 3270//3325 3268//3323 3284//3345
f 3283//3344 3284//3345 402//392 422//420
f 3284//3345 3268//3323 3266//3321 3285//3346
f 3284//3345 3285//3346 398//388 402//392
f 3285//3346 3266//3321 3265//3320 3286//3347
f 3285//3346 3286//3347 399//389 398//388
f 3286//3348 3265//3318 3264//3317 3287//3349
f 3286//3348 3287//3349 403//395 399//400
f 3287//3349 3264//3317 413//411 412//410
f 3287//3349 412//410 404//396 403//395
f 3264//3317 3262//3314 3261//3313 413//411
f 3253//3335 3188//3234 3184//3230 3183//3229
f 3192//3238 3010//3045 3006//3041 3005//3040
f 3192//3238 3005//3040 3187//3233 3186//3232
f 3187//3233 3005//3040 3001//3036 3000//3035
f 3187//3233 3000//3035 3182//3228 3181//3227
f 3182//3228 3000//3035 2991//3026 2989//3024
f 3182//3228 2989//3024 2988//3023 3177//3223
f 3105//3148 3102//3142 3100//3139 3099//3138
f 3079//3117 2898//2930 2896//2928 3288//3350
f 3079//3117 3288//3350 3074//3112 3073//3111
f 3079//3117 3078//3116 2900//2932 2898//2930
f 3288//3350 2896//2928 2892//2924 2891//2923
f 3288//3350 2891//2923 3289//3351 3074//3112
f 3289//3351 2891//2923 2887//2919 2886//2918
f 3289//3351 2886//2918 3290//3352 3069//3107
f 3289//3351 3069//3107 3068//3106 3074//3112
f 3290//3352 2886//2918 2882//2914 2881//2913
f 3290//3352 2881//2913 3291//3353 3064//3102
f 3290//3352 3064//3102 3063//3101 3069//3107
f 3291//3353 2881//2913 2877//2909 2876//2908
f 3291//3353 2876//2908 3292//3354 3059//3097
f 3291//3353 3059//3097 3058//3096 3064//3102
f 3292//3354 2876//2908 2872//2904 2871//2903
f 3292//3354 2871//2903 3293//3355 3054//3092
f 3292//3354 3054//3092 3053//3091 3059//3097
f 3293//3355 2871//2903 2867//2899 2866//2898
f 3293//3355 2866//2898 3294//3356 3049//3087
f 3293//3355 3049//3087 3048//3086 3054//3092
f 3294//3356 2866//2898 2862//2894 2861//2893
f 3294//3356 2861//2893 3295//3357 3044//3082
f 3294//3356 3044//3082 3043//3081 3049//3087
f 3295//3357 2861//2893 2857//2888 2856//2887
f 3295//3357 2856//2887 3296//3358 3039//3077
f 3295//3357 3039//3077 3038//3076 3044//3082
f 3296//3358 2856//2887 2852//2883 2851//2882
f 3296//3358 2851//2882 3297//3359 3034//3072
f 3296//3358 3034//3072 3033//3071 3039//3077
f 3297//3359 2851//2882 2847//2878 2846//2877
f 3297//3359 2846//2877 3298//3360 3029//3067
f 3297//3359 3029//3067 3028//3066 3034//3072
f 3298//3360 2846//2877 2842//2873 2841//2872
f 3298//3360 2841//2872 3299//3361 3024//3362
f 3298//3360 3024//3062 3023//3061 3029//3067
f 3299//3361 2841//2872 2837//2868 2836//2867
f 3299//3361 2836//2867 3300//3363 3019//3054
f 3299//3361 3019//3054 3018//3053 3024//3362
f 3300//3363 2836//2867 2832//2863 2831//2862
f 3300//3363 2831//2862 3301//3364 3014//3049
f 3300//3363 3014//3049 3013//3048 3019//3054
f 3301//3364 2831//2862 2827//2858 2826//2857
f 3301//3364 2826//2857 3302//3365 3009//3044
f 3301//3364 3009//3044 3008//3043 3014//3049
f 3302//3365 2826//2857 2822//2853 2821//2852
f 3302//3365 2821//2852 3303//3366 3004//3039
f 3302//3365 3004//3039 3003//3038 3009//3044
f 3303//3366 2821//2852 2817//2848 2816//2847
f 3303//3366 2816//2847 3304//3367 2999//3034
f 3303//3366 2999//3034 2998//3033 3004//3039
f 3304//3367 2816//2847 2812//2843 2811//2842
f 3304//3367 2811//2842 395//386 2994//3029
f 3304//3367 2994//3029 2993//3028 2999//3034
f 2996//3031 2995//3030 394//385 3305//3368
f 3305//3368 394//385 393//384 3306//3369
f 2995//3030 2994//3029 395//386 394//385
f 2928//2960 2926//2958 297//268 296//267
f 2924//2956 2923//2955 298//269 297//268
f 2923//2955 281//248 269//234 298//269
f 2923//2955 2920//2952 282//249 281//248
f 2918//2950 2917//2949 276//243 275//242
f 2916//2948 2890//2922 2889//2921 2895//2927
f 2912//2944 2894//2926 322//297 318//292
f 2912//2944 318//292 317//291 2907//2939
f 2912//2944 2911//2943 2895//2927 2894//2926
f 2811//2842 2807//2838 396//2837 395//386
f 2802//2831 2801//2830 3307//3370 3308//3371
f 2802//2831 3308//3371 73//373 391//382
f 3308//3371 3307//3370 3309//3372 3310//3373
f 3308//3371 3310//3373 386//377 73//373
f 3310//3373 3309//3372 3311//3374 3312//3375
f 3310//3373 3312//3375 3313//3376 386//377
f 3313//3376 3312//3375 3314//3377 3315//3378
f 3313//3376 3315//3378 3316//3379 3317//3380
f 3313//3376 3317//3380 387//378 386//377
f 3316//3379 3315//3378 3318//3381 3319//3382
f 3319//3382 3318//3381 3320//3383 2007//2035
f 3320//3383 3321//3384 3322//3385 3323//3386
f 3320//3383 3323//3386 2008//2036 2007//2035
f 3320//3383 3318//3381 3324//3387 3321//3384
f 3324//3387 3325//3388 3326//3389 3321//3384
f 3324//3387 3318//3381 3315//3378 3314//3377
f 3324//3387 3314//3377 3327//3390 3325//3388
f 3327//3390 3328//3391 3329//3392 3325//3388
f 3327//3390 3314//3377 3312//3375 3311//3374
f 3327//3390 3311//3374 3330//3393 3328//3391
f 3330//3393 3331//3394 3332//3395 3328//3391
f 3330//3393 3311//3374 3309//3372 3333//3396
f 3330//3393 3333//3396 3334//3397 3331//3394
f 3334//3397 3335//3398 3336//3399 3331//3394
f 3334//3397 3333//3396 3337//3400 3338//3401
f 3334//3397 3338//3401 3339//3402 3335//3398
f 3339//3402 3340//3403 3341//3404 3335//3398
f 3339//3402 3338//3401 3342//3405 3343//3406
f 3339//3402 3343//3406 3344//3407 3340//3403
f 3344//3407 3345//3408 3346//3409 3340//3403
f 3344//3407 3343//3406 2793//2822 2792//2821
f 3344//3407 2792//2821 2791//2820 3345//3408
f 3346//3409 3347//3410 3348//3411 3349//3412
f 3346//3409 3349//3412 3341//3404 3340//3403
f 3346//3409 3345//3408 3350//3413 3347//3410
f 3350//3413 3351//3414 3352//3415 3347//3410
f 3350//3413 3345//3408 2791//2820 3353//3416
f 3350//3413 3353//3416 3354//3417 3351//3414
f 3354//3417 3355//3418 3356//3419 3351//3414
f 3354//3417 3353//3416 2788//2817 3357//3420
f 3354//3417 3357//3420 3358//3421 3355//3418
f 3358//3421 3359//3422 3360//3423 3355//3418
f 3358//3421 3357//3420 2783//2812 2782//2811
f 3358//3421 2782//2811 2781//2810 3359//3422
f 3360//3423 3361//3424 3362//3425 3363//3426
f 3360//3423 3363//3426 3356//3419 3355//3418
f 3360//3423 3359//3422 3364//3427 3361//3424
f 3364//3427 3365//3428 3366//3429 3361//3424
f 3364//3427 3359//3422 2781//2810 3367//3430
f 3364//3427 3367//3430 3368//3431 3365//3428
f 3368//3431 3369//3432 3370//3433 3365//3428
f 3368//3431 3367//3430 2778//2807 3371//3434
f 3368//3431 3371//3434 3372//3435 3369//3432
f 3372//3435 3373//3436 3374//3437 3369//3432
f 3372//3435 3371//3434 2775//2804 3375//3438
f 3372//3435 3375//3438 3376//3439 3373//3436
f 3376//3439 3377//3440 3378//3441 3373//3436
f 3376//3439 3375//3438 2772//2801 3379//3442
f 3376//3439 3379//3442 3380//3443 3377//3440
f 3380//3443 3381//3444 3382//3445 3377//3440
f 3380//3443 3379//3442 2769//2798 3383//3446
f 3380//3443 3383//3446 3384//3447 3381//3444
f 3384//3447 3385//3448 3386//3449 3381//3444
f 3384//3447 3383//3446 2766//2795 3387//3450
f 3384//3447 3387//3450 3388//3451 3385//3448
f 3388//3451 3389//3452 3390//3453 3385//3448
f 3388//3451 3387//3450 2763//2792 3391//3454
f 3388//3451 3391//3454 3392//3455 3389//3452
f 3392//3455 3393//3456 3394//3457 3389//3452
f 3392//3455 3391//3454 2758//2787 2757//2786
f 3392//3455 2757//2786 2756//2785 3393//3456
f 3394//3457 3395//3458 3396//3459 3397//3460
f 3394//3457 3397//3460 3390//3453 3389//3452
f 3394//3457 3393//3456 3398//3461 3395//3458
f 3398//3461 3399//3462 3400//3463 3395//3458
f 3398//3461 3393//3456 2756//2785 3401//3464
f 3398//3461 3401//3464 3402//3465 3399//3462
f 3402//3465 3403//3466 3404//3467 3399//3462
f 3402//3465 3401//3464 2753//2782 3405//3468
f 3402//3465 3405//3468 3406//3469 3403//3466
f 3406//3469 3407//3470 3408//3471 3403//3466
f 3406//3469 3405//3468 2748//2777 2747//2776
f 3406//3469 2747//2776 2746//2775 3407//3470
f 3408//3471 3409//3472 3410//3473 3411//3474
f 3408//3471 3411//3474 3404//3467 3403//3466
f 3408//3471 3407//3470 3412//3475 3409//3472
f 3412//3475 3413//3476 3414//3477 3409//3472
f 3412//3475 3407//3470 2746//2775 3415//3478
f 3412//3475 3415//3478 3416//3479 3413//3476
f 3416//3479 3417//3480 3418//3481 3413//3476
f 3416//3479 3415//3478 2743//2772 3419//3482
f 3416//3479 3419//3482 3420//3483 3417//3480
f 3420//3483 3421//3484 3422//3485 3417//3480
f 3420//3483 3419//3482 2740//2769 3423//3486
f 3420//3483 3423//3486 3424//3487 3421//3484
f 3424//3487 3425//3488 3426//3489 3421//3484
f 3424//3487 3423//3486 2737//2766 3427//3490
f 3424//3487 3427//3490 3428//3491 3425//3488
f 3428//3491 3429//3492 3430//3493 3425//3488
f 3428//3491 3427//3490 2734//2763 3431//3494
f 3428//3491 3431//3494 3432//3495 3429//3492
f 3432//3495 3433//3496 3434//3497 3429//3492
f 3432//3495 3431//3494 2731//2760 3435//3498
f 3432//3495 3435//3498 3436//3499 3433//3496
f 3436//3499 3437//3500 3438//3501 3433//3496
f 3436//3499 3435//3498 2727//2756 2726//2755
f 3436//3499 2726//2755 3439//3502 3437//3500
f 3439//3502 3440//3503 3441//3504 3437//3500
f 3439//3502 2726//2755 2724//2753 2723//2752
f 3439//3502 2723//2752 3442//3505 3440//3503
f 3442//3505 3443//3506 3444//3507 3440//3503
f 3442//3505 2723//2752 2720//2749 2718//2747
f 3442//3505 2718//2747 2717//2746 3443//3506
f 3444//3507 2704//2733 2703//2732 3445//3508
f 3444//3507 3445//3508 3441//3504 3440//3503
f 3444//3507 3443//3506 2706//2735 2704//2733
f 3445//3508 2703//2732 2702//2731 3446//3509
f 3445//3508 3446//3509 3447//3510 3441//3504
f 3447//3510 3446//3509 3448//3511 3449//3512
f 3447//3510 3449//3512 3450//3513 3438//3501
f 3447//3510 3438//3501 3437//3500 3441//3504
f 3450//3513 3449//3512 3451//3514 3452//3515
f 3450//3513 3452//3515 3453//3516 3434//3497
f 3450//3513 3434//3497 3433//3496 3438//3501
f 3453//3516 3452//3515 3454//3517 3455//3518
f 3453//3516 3455//3518 3456//3519 3430//3493
f 3453//3516 3430//3493 3429//3492 3434//3497
f 3456//3519 3455//3518 3457//3520 3458//3521
f 3456//3519 3458//3521 3459//3522 3426//3489
f 3456//3519 3426//3489 3425//3488 3430//3493
f 3459//3522 3458//3521 3460//3523 3461//3524
f 3459//3522 3461//3524 3462//3525 3422//3485
f 3459//3522 3422//3485 3421//3484 3426//3489
f 3462//3525 3461//3524 3463//3526 3464//3527
f 3462//3525 3464//3527 3465//3528 3418//3481
f 3462//3525 3418//3481 3417//3480 3422//3485
f 3465//3528 3464//3527 3466//3529 3467//3530
f 3465//3528 3467//3530 3468//3531 3414//3477
f 3465//3528 3414//3477 3413//3476 3418//3481
f 3468//3531 3467//3530 3469//3532 3470//3533
f 3468//3531 3470//3533 3471//3534 3410//3473
f 3468//3531 3410//3473 3409//3472 3414//3477
f 3471//3534 3470//3533 3472//3535 3473//3536
f 3471//3534 3473//3536 3474//3537 3475//3538
f 3471//3534 3475//3538 3411//3474 3410//3473
f 3475//3538 3474//3537 3476//3539 3477//3540
f 3475//3538 3477//3540 3404//3467 3411//3474
f 3477//3540 3476//3539 3478//3541 3400//3463
f 3477//3540 3400//3463 3399//3462 3404//3467
f 3478//3541 3476//3539 3479//3542 3480//3543
f 3478//3541 3480//3543 3481//3544 3396//3459
f 3478//3541 3396//3459 3395//3458 3400//3463
f 3481//3544 3480//3543 3482//3545 3483//3546
f 3481//3544 3483//3546 3484//3547 3485//3548
f 3481//3544 3485//3548 3397//3460 3396//3459
f 3485//3548 3484//3547 3486//3549 3487//3550
f 3485//3548 3487//3550 3390//3453 3397//3460
f 3487//3550 3486//3549 3488//3551 3386//3449
f 3487//3550 3386//3449 3385//3448 3390//3453
f 3488//3551 3486//3549 3489//3552 3490//3553
f 3488//3551 3490//3553 3491//3554 3382//3445
f 3488//3551 3382//3445 3381//3444 3386//3449
f 3491//3554 3490//3553 312//285 3492//3555
f 3491//3554 3492//3555 3493//3556 3378//3441
f 3491//3554 3378//3441 3377//3440 3382//3445
f 3493//3556 3492//3555 3494//3557 3495//3558
f 3493//3556 3495//3558 3496//3559 3374//3437
f 3493//3556 3374//3437 3373//3436 3378//3441
f 3496//3559 3495//3558 3497//3560 3498//3561
f 3496//3559 3498//3561 3499//3562 3370//3433
f 3496//3559 3370//3433 3369//3432 3374//3437
f 3499//3562 3498//3561 3500//3563 3501//3564
f 3499//3562 3501//3564 3502//3565 3366//3429
f 3499//3562 3366//3429 3365//3428 3370//3433
f 3502//3565 3501//3564 3503//3566 3504//3567
f 3502//3565 3504//3567 3505//3568 3362//3425
f 3502//3565 3362//3425 3361//3424 3366//3429
f 3505//3568 3504//3567 3506//3569 3507//3570
f 3505//3568 3507//3570 3508//3571 3509//3572
f 3505//3568 3509//3572 3363//3426 3362//3425
f 3509//3572 3508//3571 3510//3573 3511//3574
f 3509//3572 3511//3574 3356//3419 3363//3426
f 3511//3574 3510//3573 3512//3575 3352//3415
f 3511//3574 3352//3415 3351//3414 3356//3419
f 3512//3575 3510//3573 3513//3576 3514//3577
f 3512//3575 3514//3577 3515//3578 3348//3411
f 3512//3575 3348//3411 3347//3410 3352//3415
f 3515//3578 3514//3577 3516//3579 3517//3580
f 3515//3578 3517//3580 3518//3581 3519//3582
f 3515//3578 3519//3582 3349//3412 3348//3411
f 3519//3582 3518//3581 3520//3583 3521//3584
f 3519//3582 3521//3584 3341//3404 3349//3412
f 3521//3584 3520//3583 3522//3585 3336//3399
f 3521//3584 3336//3399 3335//3398 3341//3404
f 3522//3585 3520//3583 3523//3586 3524//3587
f 3522//3585 3524//3587 3525//3588 3332//3395
f 3522//3585 3332//3395 3331//3394 3336//3399
f 3525//3588 3524//3587 3526//3589 3527//3590
f 3525//3588 3527//3590 3528//3591 3329//3392
f 3525//3588 3329//3392 3328//3391 3332//3395
f 3528//3591 3527//3590 3529//3592 3530//3593
f 3528//3591 3530//3593 3531//3594 3326//3389
f 3528//3591 3326//3389 3325//3388 3329//3392
f 3531//3594 3530//3593 3532//3595 3533//3596
f 3531//3594 3533//3596 3534//3597 3322//3385
f 3531//3594 3322//3385 3321//3384 3326//3389
f 3534//3597 3533//3596 3535//3598 3536//3599
f 3534//3597 3536//3599 3537//3600 3538//3601
f 3534//3597 3538//3601 3323//3386 3322//3385
f 3538//3601 3537//3600 3539//3602 2010//2038
f 3538//3601 2010//2038 2008//2036 3323//3386
f 3539//3602 3537//3600 3540//3603 3541//3604
f 3539//3602 3541//3604 3542//3605 2013//2041
f 3539//3602 2013//2041 2011//2039 2010//2038
f 3542//3605 3541//3604 3543//3606 3544//3607
f 3542//3605 3544//3607 3545//3608 2016//2044
f 3542//3605 2016//2044 2014//2042 2013//2041
f 3545//3608 3544//3607 3546//3609 3547//3610
f 3545//3608 3547//3610 3548//3611 2019//2047
f 3545//3608 2019//2047 2017//2045 2016//2044
f 3548//3611 3547//3610 3549//3612 3550//3613
f 3548//3611 3550//3613 3551//3614 2022//2050
f 3548//3611 2022//2050 2020//2048 2019//2047
f 3551//3614 2025//1061 2023//2051 2022//2050
f 3553//3615 3552//3616 3554//3617 3555//3618
f 3553//3615 3555//3618 2030//2057 2028//2056
f 3555//3618 3554//3617 2153//2180 3556//3619
f 3555//3618 3556//3619 2032//2059 2030//2057
f 3556//3619 2153//2180 2149//2176 2148//2175
f 3556//3619 2148//2175 2034//2061 2032//2059
f 3554//3617 2158//2185 2154//2181 2153//2180
f 3554//3617 3552//3616 3557//3620 2158//2185
f 3557//3620 2163//2190 2159//2186 2158//2185
f 3559//3621 3558//3622 3560//3623 3561//3624
f 3559//3621 3561//3624 2170//2196 2169//2195
f 3561//3624 3560//3623 2527//2555 3562//3625
f 3561//3624 3562//3625 2172//2198 2170//2196
f 3562//3625 2527//2555 2525//2553 2524//2552
f 3562//3625 2524//2552 3563//3626 2172//2198
f 3563//3626 2524//2552 2522//2550 3564//3627
f 3563//3626 3564//3627 3565//3628 2175//2201
f 3563//3626 2175//2201 2173//2199 2172//2198
f 3565//3628 3564//3627 3566//3629 3567//3630
f 3565//3628 3567//3630 3568//3631 2178//2204
f 3565//3628 2178//2204 2176//2202 2175//2201
f 3568//3631 3567//3630 3569//3632 3570//3633
f 3568//3631 3570//3633 3571//3634 2181//2207
f 3568//3631 2181//2207 2179//2205 2178//2204
f 3571//3634 3570//3633 3572//3635 3573//3636
f 3571//3634 3573//3636 3574//3637 2184//2210
f 3571//3634 2184//2210 2182//2208 2181//2207
f 3574//3637 3573//3636 3575//3638 3576//3639
f 3574//3637 3576//3639 3577//3640 2187//2213
f 3574//3637 2187//2213 2185//2211 2184//2210
f 3577//3640 3576//3639 3578//3641 3579//3642
f 3577//3640 3579//3642 3580//3643 2190//2216
f 3577//3640 2190//2216 2188//2214 2187//2213
f 3580//3643 3579//3642 3581//3644 3582//3645
f 3580//3643 3582//3645 3583//3646 2193//2219
f 3580//3643 2193//2219 2191//2217 2190//2216
f 3583//3646 3582//3645 3584//3647 3585//3648
f 3583//3646 3585//3648 3586//3649 2196//2222
f 3583//3646 2196//2222 2194//2220 2193//2219
f 3586//3649 3585//3648 3587//3650 3588//3651
f 3586//3649 3588//3651 3589//3652 2199//2225
f 3586//3649 2199//2225 2197//2223 2196//2222
f 3589//3652 3588//3651 3590//3653 3591//3654
f 3589//3652 3591//3654 3592//3655 2202//2228
f 3589//3652 2202//2228 2200//2226 2199//2225
f 3592//3655 3591//3654 3593//3656 3594//3657
f 3592//3655 3594//3657 3595//3658 2205//2231
f 3592//3655 2205//2231 2203//2229 2202//2228
f 3595//3658 3594//3657 3596//3659 3597//3660
f 3595//3658 3597//3660 3598//3661 2208//2234
f 3595//3658 2208//2234 2206//2232 2205//2231
f 3598//3661 3597//3660 3599//3662 3600//3663
f 3598//3661 3600//3663 3601//3664 3602//3665
f 3598//3661 3602//3665 2209//2235 2208//2234
f 3602//3665 3601//3664 3603//3666 3604//3667
f 3602//3665 3604//3667 2210//2236 2209//2235
f 3604//3667 3603//3666 3605//3668 2215//2241
f 3604//3667 2215//2241 2212//2238 2210//2236
f 3605//3668 3603//3666 351//336 350//335
f 3605//3668 350//335 354//339 2218//2244
f 3605//3668 2218//2244 2216//2242 2215//2241
f 3603//3666 3601//3664 3606//3669 351//336
f 3606//3669 3607//3670 3608//3671 3609//3672
f 3606//3669 3609//3672 352//337 351//336
f 3606//3669 3601//3664 3600//3663 3607//3670
f 3609//3672 3608//3671 3610//3673 3611//3674
f 3609//3672 3611//3674 348//331 352//337
f 3611//3674 3610//3673 3612//3675 3613//3676
f 3611//3674 3613//3676 345//328 348//331
f 3613//3676 3612//3675 341//323 340//322
f 3613//3676 340//322 344//326 345//328
f 3612//3675 3614//3677 3615//3678 341//323
f 3612//3675 3610//3673 3616//3679 3614//3677
f 3616//3679 3617//3680 3618//3681 3614//3677
f 3616//3679 3610//3673 3608//3671 3619//3682
f 3616//3679 3619//3682 3620//3683 3617//3680
f 3620//3683 3621//3684 3622//3685 3617//3680
f 3620//3683 3619//3682 3623//3686 3624//3687
f 3620//3683 3624//3687 3625//3688 3621//3684
f 3625//3688 3626//3689 3627//3690 3621//3684
f 3625//3688 3624//3687 3628//3691 3629//3692
f 3625//3688 3629//3692 3630//3693 3626//3689
f 3630//3693 3631//3694 3632//3695 3626//3689
f 3630//3693 3629//3692 3633//3696 3634//3697
f 3630//3693 3634//3697 3635//3698 3631//3694
f 3635//3698 3636//3699 3637//3700 3631//3694
f 3635//3698 3634//3697 3638//3701 3639//3702
f 3635//3698 3639//3702 3640//3703 3636//3699
f 3640//3703 3641//3704 3642//3705 3636//3699
f 3640//3703 3639//3702 3643//3706 3644//3707
f 3640//3703 3644//3707 3645//3708 3641//3704
f 3645//3708 3646//3709 3647//3710 3641//3704
f 3645//3708 3644//3707 3648//3711 3649//3712
f 3645//3708 3649//3712 3650//3713 3646//3709
f 3650//3713 3651//3714 3652//3715 3646//3709
f 3650//3713 3649//3712 3653//3716 3654//3717
f 3650//3713 3654//3717 3655//3718 3651//3714
f 3655//3718 3656//3719 3657//3720 3651//3714
f 3655//3718 3654//3717 3658//3721 3659//3722
f 3655//3718 3659//3722 3660//3723 3656//3719
f 3660//3723 3661//3724 3662//3725 3656//3719
f 3660//3723 3659//3722 3663//3726 3664//3727
f 3660//3723 3664//3727 3665//3728 3661//3724
f 3665//3728 3666//3729 3667//3730 3661//3724
f 3665//3728 3664//3727 3668//3731 3669//3732
f 3665//3728 3669//3732 3670//3733 3666//3729
f 3670//3733 2516//2544 2510//2538 3666//3729
f 3670//3733 3669//3732 3671//3734 3672//3735
f 3670//3733 3672//3735 2517//2545 2516//2544
f 3672//3735 3671//3734 3569//3632 3673//3736
f 3672//3735 3673//3736 2518//2546 2517//2545
f 3673//3736 3569//3632 3567//3630 3566//3629
f 3673//3736 3566//3629 2520//2548 2518//2546
f 3671//3734 3669//3732 3668//3731 3572//3635
f 3671//3734 3572//3635 3570//3633 3569//3632
f 3668//3731 3664//3727 3663//3726 3575//3638
f 3668//3731 3575//3638 3573//3636 3572//3635
f 3667//3730 2508//2536 2506//2534 3674//3737
f 3667//3730 3674//3737 3662//3725 3661//3724
f 3667//3730 3666//3729 2510//2538 2508//2536
f 3674//3737 2506//2534 2502//2530 2501//2529
f 3674//3737 2501//2529 3675//3738 3662//3725
f 3675//3738 2501//2529 2497//2525 2496//2524
f 3675//3738 2496//2524 3676//3739 3657//3720
f 3675//3738 3657//3720 3656//3719 3662//3725
f 3676//3739 2496//2524 2492//2520 2491//2519
f 3676//3739 2491//2519 3677//3740 3652//3715
f 3676//3739 3652//3715 3651//3714 3657//3720
f 3677//3740 2491//2519 2487//2515 2486//2514
f 3677//3740 2486//2514 3678//3741 3647//3710
f 3677//3740 3647//3710 3646//3709 3652//3715
f 3678//3741 2486//2514 2482//2510 2481//2509
f 3678//3741 2481//2509 3679//3742 3642//3705
f 3678//3741 3642//3705 3641//3704 3647//3710
f 3679//3742 2481//2509 2477//2505 2476//2504
f 3679//3742 2476//2504 3680//3743 3637//3700
f 3679//3742 3637//3700 3636//3699 3642//3705
f 3680//3743 2476//2504 2472//2500 2471//2499
f 3680//3743 2471//2499 3681//3744 3632//3695
f 3680//3743 3632//3695 3631//3694 3637//3700
f 3681//3744 2471//2499 2467//2495 2466//2494
f 3681//3744 2466//2494 3682//3745 3627//3690
f 3681//3744 3627//3690 3626//3689 3632//3695
f 3682//3745 2466//2494 2462//2490 2461//2489
f 3682//3745 2461//2489 3683//3746 3622//3685
f 3682//3745 3622//3685 3621//3684 3627//3690
f 3683//3746 2461//2489 2457//2485 2456//2484
f 3683//3746 2456//2484 3684//3747 3618//3681
f 3683//3746 3618//3681 3617//3680 3622//3685
f 3684//3747 2456//2484 2452//2480 2451//2479
f 3684//3747 2451//2479 3685//3748 3615//3678
f 3684//3747 3615//3678 3614//3677 3618//3681
f 3685//3748 2451//2479 2448//2476 2447//2475
f 3685//3748 2447//2475 63//317 61//316
f 3685//3748 61//316 341//323 3615//3678
f 3663//3726 3659//3722 3658//3721 3578//3641
f 3663//3726 3578//3641 3576//3639 3575//3638
f 3658//3721 3654//3717 3653//3716 3581//3644
f 3658//3721 3581//3644 3579//3642 3578//3641
f 3653//3716 3649//3712 3648//3711 3584//3647
f 3653//3716 3584//3647 3582//3645 3581//3644
f 3648//3711 3644//3707 3643//3706 3587//3650
f 3648//3711 3587//3650 3585//3648 3584//3647
f 3643//3706 3639//3702 3638//3701 3590//3653
f 3643//3706 3590//3653 3588//3651 3587//3650
f 3638//3701 3634//3697 3633//3696 3593//3656
f 3638//3701 3593//3656 3591//3654 3590//3653
f 3633//3696 3629//3692 3628//3691 3596//3659
f 3633//3696 3596//3659 3594//3657 3593//3656
f 3628//3691 3624//3687 3623//3686 3599//3662
f 3628//3691 3599//3662 3597//3660 3596//3659
f 3623//3686 3619//3682 3608//3671 3607//3670
f 3623//3686 3607//3670 3600//3663 3599//3662
f 3566//3629 3564//3627 2522//2550 2520//2548
f 3560//3623 2531//2559 2528//2556 2527//2555
f 3560//3623 3558//3622 3686//3749 2531//2559
f 3686//3749 2536//2564 2532//2560 2531//2559
f 3688//3750 3687//3751 3689//3752 3690//3753
f 3688//3750 3690//3753 2543//2571 2542//2570
f 3690//3753 3689//3752 3691//3754 3692//3755
f 3690//3753 3692//3755 2545//2573 2543//2571
f 3692//3755 3691//3754 3693//3756 3694//3757
f 3692//3755 3694//3757 3695//3758 2545//2573
f 3695//3758 3694//3757 3696//3759 3697//3760
f 3695//3758 3697//3760 2552//2580 2548//2576
f 3695//3758 2548//2576 2546//2574 2545//2573
f 3697//3760 3696//3759 3698//3761 3699//3762
f 3697//3760 3699//3762 2553//2581 2552//2580
f 3699//3762 3698//3761 3700//3763 3701//3764
f 3699//3762 3701//3764 2555//2583 2553//2581
f 3701//3764 3700//3763 3702//3765 3703//3766
f 3701//3764 3703//3766 3704//3767 2555//2583
f 3704//3767 3703//3766 3705//3768 3706//3769
f 3704//3767 3706//3769 3707//3770 2558//2586
f 3704//3767 2558//2586 2556//2584 2555//2583
f 3707//3770 3706//3769 3708//3771 3709//3772
f 3707//3770 3709//3772 3710//3773 3711//3774
f 3707//3770 3711//3774 2559//2587 2558//2586
f 3711//3774 3710//3773 3712//3775 3713//3776
f 3711//3774 3713//3776 2560//2588 2559//2587
f 3713//3776 3712//3775 3714//3777 3715//3778
f 3713//3776 3715//3778 2562//2590 2560//2588
f 3715//3778 3714//3777 3716//3779 3717//3780
f 3715//3778 3717//3780 2564//2592 2562//2590
f 3717//3780 3716//3779 3718//3781 3719//3782
f 3717//3780 3719//3782 3720//3783 2564//2592
f 3720//3783 3719//3782 3721//3784 3722//3785
f 3720//3783 3722//3785 3723//3786 2567//2595
f 3720//3783 2567//2595 2565//2593 2564//2592
f 3723//3786 3722//3785 3724//3787 3725//3788
f 3723//3786 3725//3788 3726//3789 2570//2598
f 3723//3786 2570//2598 2568//2596 2567//2595
f 3726//3789 3725//3788 3727//3790 3728//3791
f 3726//3789 3728//3791 3729//3792 3730//3793
f 3726//3789 3730//3793 2571//2599 2570//2598
f 3730//3793 3729//3792 3731//3794 3732//3795
f 3730//3793 3732//3795 2572//2600 2571//2599
f 3732//3795 3731//3794 3733//3796 3734//3797
f 3732//3795 3734//3797 2574//2602 2572//2600
f 3734//3797 3733//3796 3735//3798 3736//3799
f 3734//3797 3736//3799 2576//2604 2574//2602
f 3736//3799 3735//3798 3737//3800 3738//3801
f 3736//3799 3738//3801 3739//3802 2576//2604
f 3739//3802 2580//2608 2577//2605 2576//2604
f 3739//3802 3738//3801 3740//3803 3741//3804
f 3739//3802 3741//3804 3742//3805 2580//2608
f 3742//3805 2583//2611 2581//2609 2580//2608
f 3742//3805 3741//3804 3743//3806 3744//3807
f 3742//3805 3744//3807 3745//3808 2583//2611
f 3745//3808 2587//2615 2584//2612 2583//2611
f 3745//3808 3744//3807 3746//3809 3747//3810
f 3745//3808 3747//3810 3748//3811 2587//2615
f 3748//3811 2592//2620 2588//2616 2587//2615
f 3748//3811 3747//3810 3749//3812 3750//3813
f 3748//3811 3750//3813 3751//3814 2592//2620
f 3751//3814 2596//2624 2593//2621 2592//2620
f 3751//3814 3750//3813 3752//3815 3753//3816
f 3751//3814 3753//3816 3754//3817 2596//2624
f 3754//3817 2601//2629 2597//2625 2596//2624
f 3754//3817 3753//3816 3755//3818 3756//3819
f 3754//3817 3756//3819 2682//2711 2601//2629
f 3756//3819 3755//3818 3757//3820 2685//2714
f 3756//3819 2685//2714 2683//2712 2682//2711
f 3757//3820 3755//3818 3758//3821 3759//3822
f 3757//3820 3759//3822 3760//3823 2688//2717
f 3757//3820 2688//2717 2686//2715 2685//2714
f 3760//3823 3759//3822 3761//3824 3762//3825
f 3760//3823 3762//3825 3763//3826 3764//3827
f 3760//3823 3764//3827 2689//2718 2688//2717
f 3764//3827 3763//3826 3765//3828 3766//3829
f 3764//3827 3766//3829 2690//2719 2689//2718
f 3766//3829 3765//3828 3767//3830 2695//2724
f 3766//3829 2695//2724 2692//2721 2690//2719
f 3767//3830 3765//3828 3768//3831 3769//3832
f 3767//3830 3769//3832 3770//3833 2699//2728
f 3767//3830 2699//2728 2696//2725 2695//2724
f 3770//3833 3769//3832 3771//3834 3448//3511
f 3770//3833 3448//3511 3446//3509 2702//2731
f 3770//3833 2702//2731 2700//2729 2699//2728
f 3771//3834 3769//3832 3768//3831 3772//3835
f 3771//3834 3772//3835 3773//3836 3451//3514
f 3771//3834 3451//3514 3449//3512 3448//3511
f 3773//3836 3772//3835 3774//3837 3775//3838
f 3773//3836 3775//3838 3776//3839 3454//3517
f 3773//3836 3454//3517 3452//3515 3451//3514
f 3776//3839 3775//3838 3777//3840 3778//3841
f 3776//3839 3778//3841 3779//3842 3457//3520
f 3776//3839 3457//3520 3455//3518 3454//3517
f 3779//3842 3778//3841 3780//3843 3781//3844
f 3779//3842 3781//3844 3782//3845 3460//3523
f 3779//3842 3460//3523 3458//3521 3457//3520
f 3782//3845 3781//3844 3783//3846 3784//3847
f 3782//3845 3784//3847 3785//3848 3463//3526
f 3782//3845 3463//3526 3461//3524 3460//3523
f 3785//3848 3784//3847 3786//3849 3787//3850
f 3785//3848 3787//3850 3788//3851 3466//3529
f 3785//3848 3466//3529 3464//3527 3463//3526
f 3788//3851 3787//3850 3789//3852 3790//3853
f 3788//3851 3790//3853 3791//3854 3469//3532
f 3788//3851 3469//3532 3467//3530 3466//3529
f 3791//3854 3790//3853 3792//3855 3793//3856
f 3791//3854 3793//3856 3794//3857 3472//3535
f 3791//3854 3472//3535 3470//3533 3469//3532
f 3794//3857 3793//3856 3795//3858 3796//3859
f 3794//3857 3796//3859 3797//3860 3798//3861
f 3794//3857 3798//3861 3473//3536 3472//3535
f 3798//3861 3797//3860 3799//3862 3800//3863
f 3798//3861 3800//3863 3474//3537 3473//3536
f 3800//3863 3799//3862 3801//3864 3479//3542
f 3800//3863 3479//3542 3476//3539 3474//3537
f 3801//3864 3799//3862 3802//3865 3803//3866
f 3801//3864 3803//3866 3804//3867 3482//3545
f 3801//3864 3482//3545 3480//3543 3479//3542
f 3804//3867 3803//3866 3805//3868 3806//3869
f 3804//3867 3806//3869 3807//3870 3808//3871
f 3804//3867 3808//3871 3483//3546 3482//3545
f 3808//3871 3807//3870 3809//3872 3810//3873
f 3808//3871 3810//3873 3484//3547 3483//3546
f 3810//3873 3809//3872 313//286 3489//3552
f 3810//3873 3489//3552 3486//3549 3484//3547
f 3809//3872 3807//3870 3811//3874 3812//3875
f 3809//3872 3812//3875 304//276 313//286
f 3812//3875 3811//3874 3813//3876 3814//3877
f 3812//3875 3814//3877 299//271 304//276
f 3814//3877 3813//3876 3815//3878 3816//3879
f 3814//3877 3816//3879 300//272 299//271
f 3816//3879 3815//3878 3817//3880 3818//3881
f 3816//3879 3818//3881 3819//3882 300//272
f 3819//3882 3818//3881 3820//3883 3821//3884
f 3819//3882 3821//3884 274//241 3822//3885
f 3819//3882 3822//3885 301//273 300//272
f 3822//3885 274//241 272//239 3823//3886
f 3822//3885 3823//3886 302//274 301//273
f 3823//3886 272//239 271//238 3824//3887
f 3823//3886 3824//3887 3825//3888 302//274
f 3825//3888 3824//3887 3826//3889 3827//3890
f 3825//3888 3827//3890 311//284 310//283
f 3825//3888 310//283 303//275 302//274
f 3827//3890 3826//3889 3828//3891 3829//3892
f 3827//3890 3829//3892 3494//3557 311//284
f 3829//3892 3828//3891 3830//3893 3497//3560
f 3829//3892 3497//3560 3495//3558 3494//3557
f 3830//3893 3828//3891 3831//3894 3832//3895
f 3830//3893 3832//3895 3833//3896 3500//3563
f 3830//3893 3500//3563 3498//3561 3497//3560
f 3833//3896 3832//3895 3834//3897 3835//3898
f 3833//3896 3835//3898 3836//3899 3503//3566
f 3833//3896 3503//3566 3501//3564 3500//3563
f 3836//3899 3835//3898 3837//3900 3838//3901
f 3836//3899 3838//3901 3839//3902 3506//3569
f 3836//3899 3506//3569 3504//3567 3503//3566
f 3839//3902 3838//3901 3840//3903 3841//3904
f 3839//3902 3841//3904 3842//3905 3843//3906
f 3839//3902 3843//3906 3507//3570 3506//3569
f 3843//3906 3842//3905 3844//3907 3845//3908
f 3843//3906 3845//3908 3508//3571 3507//3570
f 3845//3908 3844//3907 3846//3909 3513//3576
f 3845//3908 3513//3576 3510//3573 3508//3571
f 3846//3909 3844//3907 3847//3910 3848//3911
f 3846//3909 3848//3911 3849//3912 3516//3579
f 3846//3909 3516//3579 3514//3577 3513//3576
f 3849//3912 3848//3911 3850//3913 3851//3914
f 3849//3912 3851//3914 3852//3915 3853//3916
f 3849//3912 3853//3916 3517//3580 3516//3579
f 3853//3916 3852//3915 3854//3917 3855//3918
f 3853//3916 3855//3918 3518//3581 3517//3580
f 3855//3918 3854//3917 3856//3919 3523//3586
f 3855//3918 3523//3586 3520//3583 3518//3581
f 3856//3919 3854//3917 3857//3920 3858//3921
f 3856//3919 3858//3921 3859//3922 3526//3589
f 3856//3919 3526//3589 3524//3587 3523//3586
f 3859//3922 3858//3921 3860//3923 3861//3924
f 3859//3922 3861//3924 3862//3925 3529//3592
f 3859//3922 3529//3592 3527//3590 3526//3589
f 3862//3925 3861//3924 3863//3926 3864//3927
f 3862//3925 3864//3927 3865//3928 3532//3595
f 3862//3925 3532//3595 3530//3593 3529//3592
f 3865//3928 3864//3927 3866//3929 3867//3930
f 3865//3928 3867//3930 3868//3931 3535//3598
f 3865//3928 3535//3598 3533//3596 3532//3595
f 3868//3931 3867//3930 3869//3932 3870//3933
f 3868//3931 3870//3933 3871//3934 3872//3935
f 3868//3931 3872//3935 3536//3599 3535//3598
f 3872//3935 3871//3934 3873//3936 3540//3603
f 3872//3935 3540//3603 3537//3600 3536//3599
f 3873//3936 3871//3934 3874//3937 3875//3938
f 3873//3936 3875//3938 3876//3939 3543//3606
f 3873//3936 3543//3606 3541//3604 3540//3603
f 3876//3939 3875//3938 3877//3940 3878//3941
f 3876//3939 3878//3941 3879//3942 3546//3609
f 3876//3939 3546//3609 3544//3607 3543//3606
f 3879//3942 3549//3612 3547//3610 3546//3609
f 3881//3943 3880//3944 3882//3945 3883//3946
f 3881//3943 3883//3946 3689//3752 3687//3751
f 3883//3946 3882//3945 3884//3947 3885//3948
f 3883//3946 3885//3948 3691//3754 3689//3752
f 3885//3948 3884//3947 3886//3949 3887//3950
f 3885//3948 3887//3950 3693//3756 3691//3754
f 3887//3950 3886//3949 3888//3951 3889//3952
f 3887//3950 3889//3952 3890//3953 3693//3756
f 3890//3953 3889//3952 3891//3954 3892//3955
f 3890//3953 3892//3955 3698//3761 3696//3759
f 3890//3953 3696//3759 3694//3757 3693//3756
f 3892//3955 3891//3954 3893//3956 3894//3957
f 3892//3955 3894//3957 3700//3763 3698//3761
f 3894//3957 3893//3956 3895//3958 3896//3959
f 3894//3957 3896//3959 3702//3765 3700//3763
f 3896//3959 3895//3958 3897//3960 3898//3961
f 3896//3959 3898//3961 3899//3962 3702//3765
f 3899//3962 3898//3961 3900//3963 150//86
f 3899//3962 150//86 149//85 3705//3768
f 3899//3962 3705//3768 3703//3766 3702//3765
f 3900//3963 3901//3964 3902//3965 3903//3966
f 3900//3963 3903//3966 15//79 150//86
f 3900//3963 3898//3961 3897//3960 3901//3964
f 3903//3966 3902//3965 3904//3967 3905//3968
f 3903//3966 3905//3968 145//83 15//79
f 3907//3969 3906//3970 3908//3971 3909//3972
f 3907//3969 3909//3972 146//80 144//84
f 3909//3972 3908//3971 3910//3973 3911//3974
f 3909//3972 3911//3974 147//81 146//80
f 3911//3974 3910//3973 3912//3975 3913//3976
f 3911//3974 3913//3976 3914//3977 147//81
f 3914//3977 3913//3976 3915//3978 3916//3979
f 3914//3977 3916//3979 3917//3980 3918//3981
f 3914//3977 3918//3981 148//82 147//81
f 3918//3981 3917//3980 3709//3772 3708//3771
f 3918//3981 3708//3771 149//85 148//82
f 3917//3980 3916//3979 3919//3982 3920//3983
f 3917//3980 3920//3983 3710//3773 3709//3772
f 3920//3983 3919//3982 3921//3984 3922//3985
f 3920//3983 3922//3985 3712//3775 3710//3773
f 3922//3985 3921//3984 3923//3986 3924//3987
f 3922//3985 3924//3987 3714//3777 3712//3775
f 3924//3987 3923//3986 3925//3988 3926//3989
f 3924//3987 3926//3989 3716//3779 3714//3777
f 3926//3989 3925//3988 3927//3990 3928//3991
f 3926//3989 3928//3991 3718//3781 3716//3779
f 3928//3991 3927//3990 3929//3992 3930//3993
f 3928//3991 3930//3993 3931//3994 3718//3781
f 3931//3994 3930//3993 3932//3995 3933//3996
f 3931//3994 3933//3996 3934//3997 3721//3784
f 3931//3994 3721//3784 3719//3782 3718//3781
f 3934//3997 3933//3996 3935//3998 3936//3999
f 3934//3997 3936//3999 3937//4000 3724//3787
f 3934//3997 3724//3787 3722//3785 3721//3784
f 3937//4000 3936//3999 3938//4001 3939//4002
f 3937//4000 3939//4002 3940//4003 3727//3790
f 3937//4000 3727//3790 3725//3788 3724//3787
f 3940//4003 3939//4002 3941//4004 3942//4005
f 3940//4003 3942//4005 3943//4006 3944//4007
f 3940//4003 3944//4007 3728//3791 3727//3790
f 3944//4007 3943//4006 3945//4008 3946//4009
f 3944//4007 3946//4009 3729//3792 3728//3791
f 3946//4009 3945//4008 3947//4010 3948//4011
f 3946//4009 3948//4011 3731//3794 3729//3792
f 3948//4011 3947//4010 3949//4012 3950//4013
f 3948//4011 3950//4013 3733//3796 3731//3794
f 3950//4013 3949//4012 3951//4014 3952//4015
f 3950//4013 3952//4015 3735//3798 3733//3796
f 3952//4015 3951//4014 3953//4016 3954//4017
f 3952//4015 3954//4017 3737//3800 3735//3798
f 3954//4017 3953//4016 3955//4018 3956//4019
f 3954//4017 3956//4019 3957//4020 3737//3800
f 3957//4020 3740//3803 3738//3801 3737//3800
f 3957//4020 3956//4019 3958//4021 3959//4022
f 3957//4020 3959//4022 3960//4023 3740//3803
f 3960//4023 3743//3806 3741//3804 3740//3803
f 3960//4023 3959//4022 3961//4024 3962//4025
f 3960//4023 3962//4025 3963//4026 3743//3806
f 3963//4026 3746//3809 3744//3807 3743//3806
f 3963//4026 3962//4025 3964//4027 3965//4028
f 3963//4026 3965//4028 3966//4029 3746//3809
f 3966//4029 3749//3812 3747//3810 3746//3809
f 3966//4029 3965//4028 3967//4030 3968//4031
f 3966//4029 3968//4031 3969//4032 3749//3812
f 3969//4032 3752//3815 3750//3813 3749//3812
f 3969//4032 3968//4031 3970//4033 3971//4034
f 3969//4032 3971//4034 3758//3821 3752//3815
f 3971//4034 3970//4033 3972//4035 3761//3824
f 3971//4034 3761//3824 3759//3822 3758//3821
f 3972//4035 3970//4033 3973//4036 3974//4037
f 3972//4035 3974//4037 3975//4038 3976//4039
f 3972//4035 3976//4039 3762//3825 3761//3824
f 3976//4039 3975//4038 3774//3837 3977//4040
f 3976//4039 3977//4040 3763//3826 3762//3825
f 3977//4040 3774//3837 3772//3835 3768//3831
f 3977//4040 3768//3831 3765//3828 3763//3826
f 3975//4038 3974//4037 3978//4041 3777//3840
f 3975//4038 3777//3840 3775//3838 3774//3837
f 3978//4041 3974//4037 3973//4036 3979//4042
f 3978//4041 3979//4042 3980//4043 3780//3843
f 3978//4041 3780//3843 3778//3841 3777//3840
f 3980//4043 3979//4042 3981//4044 3982//4045
f 3980//4043 3982//4045 3983//4046 3783//3846
f 3980//4043 3783//3846 3781//3844 3780//3843
f 3983//4046 3982//4045 3984//4047 3985//4048
f 3983//4046 3985//4048 3986//4049 3786//3849
f 3983//4046 3786//3849 3784//3847 3783//3846
f 3986//4049 3985//4048 3987//4050 3988//4051
f 3986//4049 3988//4051 3989//4052 3789//3852
f 3986//4049 3789//3852 3787//3850 3786//3849
f 3989//4052 3988//4051 3990//4053 3991//4054
f 3989//4052 3991//4054 3992//4055 3792//3855
f 3989//4052 3792//3855 3790//3853 3789//3852
f 3992//4055 3991//4054 3993//4056 3994//4057
f 3992//4055 3994//4057 3995//4058 3795//3858
f 3992//4055 3795//3858 3793//3856 3792//3855
f 3995//4058 3994//4057 3996//4059 3997//4060
f 3995//4058 3997//4060 3998//4061 3999//4062
f 3995//4058 3999//4062 3796//3859 3795//3858
f 3999//4062 3998//4061 4000//4063 4001//4064
f 3999//4062 4001//4064 3797//3860 3796//3859
f 4001//4064 4000//4063 4002//4065 3802//3865
f 4001//4064 3802//3865 3799//3862 3797//3860
f 4002//4065 4000//4063 4003//4066 4004//4067
f 4002//4065 4004//4067 4005//4068 3805//3868
f 4002//4065 3805//3868 3803//3866 3802//3865
f 4005//4068 4004//4067 4006//4069 4007//4070
f 4005//4068 4007//4070 4008//4071 4009//4072
f 4005//4068 4009//4072 3806//3869 3805//3868
f 4009//4072 4008//4071 3813//3876 3811//3874
f 4009//4072 3811//3874 3807//3870 3806//3869
f 4008//4071 4007//4070 4010//4073 4011//4074
f 4008//4071 4011//4074 3815//3878 3813//3876
f 4011//4074 4010//4073 4012//4075 4013//4076
f 4011//4074 4013//4076 3817//3880 3815//3878
f 4013//4076 4012//4075 4014//4077 4015//4078
f 4013//4076 4015//4078 4016//4079 3817//3880
f 4016//4079 4015//4078 4017//4080 4018//4081
f 4016//4079 4018//4081 4019//4082 3820//3883
f 4016//4079 3820//3883 3818//3881 3817//3880
f 4019//4082 4018//4081 4020//4083 4021//4084
f 4019//4082 4021//4084 4022//4085 4023//4086
f 4019//4082 4023//4086 3821//3884 3820//3883
f 4023//4086 4022//4085 267//232 273//240
f 4023//4086 273//240 274//241 3821//3884
f 4022//4085 4021//4084 4024//4087 4025//4088
f 4022//4085 4025//4088 261//226 267//232
f 4025//4088 4024//4087 4026//4089 4027//4090
f 4025//4088 4027//4090 262//227 261//226
f 4027//4090 4026//4089 4028//4091 4029//4092
f 4027//4090 4029//4092 4030//4093 262//227
f 4030//4093 4029//4092 4031//4094 4032//4095
f 4030//4093 4032//4095 4033//4096 4034//4097
f 4030//4093 4034//4097 263//228 262//227
f 4034//4097 4033//4096 4035//4098 4036//4099
f 4034//4097 4036//4099 264//229 263//228
f 4036//4099 4035//4098 4037//4100 4038//4101
f 4036//4099 4038//4101 4039//4102 264//229
f 4039//4102 4038//4101 4040//4103 4041//4104
f 4039//4102 4041//4104 3834//3897 4042//4105
f 4039//4102 4042//4105 265//230 264//229
f 4042//4105 3834//3897 3832//3895 3831//3894
f 4042//4105 3831//3894 270//237 265//230
f 4041//4104 4040//4103 4043//4106 3837//3900
f 4041//4104 3837//3900 3835//3898 3834//3897
f 4043//4106 4040//4103 4044//4107 4045//4108
f 4043//4106 4045//4108 4046//4109 3840//3903
f 4043//4106 3840//3903 3838//3901 3837//3900
f 4046//4109 4045//4108 4047//4110 4048//4111
f 4046//4109 4048//4111 4049//4112 4050//4113
f 4046//4109 4050//4113 3841//3904 3840//3903
f 4050//4113 4049//4112 4051//4114 4052//4115
f 4050//4113 4052//4115 3842//3905 3841//3904
f 4052//4115 4051//4114 4053//4116 3847//3910
f 4052//4115 3847//3910 3844//3907 3842//3905
f 4053//4116 4051//4114 4054//4117 4055//4118
f 4053//4116 4055//4118 4056//4119 3850//3913
f 4053//4116 3850//3913 3848//3911 3847//3910
f 4056//4119 4055//4118 4057//4120 4058//4121
f 4056//4119 4058//4121 4059//4122 4060//4123
f 4056//4119 4060//4123 3851//3914 3850//3913
f 4060//4123 4059//4122 4061//4124 4062//4125
f 4060//4123 4062//4125 3852//3915 3851//3914
f 4062//4125 4061//4124 4063//4126 3857//3920
f 4062//4125 3857//3920 3854//3917 3852//3915
f 4063//4126 4061//4124 4064//4127 4065//4128
f 4063//4126 4065//4128 4066//4129 3860//3923
f 4063//4126 3860//3923 3858//3921 3857//3920
f 4066//4129 4065//4128 4067//4130 4068//4131
f 4066//4129 4068//4131 4069//4132 3863//3926
f 4066//4129 3863//3926 3861//3924 3860//3923
f 4069//4132 4068//4131 4070//4133 4071//4134
f 4069//4132 4071//4134 4072//4135 3866//3929
f 4069//4132 3866//3929 3864//3927 3863//3926
f 4072//4135 4071//4134 134//69 133//68
f 4072//4135 133//68 136//72 3869//3932
f 4072//4135 3869//3932 3867//3930 3866//3929
f 4071//4134 4070//4133 4073//4136 134//69
f 4073//4136 4074//4137 4744//1063 4745//4138
f 4073//4136 4745//4138 4741//70 134//69
f 4073//4136 4070//4133 4075//4139 4074//4137
f 4075//4139 4076//4140 4077//4141 4074//4137
f 4075//4139 4070//4133 4068//4131 4067//4130
f 4075//4139 4067//4130 4078//4142 4076//4140
f 4078//4142 4079//4143 4080//4144 4076//4140
f 4078//4142 4067//4130 4065//4128 4064//4127
f 4078//4142 4064//4127 4081//4145 4079//4143
f 4081//4145 4082//4146 4083//4147 4079//4143
f 4081//4145 4064//4127 4061//4124 4059//4122
f 4081//4145 4059//4122 4058//4121 4082//4146
f 4083//4147 4084//4148 4085//4149 4086//4150
f 4083//4147 4086//4150 4080//4144 4079//4143
f 4083//4147 4082//4146 4087//4151 4084//4148
f 4087//4151 4088//4152 4089//4153 4084//4148
f 4087//4151 4082//4146 4058//4121 4057//4120
f 4087//4151 4057//4120 4090//4154 4088//4152
f 4090//4154 4091//4155 4092//4156 4088//4152
f 4090//4154 4057//4120 4055//4118 4054//4117
f 4090//4154 4054//4117 4093//4157 4091//4155
f 4093//4157 4094//4158 4095//4159 4091//4155
f 4093//4157 4054//4117 4051//4114 4049//4112
f 4093//4157 4049//4112 4048//4111 4094//4158
f 4095//4159 4096//4160 4097//4161 4098//4162
f 4095//4159 4098//4162 4092//4156 4091//4155
f 4095//4159 4094//4158 4099//4163 4096//4160
f 4099//4163 4100//4164 4101//4165 4096//4160
f 4099//4163 4094//4158 4048//4111 4047//4110
f 4099//4163 4047//4110 4102//4166 4100//4164
f 4102//4166 4103//4167 4104//4168 4100//4164
f 4102//4166 4047//4110 4045//4108 4044//4107
f 4102//4166 4044//4107 4037//4100 4103//4167
f 4104//4168 4105//4169 4106//4170 4107//4171
f 4104//4168 4107//4171 4101//4165 4100//4164
f 4104//4168 4103//4167 4108//4172 4105//4169
f 4108//4172 4109//4173 4110//4174 4105//4169
f 4108//4172 4103//4167 4037//4100 4035//4098
f 4108//4172 4035//4098 4033//4096 4109//4173
f 4110//4174 4111//4175 4112//4176 4113//4177
f 4110//4174 4113//4177 4106//4170 4105//4169
f 4110//4174 4109//4173 4114//4178 4111//4175
f 4114//4178 4115//4179 4116//4180 4111//4175
f 4114//4178 4109//4173 4033//4096 4032//4095
f 4114//4178 4032//4095 4031//4094 4115//4179
f 4116//4180 4117//4181 4118//4182 4119//4183
f 4116//4180 4119//4183 4112//4176 4111//4175
f 4116//4180 4115//4179 4120//4184 4117//4181
f 4120//4184 4121//4185 4122//4186 4117//4181
f 4120//4184 4115//4179 4031//4094 4123//4187
f 4120//4184 4123//4187 4124//4188 4121//4185
f 4124//4188 4125//4189 4126//4190 4121//4185
f 4124//4188 4123//4187 4028//4091 4127//4191
f 4124//4188 4127//4191 4128//4192 4125//4189
f 4128//4192 4129//4193 4130//4194 4125//4189
f 4128//4192 4127//4191 4131//4195 4132//4196
f 4128//4192 4132//4196 4133//4197 4129//4193
f 4133//4197 4134//4198 4135//4199 4129//4193
f 4133//4197 4132//4196 4136//4200 4137//4201
f 4133//4197 4137//4201 4138//4202 4134//4198
f 4138//4202 4139//4203 4140//4204 4134//4198
f 4138//4202 4137//4201 4141//4205 4142//4206
f 4138//4202 4142//4206 4143//4207 4139//4203
f 4143//4207 4144//4208 4145//4209 4139//4203
f 4143//4207 4142//4206 4146//4210 4147//4211
f 4143//4207 4147//4211 4148//4212 4144//4208
f 4148//4212 4149//4213 4150//4214 4144//4208
f 4148//4212 4147//4211 4151//4215 4152//4216
f 4148//4212 4152//4216 4153//4217 4149//4213
f 4153//4217 4154//4218 4155//4219 4149//4213
f 4153//4217 4152//4216 4156//4220 4157//4221
f 4153//4217 4157//4221 4158//4222 4154//4218
f 4158//4222 4159//4223 4160//4224 4154//4218
f 4158//4222 4157//4221 4161//4225 4162//4226
f 4158//4222 4162//4226 4163//4227 4159//4223
f 4163//4227 3947//4010 3945//4008 4159//4223
f 4163//4227 4162//4226 4164//4228 4165//4229
f 4163//4227 4165//4229 3949//4012 3947//4010
f 4165//4229 4164//4228 4166//4230 4167//4231
f 4165//4229 4167//4231 3951//4014 3949//4012
f 4167//4231 4166//4230 3996//4059 4168//4232
f 4167//4231 4168//4232 3953//4016 3951//4014
f 4168//4232 3996//4059 3994//4057 3993//4056
f 4168//4232 3993//4056 3955//4018 3953//4016
f 4166//4230 4164//4228 4169//4233 4170//4234
f 4166//4230 4170//4234 3997//4060 3996//4059
f 4170//4234 4169//4233 4171//4235 4172//4236
f 4170//4234 4172//4236 3998//4061 3997//4060
f 4172//4236 4171//4235 4173//4237 4003//4066
f 4172//4236 4003//4066 4000//4063 3998//4061
f 4173//4237 4171//4235 4174//4238 4175//4239
f 4173//4237 4175//4239 4176//4240 4006//4069
f 4173//4237 4006//4069 4004//4067 4003//4066
f 4176//4240 4175//4239 4177//4241 4178//4242
f 4176//4240 4178//4242 4012//4075 4010//4073
f 4176//4240 4010//4073 4007//4070 4006//4069
f 4178//4242 4177//4241 4151//4215 4179//4243
f 4178//4242 4179//4243 4014//4077 4012//4075
f 4179//4243 4151//4215 4147//4211 4146//4210
f 4179//4243 4146//4210 4180//4244 4014//4077
f 4180//4244 4146//4210 4142//4206 4141//4205
f 4180//4244 4141//4205 4181//4245 4017//4080
f 4180//4244 4017//4080 4015//4078 4014//4077
f 4181//4245 4141//4205 4137//4201 4136//4200
f 4181//4245 4136//4200 4182//4246 4020//4083
f 4181//4245 4020//4083 4018//4081 4017//4080
f 4182//4246 4136//4200 4132//4196 4131//4195
f 4182//4246 4131//4195 4026//4089 4024//4087
f 4182//4246 4024//4087 4021//4084 4020//4083
f 4177//4241 4156//4220 4152//4216 4151//4215
f 4177//4241 4175//4239 4174//4238 4156//4220
f 4174//4238 4161//4225 4157//4221 4156//4220
f 4174//4238 4171//4235 4169//4233 4161//4225
f 4169//4233 4164//4228 4162//4226 4161//4225
f 4160//4224 3943//4006 3942//4005 4183//4247
f 4160//4224 4183//4247 4155//4219 4154//4218
f 4160//4224 4159//4223 3945//4008 3943//4006
f 4183//4247 3942//4005 3941//4004 4184//4248
f 4183//4247 4184//4248 4185//4249 4155//4219
f 4185//4249 4184//4248 4186//4250 4187//4251
f 4185//4249 4187//4251 4188//4252 4150//4214
f 4185//4249 4150//4214 4149//4213 4155//4219
f 4188//4252 4187//4251 4189//4253 4190//4254
f 4188//4252 4190//4254 4191//4255 4145//4209
f 4188//4252 4145//4209 4144//4208 4150//4214
f 4191//4255 4190//4254 4192//4256 4193//4257
f 4191//4255 4193//4257 4194//4258 4140//4204
f 4191//4255 4140//4204 4139//4203 4145//4209
f 4194//4258 4193//4257 4195//4259 4196//4260
f 4194//4258 4196//4260 4197//4261 4135//4199
f 4194//4258 4135//4199 4134//4198 4140//4204
f 4197//4261 4196//4260 4198//4262 4199//4263
f 4197//4261 4199//4263 4200//4264 4130//4194
f 4197//4261 4130//4194 4129//4193 4135//4199
f 4200//4264 4199//4263 4201//4265 4202//4266
f 4200//4264 4202//4266 4203//4267 4126//4190
f 4200//4264 4126//4190 4125//4189 4130//4194
f 4203//4267 4202//4266 4204//4268 4205//4269
f 4203//4267 4205//4269 4206//4270 4122//4186
f 4203//4267 4122//4186 4121//4185 4126//4190
f 4206//4270 4205//4269 4207//4271 4208//4272
f 4206//4270 4208//4272 4209//4273 4118//4182
f 4206//4270 4118//4182 4117//4181 4122//4186
f 4209//4273 4208//4272 4210//4274 4211//4275
f 4209//4273 4211//4275 4212//4276 4213//4277
f 4209//4273 4213//4277 4119//4183 4118//4182
f 4213//4277 4212//4276 4214//4278 4215//4279
f 4213//4277 4215//4279 4112//4176 4119//4183
f 4215//4279 4214//4278 4216//4280 4217//4281
f 4215//4279 4217//4281 4113//4177 4112//4176
f 4217//4281 4216//4280 4218//4282 4219//4283
f 4217//4281 4219//4283 4106//4170 4113//4177
f 4219//4283 4218//4282 4220//4284 4221//4285
f 4219//4283 4221//4285 4107//4171 4106//4170
f 4221//4285 4220//4284 4222//4286 4223//4287
f 4221//4285 4223//4287 4101//4165 4107//4171
f 4223//4287 4222//4286 4224//4288 4097//4161
f 4223//4287 4097//4161 4096//4160 4101//4165
f 4224//4288 4222//4286 4225//4289 4226//4290
f 4224//4288 4226//4290 4227//4291 4228//4292
f 4224//4288 4228//4292 4098//4162 4097//4161
f 4228//4292 4227//4291 4229//4293 4230//4294
f 4228//4292 4230//4294 4092//4156 4098//4162
f 4230//4294 4229//4293 4231//4295 4089//4153
f 4230//4294 4089//4153 4088//4152 4092//4156
f 4231//4295 4229//4293 4232//4296 4233//4297
f 4231//4295 4233//4297 4234//4298 4085//4149
f 4231//4295 4085//4149 4084//4148 4089//4153
f 4234//4298 4233//4297 4235//4299 4236//4300
f 4234//4298 4236//4300 4237//4301 4238//4302
f 4234//4298 4238//4302 4086//4150 4085//4149
f 4238//4302 4237//4301 4239//4303 4240//4304
f 4238//4302 4240//4304 4080//4144 4086//4150
f 4240//4304 4239//4303 4746//4305 4077//4141
f 4240//4304 4077//4141 4076//4140 4080//4144
f 4746//4305 4744//1063 4074//4137 4077//4141
f 4242//4306 4241//4307 4243//4308 4244//4309
f 4242//4306 4244//4309 3908//3971 3906//3970
f 4244//4309 4243//4308 4245//4310 4246//4311
f 4244//4309 4246//4311 3910//3973 3908//3971
f 4246//4311 4245//4310 4247//4312 4248//4313
f 4246//4311 4248//4313 3912//3975 3910//3973
f 4248//4313 4247//4312 4249//4314 4250//4315
f 4248//4313 4250//4315 4251//4316 3912//3975
f 4251//4316 4250//4315 4252//4317 4253//4318
f 4251//4316 4253//4318 4254//4319 3915//3978
f 4251//4316 3915//3978 3913//3976 3912//3975
f 4254//4319 4253//4318 4255//4320 4256//4321
f 4254//4319 4256//4321 3921//3984 3919//3982
f 4254//4319 3919//3982 3916//3979 3915//3978
f 4256//4321 4255//4320 4257//4322 4258//4323
f 4256//4321 4258//4323 3923//3986 3921//3984
f 4258//4323 4257//4322 4259//4324 4260//4325
f 4258//4323 4260//4325 3925//3988 3923//3986
f 4260//4325 4259//4324 4261//4326 4262//4327
f 4260//4325 4262//4327 3927//3990 3925//3988
f 4262//4327 4261//4326 4263//4328 4264//4329
f 4262//4327 4264//4329 3929//3992 3927//3990
f 4264//4329 4263//4328 4265//4330 4266//4331
f 4264//4329 4266//4331 4267//4332 3929//3992
f 4267//4332 4266//4331 4268//4333 4269//4334
f 4267//4332 4269//4334 4270//4335 3932//3995
f 4267//4332 3932//3995 3930//3993 3929//3992
f 4270//4335 4269//4334 4271//4336 4272//4337
f 4270//4335 4272//4337 4273//4338 3935//3998
f 4270//4335 3935//3998 3933//3996 3932//3995
f 4273//4338 4272//4337 4274//4339 4275//4340
f 4273//4338 4275//4340 4276//4341 3938//4001
f 4273//4338 3938//4001 3936//3999 3935//3998
f 4276//4341 4275//4340 4277//4342 4186//4250
f 4276//4341 4186//4250 4184//4248 3941//4004
f 4276//4341 3941//4004 3939//4002 3938//4001
f 4277//4342 4275//4340 4274//4339 4278//4343
f 4277//4342 4278//4343 4279//4344 4189//4253
f 4277//4342 4189//4253 4187//4251 4186//4250
f 4279//4344 4278//4343 4280//4345 4281//4346
f 4279//4344 4281//4346 4282//4347 4192//4256
f 4279//4344 4192//4256 4190//4254 4189//4253
f 4282//4347 4281//4346 4283//4348 4284//4349
f 4282//4347 4284//4349 4285//4350 4195//4259
f 4282//4347 4195//4259 4193//4257 4192//4256
f 4285//4350 4284//4349 4286//4351 4287//4352
f 4285//4350 4287//4352 4288//4353 4198//4262
f 4285//4350 4198//4262 4196//4260 4195//4259
f 4288//4353 4287//4352 4289//4354 4290//4355
f 4288//4353 4290//4355 4291//4356 4201//4265
f 4288//4353 4201//4265 4199//4263 4198//4262
f 4291//4356 4290//4355 4292//4357 4293//4358
f 4291//4356 4293//4358 4294//4359 4204//4268
f 4291//4356 4204//4268 4202//4266 4201//4265
f 4294//4359 4293//4358 4295//4360 4296//4361
f 4294//4359 4296//4361 4297//4362 4207//4271
f 4294//4359 4207//4271 4205//4269 4204//4268
f 4297//4362 4296//4361 4298//4363 4299//4364
f 4297//4362 4299//4364 4300//4365 4210//4274
f 4297//4362 4210//4274 4208//4272 4207//4271
f 4300//4365 4299//4364 116//40 118//44
f 4300//4365 118//44 127//56 4301//4366
f 4300//4365 4301//4366 4211//4275 4210//4274
f 4301//4366 127//56 126//55 4302//4367
f 4301//4366 4302//4367 4212//4276 4211//4275
f 4302//4367 126//55 4303//4368 4304//4369
f 4302//4367 4304//4369 4214//4278 4212//4276
f 4304//4369 4303//4368 4305//4370 4306//4371
f 4304//4369 4306//4371 4216//4280 4214//4278
f 4306//4371 4305//4370 4307//4372 4308//4373
f 4306//4371 4308//4373 4218//4282 4216//4280
f 4308//4373 4307//4372 4309//4374 4310//4375
f 4308//4373 4310//4375 4220//4284 4218//4282
f 4310//4375 4309//4374 4311//4376 4225//4289
f 4310//4375 4225//4289 4222//4286 4220//4284
f 4311//4376 4309//4374 4312//4377 4313//4378
f 4311//4376 4313//4378 4314//4379 4315//4380
f 4311//4376 4315//4380 4226//4290 4225//4289
f 4315//4380 4314//4379 4316//4381 4317//4382
f 4315//4380 4317//4382 4227//4291 4226//4290
f 4317//4382 4316//4381 4318//4383 4232//4296
f 4317//4382 4232//4296 4229//4293 4227//4291
f 4318//4383 4235//4299 4233//4297 4232//4296
f 4320//4384 4319//4385 4321//4386 4322//4387
f 4320//4384 4322//4387 4243//4308 4241//4307
f 4322//4387 4321//4386 4323//4388 4324//4389
f 4322//4387 4324//4389 4245//4310 4243//4308
f 4324//4389 4323//4388 4325//4390 4326//4391
f 4324//4389 4326//4391 4247//4312 4245//4310
f 4326//4391 4325//4390 4327//4392 4328//4393
f 4326//4391 4328//4393 4249//4314 4247//4312
f 4328//4393 4327//4392 4329//4394 4330//4395
f 4328//4393 4330//4395 4331//4396 4249//4314
f 4331//4396 4330//4395 4332//4397 4333//4398
f 4331//4396 4333//4398 4334//4399 4252//4317
f 4331//4396 4252//4317 4250//4315 4249//4314
f 4334//4399 4333//4398 4335//4400 4336//4401
f 4334//4399 4336//4401 4257//4322 4255//4320
f 4334//4399 4255//4320 4253//4318 4252//4317
f 4336//4401 4335//4400 4337//4402 4338//4403
f 4336//4401 4338//4403 4259//4324 4257//4322
f 4338//4403 4337//4402 4339//4404 4340//4405
f 4338//4403 4340//4405 4261//4326 4259//4324
f 4340//4405 4339//4404 4341//4406 4342//4407
f 4340//4405 4342//4407 4263//4328 4261//4326
f 4342//4407 4341//4406 4343//4408 4344//4409
f 4342//4407 4344//4409 4265//4330 4263//4328
f 4344//4409 4343//4408 4345//4410 4346//4411
f 4344//4409 4346//4411 4347//4412 4265//4330
f 4347//4412 4346//4411 4348//4413 4349//4414
f 4347//4412 4349//4414 4350//4415 4268//4333
f 4347//4412 4268//4333 4266//4331 4265//4330
f 4350//4415 4349//4414 4351//4416 4352//4417
f 4350//4415 4352//4417 4353//4418 4271//4336
f 4350//4415 4271//4336 4269//4334 4268//4333
f 4353//4418 4352//4417 4354//4419 4280//4345
f 4353//4418 4280//4345 4278//4343 4274//4339
f 4353//4418 4274//4339 4272//4337 4271//4336
f 4354//4419 4352//4417 4351//4416 4355//4420
f 4354//4419 4355//4420 4356//4421 4283//4348
f 4354//4419 4283//4348 4281//4346 4280//4345
f 4356//4421 4355//4420 4357//4422 4358//4423
f 4356//4421 4358//4423 4359//4424 4286//4351
f 4356//4421 4286//4351 4284//4349 4283//4348
f 4359//4424 4358//4423 4360//4425 4361//4426
f 4359//4424 4361//4426 4362//4427 4289//4354
f 4359//4424 4289//4354 4287//4352 4286//4351
f 4362//4427 4361//4426 4363//4428 4364//4429
f 4362//4427 4364//4429 4365//4430 4292//4357
f 4362//4427 4292//4357 4290//4355 4289//4354
f 4365//4430 4364//4429 4366//4431 4367//4432
f 4365//4430 4367//4432 4368//4433 4295//4360
f 4365//4430 4295//4360 4293//4358 4292//4357
f 4368//4433 4367//4432 4369//4434 4370//4435
f 4368//4433 4370//4435 117//41 4298//4363
f 4368//4433 4298//4363 4296//4361 4295//4360
f 4370//4435 4369//4434 4371//4436 4747//4437
f 4370//4435 4747//4437 4732//42 117//41
f 4373//4438 4372//4439 176//117 4374//4440
f 4373//4438 4374//4440 4321//4386 4319//4385
f 4374//4440 176//117 175//116 4375//4441
f 4374//4440 4375//4441 4323//4388 4321//4386
f 4375//4441 175//116 179//120 4376//4442
f 4375//4441 4376//4442 4325//4390 4323//4388
f 4376//4442 179//120 4377//4443 4378//4444
f 4376//4442 4378//4444 4327//4392 4325//4390
f 4378//4444 4377//4443 4379//4445 4380//4446
f 4378//4444 4380//4446 4329//4394 4327//4392
f 4380//4446 4379//4445 4381//4447 4382//4448
f 4380//4446 4382//4448 4383//4449 4329//4394
f 4383//4449 4382//4448 4384//4450 4385//4451
f 4383//4449 4385//4451 4386//4452 4332//4397
f 4383//4449 4332//4397 4330//4395 4329//4394
f 4386//4452 4385//4451 4387//4453 4388//4454
f 4386//4452 4388//4454 4337//4402 4335//4400
f 4386//4452 4335//4400 4333//4398 4332//4397
f 4388//4454 4387//4453 4389//4455 4390//4456
f 4388//4454 4390//4456 4339//4404 4337//4402
f 4390//4456 4389//4455 4391//4457 4392//4458
f 4390//4456 4392//4458 4341//4406 4339//4404
f 4392//4458 4391//4457 4393//4459 4394//4460
f 4392//4458 4394//4460 4343//4408 4341//4406
f 4394//4460 4393//4459 4395//4461 4396//4462
f 4394//4460 4396//4462 4345//4410 4343//4408
f 4396//4462 4395//4461 4397//4463 4398//4464
f 4396//4462 4398//4464 4399//4465 4345//4410
f 4399//4465 4398//4464 4400//4466 4401//4467
f 4399//4465 4401//4467 4402//4468 4348//4413
f 4399//4465 4348//4413 4346//4411 4345//4410
f 4402//4468 4401//4467 4403//4469 4357//4422
f 4402//4468 4357//4422 4355//4420 4351//4416
f 4402//4468 4351//4416 4349//4414 4348//4413
f 4403//4469 4401//4467 4400//4466 4404//4470
f 4403//4469 4404//4470 4405//4471 4360//4425
f 4403//4469 4360//4425 4358//4423 4357//4422
f 4405//4471 4404//4470 4406//4472 4407//4473
f 4405//4471 4407//4473 4408//4474 4363//4428
f 4405//4471 4363//4428 4361//4426 4360//4425
f 4408//4474 4407//4473 4409//4475 4410//4476
f 4408//4474 4410//4476 4411//4477 4366//4431
f 4408//4474 4366//4431 4364//4429 4363//4428
f 4411//4477 4410//4476 4412//4478 4413//4479
f 4411//4477 4413//4479 4371//4436 4369//4434
f 4411//4477 4369//4434 4367//4432 4366//4431
f 4415//4480 4414//4481 4409//4475 4416//4482
f 4415//4480 4416//4482 113//36 11//35
f 4416//4482 4409//4475 4407//4473 4406//4472
f 4416//4482 4406//4472 4417//4483 113//36
f 4417//4483 4397//4463 114//37 113//36
f 4417//4483 4406//4472 4404//4470 4400//4466
f 4417//4483 4400//4466 4398//4464 4397//4463
f 4414//4481 4412//4478 4410//4476 4409//4475
f 4748//4484 4418//4485 4419//4486 4420//4487
f 4420//4487 104//24 103//23 4748//4484
f 4420//4487 4419//4486 4421//4488 4422//4489
f 4420//4487 4422//4489 4423//4490 104//24
f 4423//4490 4424//4491 105//25 104//24
f 4423//4490 4422//4489 4425//4492 4426//4493
f 4423//4490 4426//4493 4427//4494 4424//4491
f 4427//4494 4428//4495 4429//4496 4424//4491
f 4427//4494 4426//4493 4391//4457 4389//4455
f 4427//4494 4389//4455 4387//4453 4428//4495
f 4429//4496 4430//4497 4431//4498 106//26
f 4429//4496 106//26 105//25 4424//4491
f 4429//4496 4428//4495 4384//4450 4430//4497
f 4431//4498 4432//4499 4433//4500 4434//4501
f 4431//4498 4434//4501 100//17 106//26
f 4431//4498 4430//4497 4381//4447 4432//4499
f 4434//4501 4433//4500 92//4 91//3
f 4434//4501 91//3 98//14 100//17
f 4433//4500 4435//4502 93//5 92//4
f 4433//4500 4432//4499 4436//4503 4435//4502
f 4436//4503 4437//4504 4438//4505 4435//4502
f 4436//4503 4432//4499 4381//4447 4379//4445
f 4436//4503 4379//4445 4377//4443 4437//4504
f 4438//4505 180//121 4439//4506 97//11
f 4438//4505 97//11 93//5 4435//4502
f 4438//4505 4437//4504 178//119 180//121
f 4439//4506 4440//4507 192//136 95//9
f 4439//4506 95//9 94//8 97//11
f 4439//4506 180//121 174//115 4440//4507
f 4440//4507 174//115 173//114 4441//4508
f 4440//4507 4441//4508 193//137 192//136
f 4441//4508 173//114 182//124 181//123
f 4441//4508 181//123 185//127 193//137
f 4437//4504 4377//4443 179//120 178//119
f 4430//4497 4384//4450 4382//4448 4381//4447
f 4428//4495 4387//4453 4385//4451 4384//4450
f 4426//4493 4425//4492 4393//4459 4391//4457
f 4425//4492 4422//4489 4421//4488 4442//4509
f 4425//4492 4442//4509 4395//4461 4393//4459
f 4442//4509 4421//4488 115//38 114//37
f 4442//4509 114//37 4397//4463 4395//4461
f 4421//4488 4419//4486 4443//4510 115//38
f 4372//4439 4444//4511 177//118 176//117
f 4444//4511 4445//4512 4446//4513 177//118
f 4446//4513 4445//4512 4447//4514 4448//4515
f 4446//4513 4448//4515 4449//4516 172//113
f 4446//4513 172//113 21//112 177//118
f 4449//4516 4448//4515 4450//4517 4451//4518
f 4449//4516 4451//4518 183//125 182//124
f 4449//4516 182//124 173//114 172//113
f 4451//4518 4450//4517 4452//4519 4453//4520
f 4451//4518 4453//4520 186//128 183//125
f 4453//4520 4452//4519 4454//4521 4455//4522
f 4453//4520 4455//4522 194//138 186//128
f 4455//4522 4454//4521 112//4523 4456//4524
f 4455//4522 4456//4524 111//33 194//138
f 4456//4524 112//4523 4749//4525 4457//4526
f 4456//4524 4457//4526 4730//34 111//33
f 4458//4527 4459//4528 4452//4519 4450//4517
f 4458//4527 4450//4517 4448//4515 4447//4514
f 4459//4528 4750//4529 4454//4521 4452//4519
f 4750//4529 4751//4530 112//4523 4454//4521
f 4462//4531 4312//4377 4309//4374 4307//4372
f 4462//4531 4307//4372 4305//4370 4460//4532
f 4461//4533 4460//4532 4305//4370 4303//4368
f 4461//4533 4303//4368 126//55 125//54
f 4299//4364 4298//4363 117//41 116//40
f 4464//4534 4463//1245 3874//3937 4465//4535
f 4464//4534 4465//4535 136//72 135//71
f 4465//4535 3874//3937 3871//3934 3870//3933
f 4465//4535 3870//3933 3869//3932 136//72
f 4463//1245 3877//3940 3875//3938 3874//3937
f 4131//4195 4127//4191 4028//4091 4026//4089
f 4123//4187 4031//4094 4029//4092 4028//4091
f 4044//4107 4040//4103 4038//4101 4037//4100
f 3993//4056 3991//4054 3990//4053 3955//4018
f 3990//4053 3958//4021 3956//4019 3955//4018
f 3990//4053 3988//4051 3987//4050 3958//4021
f 3987//4050 3961//4024 3959//4022 3958//4021
f 3987//4050 3985//4048 3984//4047 3961//4024
f 3984//4047 3964//4027 3962//4025 3961//4024
f 3984//4047 3982//4045 3981//4044 3964//4027
f 3981//4044 3967//4030 3965//4028 3964//4027
f 3981//4044 3979//4042 3973//4036 3967//4030
f 3973//4036 3970//4033 3968//4031 3967//4030
f 4467//4536 4466//4537 4468//4538 4469//4539
f 4467//4536 4469//4539 3882//3945 3880//3944
f 4469//4539 4468//4538 4470//4540 4471//4541
f 4469//4539 4471//4541 3884//3947 3882//3945
f 4471//4541 4470//4540 4472//4542 4473//4543
f 4471//4541 4473//4543 3886//3949 3884//3947
f 4473//4543 4472//4542 4474//4544 4475//4545
f 4473//4543 4475//4545 3888//3951 3886//3949
f 4475//4545 4474//4544 4476//4546 4477//4547
f 4475//4545 4477//4547 4478//4548 3888//3951
f 4478//4548 4477//4547 4479//4549 4480//4550
f 4478//4548 4480//4550 3893//3956 3891//3954
f 4478//4548 3891//3954 3889//3952 3888//3951
f 4480//4550 4479//4549 4481//4551 4482//4552
f 4480//4550 4482//4552 3895//3958 3893//3956
f 4482//4552 4481//4551 4483//4553 4484//4554
f 4482//4552 4484//4554 3897//3960 3895//3958
f 4484//4554 4483//4553 4485//4555 4486//4556
f 4484//4554 4486//4556 3901//3964 3897//3960
f 4486//4556 4485//4555 4487//4557 4488//4558
f 4486//4556 4488//4558 3902//3965 3901//3964
f 4488//4558 4487//4557 4489//4559 4490//4560
f 4488//4558 4490//4560 3904//3967 3902//3965
f 4492//4561 4491//4562 4493//4563 4494//4564
f 4492//4561 4494//4564 4468//4538 4466//4537
f 4494//4564 4493//4563 4495//4565 4496//4566
f 4494//4564 4496//4566 4470//4540 4468//4538
f 4496//4566 4495//4565 4497//4567 4498//4568
f 4496//4566 4498//4568 4472//4542 4470//4540
f 4498//4568 4497//4567 4499//4569 4500//4570
f 4498//4568 4500//4570 4474//4544 4472//4542
f 4500//4570 4499//4569 4501//4571 4502//4572
f 4500//4570 4502//4572 4476//4546 4474//4544
f 4502//4572 4501//4571 4503//4573 4504//4574
f 4502//4572 4504//4574 4505//4575 4476//4546
f 4505//4575 4504//4574 4506//4576 4507//4577
f 4505//4575 4507//4577 4481//4551 4479//4549
f 4505//4575 4479//4549 4477//4547 4476//4546
f 4507//4577 4506//4576 4508//4578 4509//4579
f 4507//4577 4509//4579 4483//4553 4481//4551
f 4509//4579 4508//4578 4510//4580 4511//4581
f 4509//4579 4511//4581 4485//4555 4483//4553
f 4511//4581 4510//4580 4512//4582 4513//4583
f 4511//4581 4513//4583 4487//4557 4485//4555
f 4513//4583 4512//4582 4514//4584 4515//4585
f 4513//4583 4515//4585 4489//4559 4487//4557
f 4518//4586 4517//4587 4520//4588 4521//4589
f 4518//4586 4521//4589 4522//4590 4519//4591
f 4522//4590 4521//4589 4523//4592 4524//4593
f 4522//4590 4524//4593 4525//4594 4526//4595
f 4522//4590 4526//4595 4527//4596 4519//4591
f 4527//4596 4526//4595 4493//4563 4491//4562
f 4526//4595 4525//4594 4495//4565 4493//4563
f 4525//4594 4524//4593 211//160 210//159
f 4525//4594 210//159 4497//4567 4495//4565
f 4524//4593 4523//4592 199//145 211//160
f 4523//4592 4528//4597 200//146 199//145
f 4523//4592 4521//4589 4520//4588 4528//4597
f 4528//4597 4529//4598 204//150 200//146
f 4528//4597 4520//4588 4530//4599 4529//4598
f 4530//4599 4531//4600 4532//4601 4529//4598
f 4530//4599 4520//4588 4517//4587 4516//4602
f 4530//4599 4516//4602 4533//4603 4531//4600
f 4533//4603 4534//4604 4535//4605 4531//4600
f 4536//4606 4537//4607 4538//4608 4539//4609
f 4536//4606 4539//4609 4535//4605 4534//4604
f 4539//4609 4538//4608 4540//4610 4541//4611
f 4539//4609 4541//4611 4542//4612 4535//4605
f 4542//4612 4541//4611 4543//4613 4544//4614
f 4542//4612 4544//4614 4545//4615 4532//4601
f 4542//4612 4532//4601 4531//4600 4535//4605
f 4545//4615 4544//4614 4546//4616 4547//4617
f 4545//4615 4547//4617 201//147 204//150
f 4545//4615 204//150 4529//4598 4532//4601
f 4547//4617 4546//4616 4548//4618 4549//4619
f 4547//4617 4549//4619 202//148 201//147
f 4549//4619 4548//4618 4550//4620 4551//4621
f 4549//4619 4551//4621 4552//4622 202//148
f 4552//4622 4551//4621 4553//4623 4554//4624
f 4552//4622 4554//4624 4555//4625 4556//4626
f 4552//4622 4556//4626 203//149 202//148
f 4556//4626 4555//4625 4557//4627 4558//4628
f 4556//4626 4558//4628 205//151 203//149
f 4558//4628 4557//4627 4559//4629 4560//4630
f 4558//4628 4560//4630 207//155 205//151
f 4560//4630 4559//4629 4561//4631 4562//4632
f 4560//4630 4562//4632 4503//4573 207//155
f 4562//4632 4561//4631 4508//4578 4506//4576
f 4562//4632 4506//4576 4504//4574 4503//4573
f 4561//4631 4559//4629 4563//4633 4564//4634
f 4561//4631 4564//4634 4510//4580 4508//4578
f 4564//4634 4563//4633 4565//4635 4566//4636
f 4564//4634 4566//4636 4512//4582 4510//4580
f 4566//4636 4565//4635 4567//4637 4568//4638
f 4566//4636 4568//4638 4514//4584 4512//4582
f 4570//4639 4569//4640 4571//4641 4572//4642
f 4570//4639 4572//4642 4538//4608 4537//4607
f 4572//4642 4571//4641 4573//4643 4574//4644
f 4572//4642 4574//4644 4540//4610 4538//4608
f 4574//4644 4573//4643 4575//4645 4576//4646
f 4574//4644 4576//4646 4577//4647 4540//4610
f 4577//4647 4576//4646 4578//4648 4579//4649
f 4577//4647 4579//4649 4580//4650 4543//4613
f 4577//4647 4543//4613 4541//4611 4540//4610
f 4580//4650 4579//4649 4581//4651 4582//4652
f 4580//4650 4582//4652 4548//4618 4546//4616
f 4580//4650 4546//4616 4544//4614 4543//4613
f 4582//4652 4581//4651 4583//4653 4584//4654
f 4582//4652 4584//4654 4550//4620 4548//4618
f 4584//4654 4583//4653 4585//4655 4586//4656
f 4584//4654 4586//4656 4587//4657 4550//4620
f 4587//4657 4586//4656 4588//4658 4589//4659
f 4587//4657 4589//4659 4590//4660 4553//4623
f 4587//4657 4553//4623 4551//4621 4550//4620
f 4590//4660 4589//4659 4591//4661 4592//4662
f 4590//4660 4592//4662 102//21 4593//4663
f 4590//4660 4593//4663 4554//4624 4553//4623
f 4593//4663 102//21 20//20 4594//4664
f 4593//4663 4594//4664 4555//4625 4554//4624
f 4594//4664 20//20 101//19 4595//4665
f 4594//4664 4595//4665 4557//4627 4555//4625
f 4595//4665 101//19 4565//4635 4563//4633
f 4595//4665 4563//4633 4559//4629 4557//4627
f 4592//4662 4591//4661 4596//4666 4597//4667
f 4592//4662 4597//4667 6//18 102//21
f 4596//4666 4591//4661 4599//4668 4598//4669
f 4599//4668 4600//4670 4601//1962 4598//4669
f 4599//4668 4591//4661 4589//4659 4588//4658
f 4599//4668 4588//4658 4602//4671 4600//4670
f 4602//4671 4603//4672 4604//4673 4600//4670
f 4602//4671 4588//4658 4586//4656 4585//4655
f 4602//4671 4585//4655 4605//4674 4603//4672
f 4605//4674 4606//4675 4607//4676 4603//4672
f 4605//4674 4585//4655 4583//4653 4608//4677
f 4605//4674 4608//4677 4609//4678 4606//4675
f 4609//4678 4610//4679 4611//4680 4606//4675
f 4609//4678 4608//4677 4612//4681 4613//4682
f 4609//4678 4613//4682 4614//4683 4610//4679
f 4614//4683 4615//4684 4616//4685 4610//4679
f 4614//4683 4613//4682 4617//4686 4618//4687
f 4614//4683 4618//4687 4619//4688 4615//4684
f 4619//4688 4620//4689 4621//4690 4615//4684
f 4619//4688 4618//4687 4622//4691 4623//4692
f 4619//4688 4623//4692 4624//4693 4620//4689
f 4624//4693 4625//4694 4626//4695 4620//4689
f 4624//4693 4623//4692 4627//4696 4628//4697
f 4624//4693 4628//4697 4629//4698 4625//4694
f 4629//4698 4630//4699 4631//4700 4625//4694
f 4629//4698 4628//4697 4632//4701 4633//4702
f 4629//4698 4633//4702 4634//4703 4630//4699
f 4634//4703 4635//4704 4636//4705 4630//4699
f 4634//4703 4633//4702 4637//4706 4638//4707
f 4634//4703 4638//4707 4639//4708 4635//4704
f 4639//4708 4640//4709 4641//4710 4635//4704
f 4642//4711 4643//4712 224//177 4644//4713
f 4642//4711 4644//4713 4641//4710 4640//4709
f 4644//4713 224//177 221//174 4645//4714
f 4644//4713 4645//4714 4646//4715 4641//4710
f 4646//4715 4645//4714 4647//4716 4648//4717
f 4646//4715 4648//4717 4649//4718 4636//4705
f 4646//4715 4636//4705 4635//4704 4641//4710
f 4649//4718 4648//4717 4650//4719 4651//4720
f 4649//4718 4651//4720 4652//4721 4631//4700
f 4649//4718 4631//4700 4630//4699 4636//4705
f 4652//4721 4651//4720 4653//4722 4654//4723
f 4652//4721 4654//4723 4655//4724 4626//4695
f 4652//4721 4626//4695 4625//4694 4631//4700
f 4655//4724 4654//4723 4656//4725 4657//4726
f 4655//4724 4657//4726 4658//4727 4621//4690
f 4655//4724 4621//4690 4620//4689 4626//4695
f 4658//4727 4657//4726 4659//4728 4660//4729
f 4658//4727 4660//4729 4661//4730 4616//4685
f 4658//4727 4616//4685 4615//4684 4621//4690
f 4661//4730 4660//4729 4662//4731 4663//4732
f 4661//4730 4663//4732 4664//4733 4611//4680
f 4661//4730 4611//4680 4610//4679 4616//4685
f 4664//4733 4663//4732 4665//4734 4666//4735
f 4664//4733 4666//4735 4667//4736 4607//4676
f 4664//4733 4607//4676 4606//4675 4611//4680
f 4667//4736 4666//4735 4668//4737 4669//4738
f 4667//4736 4669//4738 4670//4739 4604//4673
f 4667//4736 4604//4673 4603//4672 4607//4676
f 4670//4739 4601//1962 4600//4670 4604//4673
f 4672//4740 4671//4741 4673//4742 4674//4743
f 4672//4740 4674//4743 4571//4641 4569//4640
f 4674//4743 4673//4742 4627//4696 4675//4744
f 4674//4743 4675//4744 4573//4643 4571//4641
f 4675//4744 4627//4696 4623//4692 4622//4691
f 4675//4744 4622//4691 4575//4645 4573//4643
f 4673//4742 4632//4701 4628//4697 4627//4696
f 4673//4742 4671//4741 4676//4745 4632//4701
f 4676//4745 4637//4706 4633//4702 4632//4701
f 4679//4746 4678//4747 4680//4748 223//176
f 4679//4746 223//176 222//175 4681//4749
f 4681//4749 222//175 224//177 4643//4712
f 4680//4748 4678//4747 4677//4750 4682//4751
f 4680//4748 4682//4751 236//192 4683//4752
f 4680//4748 4683//4752 219//172 223//176
f 4683//4752 236//192 235//191 4684//4753
f 4683//4752 4684//4753 220//173 219//172
f 4684//4753 235//191 238//194 4685//4754
f 4684//4753 4685//4754 4647//4716 220//173
f 4685//4754 238//194 4686//4755 4650//4719
f 4685//4754 4650//4719 4648//4717 4647//4716
f 4686//4755 238//194 237//193 4687//4756
f 4686//4755 4687//4756 4688//4757 4653//4722
f 4686//4755 4653//4722 4651//4720 4650//4719
f 4688//4757 4687//4756 232//187 4689//4758
f 4688//4757 4689//4758 4690//4759 4656//4725
f 4688//4757 4656//4725 4654//4723 4653//4722
f 4690//4759 4689//4758 4691//4760 4692//4761
f 4690//4759 4692//4761 4693//4762 4659//4728
f 4690//4759 4659//4728 4657//4726 4656//4725
f 4693//4762 4692//4761 4694//4763 4695//4764
f 4693//4762 4695//4764 4696//4765 4662//4731
f 4693//4762 4662//4731 4660//4729 4659//4728
f 4696//4765 4695//4764 4697//4766 4698//4767
f 4696//4765 4698//4767 4699//4768 4665//4734
f 4696//4765 4665//4734 4663//4732 4662//4731
f 4699//4768 4668//4737 4666//4735 4665//4734
f 4701//4769 4700//4770 4694//4763 4702//4771
f 4701//4769 4702//4771 228//179 225//184
f 4702//4771 4694//4763 4692//4761 4691//4760
f 4702//4771 4691//4760 229//180 228//179
f 4700//4770 4697//4766 4695//4764 4694//4763
f 4691//4760 4689//4758 232//187 229//180
f 4687//4756 237//193 233//188 232//187
f 4682//4751 4677//4750 230//186 231//185
f 4682//4751 231//185 234//189 236//192
f 4647//4716 4645//4714 221//174 220//173
f 4622//4691 4618//4687 4617//4686 4575//4645
f 4617//4686 4613//4682 4612//4681 4578//4648
f 4617//4686 4578//4648 4576//4646 4575//4645
f 4612//4681 4608//4677 4583//4653 4581//4651
f 4612//4681 4581//4651 4579//4649 4578//4648
f 4567//4637 4565//4635 101//19 6//18
f 4503//4573 4501//4571 208//156 207//155
f 4501//4571 4499//4569 209//158 208//156
f 4499//4569 4497//4567 210//159 209//158
f 3831//3894 3828//3891 3826//3889 270//237
f 3826//3889 3824//3887 271//238 270//237
f 3758//3821 3755//3818 3753//3816 3752//3815
f 3708//3771 3706//3769 3705//3768 149//85
f 3494//3557 3492//3555 312//285 311//284
f 3490//3553 3489//3552 313//286 312//285
f 3443//3506 2717//2746 2708//2737 2706//2735
f 3435//3498 2731//2760 2728//2757 2727//2756
f 3431//3494 2734//2763 2732//2761 2731//2760
f 3427//3490 2737//2766 2735//2764 2734//2763
f 3423//3486 2740//2769 2738//2767 2737//2766
f 3419//3482 2743//2772 2741//2770 2740//2769
f 3415//3478 2746//2775 2744//2773 2743//2772
f 3405//3468 2753//2782 2750//2779 2748//2777
f 3401//3464 2756//2785 2754//2783 2753//2782
f 3391//3454 2763//2792 2760//2789 2758//2787
f 3387//3450 2766//2795 2764//2793 2763//2792
f 3383//3446 2769//2798 2767//2796 2766//2795
f 3379//3442 2772//2801 2770//2799 2769//2798
f 3375//3438 2775//2804 2773//2802 2772//2801
f 3371//3434 2778//2807 2776//2805 2775//2804
f 3367//3430 2781//2810 2779//2808 2778//2807
f 3357//3420 2788//2817 2785//2814 2783//2812
f 3353//3416 2791//2820 2789//2818 2788//2817
f 3343//3406 3342//3405 2795//2824 2793//2822
f 3342//3405 3338//3401 3337//3400 2800//2829
f 3342//3405 2800//2829 2797//2826 2795//2824
f 3337//3400 3333//3396 3309//3372 3307//3370
f 3337//3400 3307//3370 2801//2830 2800//2829
f 2711//2740 258//221 257//220 283//251
f 2682//2711 2604//2632 2602//2630 2601//2629
f 2676//2705 2615//2643 2613//2641 2612//2640
f 2675//2704 244//202 240//201 239//198
f 2675//2704 239//198 243//197 2671//2700
f 2672//2701 2618//2646 2616//2644 2615//2643
f 2669//2698 2621//2649 2619//2647 2618//2646
f 2668//2697 243//197 242//196 248//208
f 2666//2695 2624//2652 2622//2650 2621//2649
f 2664//2693 2662//2691 2661//2690 2627//2655
f 2664//2693 2627//2655 2625//2653 2624//2652
f 2661//2690 2659//2688 2658//2687 2630//2658
f 2661//2690 2630//2658 2628//2656 2627//2655
f 2658//2687 2654//2683 2653//2682 2633//2661
f 2658//2687 2633//2661 2631//2659 2630//2658
f 2657//2686 4703//4772 4704//4773 4705//4774
f 2657//2686 4705//4774 2652//2681 2651//2680
f 2657//2686 2656//2685 259//223 4703//4772
f 4705//4774 4704//4773 290//260 293//263
f 4705//4774 293//263 306//278 2652//2681
f 4704//4773 4706//4775 291//261 290//260
f 2653//2682 2649//2678 2640//2668 2636//2664
f 2653//2682 2636//2664 2634//2662 2633//2661
f 2652//2681 306//278 2648//2677 2647//2676
f 2648//2677 306//278 305//277 316//289
f 2648//2677 316//289 2645//2673 2644//2672
f 2612//2640 2609//2637 2607//2635 2606//2634
f 2600//2628 217//169 31//165 214//164
f 2600//2628 214//164 213//163 2595//2623
f 2591//2619 212//162 188//131 191//134
f 2591//2619 191//134 197//142 2586//2614
f 2591//2619 2590//2618 213//163 212//162
f 2579//2607 195//140 171//111 170//110
f 2516//2544 2513//2541 2511//2539 2510//2538
f 2504//2532 215//167 32//166 218//170
f 2455//2483 329//307 334//313 2450//2478
f 2447//2475 2445//2473 337//318 63//317
f 2445//2473 2443//2471 342//324 337//318
f 2439//2467 2438//2466 338//320 342//324
f 2438//2466 2434//2462 2433//2461 343//325
f 2438//2466 343//325 339//321 338//320
f 2433//2461 2429//2457 349//332 346//329
f 2433//2461 346//329 344//326 343//325
f 2425//2453 355//340 66//333 349//332
f 2394//2422 2393//2421 2321//2349 2320//2348
f 2393//2421 2389//2417 2388//2416 2326//2354
f 2393//2421 2326//2354 2323//2351 2321//2349
f 2388//2416 2384//2412 2331//2359 2329//2357
f 2388//2416 2329//2357 2327//2355 2326//2354
f 2380//2408 2334//2362 2332//2360 2331//2359
f 2301//2329 353//338 65//334 356//341
f 2299//2327 2219//2245 2218//2244 354//339
f 2276//2304 2245//2273 2241//2269 2239//2267
f 2272//2300 2248//2276 2246//2274 2245//2273
f 2260//2288 2255//2283 2252//2280 2250//2278
f 2259//2287 1996//2024 1994//2022 1993//2021
f 2148//2175 2144//2171 2036//2063 2034//2061
f 2119//2146 2059//2086 2056//2083 2054//2081
f 2115//2142 2062//2089 2060//2087 2059//2086
f 2099//2126 2073//2100 2070//2097 2068//2095
f 2095//2122 2076//2103 2074//2101 2073//2100
f 2091//2118 2079//2106 2077//2104 2076//2103
f 1990//2018 1988//2016 361//347 360//346
f 1986//2014 1985//2013 357//343 361//347
f 1735//1766 1733//1764 1725//1756 1723//1754
f 1633//1664 1631//1663 124//52 123//51
f 1610//1641 1608//1639 1600//1631 1598//1629
f 1506//1538 4742//1537 4739//66 132//65
f 1446//1477 1442//1473 1340//1360 1338//1358
f 1438//1469 1343//1363 1341//1361 1340//1360
f 1434//1465 1346//1366 1344//1364 1343//1363
f 1430//1461 1349//1369 1347//1367 1346//1366
f 1426//1457 1352//1372 1350//1370 1349//1369
f 1422//1453 1355//1375 1353//1373 1352//1372
f 1418//1449 1358//1378 1356//1376 1355//1375
f 1305//1422 1302//1333 1300//1331 1299//1330
f 732//762 728//758 726//756 725//755
f 620//645 618//643 617//642 143//78
f 550//572 549//571 449//465 453//469
f 549//571 548//570 450//466 449//465
f 522//540 521//539 446//457 445//456
f 440//460 4707//4776 138//4777 85//448
f 4707//4776 4708//4778 4709//4779 138//4777
f 4709//4779 4710//4780 437//450 137//449
f 4709//4779 4708//4778 4711//52 4710//4781
f 4711//52 436//447 435//446 4710//4781
f 4710//4780 435//440 434//439 437//450
f 438//451 437//450 434//439 433//438
f 4712//4782 406//403 409//406 421//419
f 4712//4782 420//418 407//404 406//403
f 422//420 402//392 401//391 411//408
f 410//407 409//406 406//403 405//402
f 375//363 2244//2272 362//348 4718//4783
f 375//4784 4718//4783 362//348 67//342
f 375//4784 67//342 359//345 365//362
f 347//330 64//327 66//333 65//334
f 292//262 4713//4785 4714//4786 48//256
f 4714//4786 4713//4785 4715//4787 4716//4787
f 194//138 110//31 184//126 186//128
f 193//137 185//127 109//30 108//29
f 185//127 184//126 110//31 109//30
f 98//14 91//3 90//2 99//15
f 99//15 90//2 89//4788 4717//4789
f 1//1 89//4788 90//2
f 2//7 3//6 94//8
f 7//16 8//22 100//17
f 9//135 108//29 107//28
f 4749//4525 112//4523 4751//4530
f 85//448 138//4777 4709//4779 137//449
f 26//143 206//154 28//157 198//144
f 37//195 239//198 240//201 241//200
f 37//195 241//200 39//206 242//196
f 42//216 43//222 250//212 249//211
f 279//246 309//3137 294//265 280//247
f 390//381 395//386 396//2837 397//2834
f 78//409 416//414 419//3343 417//415
f 458//481 459//486 460//482 461//476
f 79//417 420//418 4712//4782 421//419
f 2252//2280 2255//2283 2254//2282 2253//2281
f 2//7 96//10 9//135
f 4717//4789 4//12 99//15
f 28//157 206//154 29//153 27//152
f 269//234 281//248 45//235 266//231
f 348//331 347//330 65//334 352//337
f 288//257 48//256 4714//4786
f 326//2674 56//298 325//301
f 2641//2669 2642//2670 2643//2671
f 2007//2035 2006//2034 2986//3021
f 4752//4790 4443//4510 4418//4485
f 4443//4510 4419//4486 4418//4485
f 4752//4790 4753//4791 115//38 4443//4510
f 4753//4791 11//35 115//38
f 375//4784 365//362 70//361 71//364
f 2711//2740 4704//4773 258//221
f 4706//4775 4704//4773 288//257
f 4704//4773 43//222 42//216 258//221
f 4704//4773 4703//4772 259//223 43//222
f 325//301 324//300 2639//2667 2641//2669
f 324//300 328//304 330//308 2639//2667
f 328//304 327//303 330//308
f 3306//3369 393//384 2980//3015 2979//3014
f 3306//3369 2979//3014 2981//3016 2985//3020
f 3306//3369 2985//3020 4720//4792 4719//4793
f 3168//3214 3173//3219 4720//4792 2985//3020
f 4719//4793 4720//4792 3173//3219 2988//3023
f 2987//3022 3306//3369 4719//4793 2988//3023
f 68//4794 71//4795 375//363 4718//4796
f 23//129 153//91 166//106
f 23//129 154//92 153//91
f 4721//4797 4723//4798 4724//4799 4722//4800
f 4724//4799 4723//4798 4725//4801 4726//4801
f 4724//4799 4726//4801 4727//4801 4728//4799
f 4724//4799 4728//4799 4729//4800 4722//4800
f 4830//4802 4829//4803 4828//4804 1//1
f 3//6 4831//4805 4830//4802 1//1
f 4834//4806 4833//4807 4832//4808 2//7
f 4832//4808 4835//4809 4831//4805 3//6
f 4837//4810 4836//4811 5//13 4//12
f 4836//4811 4838//4812 7//16 5//13
f 4840//4813 4759//4814 4839//4815 6//18
f 4842//4816 4841//4817 103//23 8//22
f 4838//4812 4843//4818 4842//4816 8//22
f 4845//4819 4844//4820 107//28 10//27
f 4763//4821 4846//4822 4845//4819 10//27
f 4730//34 4847//4823 4763//4821 10//27
f 4851//4824 4850//4825 4849//4826 11//35
f 4732//42 4853//4827 4852//4828 4731//39
f 4852//4828 4854//4829 4733//43 4731//39
f 13//48 4856//4830 4855//4831 12//45
f 4855//4831 4857//4832 121//49 12//45
f 124//52 4858//4833 4856//4830 13//48
f 4860//4834 4859//4835 125//54 4734//53
f 4733//43 4854//4829 4860//4834 4734//53
f 4862//4836 4861//4837 4735//58 4736//57
f 4737//62 4863//4838 4862//4836 4736//57
f 4864//4839 4863//4838 4737//62 4738//63
f 4739//66 4865//4840 4864//4839 4738//63
f 4741//70 4867//4841 4866//4842 4740//67
f 4866//4842 4868//4843 135//71 4740//67
f 141//76 4872//4844 4871//4845 14//73
f 4871//4845 4873//4846 142//77 14//73
f 4876//4847 4875//4848 4874//4849 4754//4850
f 4874//4849 144//84 145//83 4754//4850
f 4878//4851 4877//4852 4876//4847 4754//4850
f 4756//4853 4880//4854 4879//4855 4755//4856
f 4883//4857 4882//4858 4881//4859 4755//4856
f 4885//4860 4884//4861 4883//4857 4755//4856
f 4888//4862 4887//4863 4886//4864 4756//4853
f 4890//4865 4889//4866 4888//4862 4756//4853
f 4755//4856 4758//4867 4890//4865 4756//4853
f 4883//4857 4884//4861 4891//4868 4757//4869
f 4891//4868 4893//4870 4892//4871 4757//4869
f 4892//4871 4882//4858 4883//4857 4757//4869
f 4881//4859 4894//4872 4758//4867 4755//4856
f 4896//4873 4895//4874 4890//4865 4758//4867
f 4898//4875 4897//4876 4896//4873 4758//4867
f 4894//4872 4899//4877 4898//4875 4758//4867
f 4902//4878 4901//4879 4900//4880 4760//4881
f 4905//4882 4904//4883 4903//4884 4760//4881
f 4903//4884 4907//4885 4906//4886 4760//4881
f 4906//4886 4908//4887 4902//4878 4760//4881
f 4911//4888 4910//4889 4909//4890 4761//4891
f 4909//4890 4913//4892 4912//4893 4761//4891
f 4912//4893 4914//4894 4911//4888 4761//4891
f 4882//4858 4892//4871 4915//4895 4762//4896
f 4915//4895 4917//4897 4916//4898 4762//4896
f 4918//4899 4899//4877 4894//4872 4762//4896
f 4916//4898 4919//4900 4918//4899 4762//4896
f 4920//4901 4833//4807 4834//4806 9//135
f 4844//4820 4921//4902 4920//4901 9//135
f 4847//4823 4922//4903 4846//4822 4763//4821
f 4923//4904 4899//4877 4918//4899 4764//4905
f 4925//4906 4924//4907 4923//4904 4764//4905
f 4918//4899 4919//4900 4925//4906 4764//4905
f 4928//4908 4927//4909 4926//4910 4765//4911
f 4931//4912 4930//4913 4929//4914 4765//4911
f 4929//4914 4932//4915 4928//4908 4765//4911
f 4768//4916 4766//4917 4933//4918 4931//4912
f 4934//4919 4768//4916 4931//4912 4765//4911
f 4936//4920 4935//4921 4933//4918 4766//4917
f 4939//4922 4938//4923 4937//4924 4767//4925
f 4926//4910 4927//4909 4939//4922 4767//4925
f 4937//4924 4936//4920 4766//4917 4767//4925
f 4940//4926 4916//4898 4917//4897 4769//4927
f 4942//4928 4941//4929 4940//4926 4769//4927
f 4771//4930 4770//4931 4942//4928 4769//4927
f 4769//4927 4944//4932 4943//4933 4771//4930
f 4946//4934 4945//4935 4770//4931 4771//4930
f 4949//4936 4948//4937 4947//4938 4772//4939
f 4947//4938 4951//4940 4950//4941 4772//4939
f 4950//4941 4952//4942 4949//4936 4772//4939
f 4774//4943 4954//4944 4953//4945 4773//4946
f 226//183 227//182 4774//4943 4773//4946
f 4953//4945 225//184 226//183 4773//4946
f 227//182 230//186 4955//4947 4774//4943
f 4957//4948 4956//4949 4954//4944 4774//4943
f 4955//4947 4958//4950 4957//4948 4774//4943
f 4958//4950 4960//4951 4959//4952 4775//4953
f 4961//4954 4957//4948 4958//4950 4775//4953
f 4959//4952 4962//4955 4961//4954 4775//4953
f 4963//4956 4967//4957 4966//4958 4776//4959
f 4968//4960 4964//4961 4965//4962 4777//4963
f 4971//4964 4970//4965 4969//4966 4777//4963
f 4965//4962 4778//4967 4971//4964 4777//4963
f 4966//4958 4972//4968 4779//4969 4778//4967
f 4779//4970 4780//4971 4971//4964 4778//4967
f 4975//4972 4974//4973 4973//4974 4779//4969
f 4972//4968 4976//4975 4975//4972 4779//4969
f 4973//4974 4781//4976 4977//4977 4779//4970
f 4977//4977 4978//4978 4780//4971 4779//4970
f 4978//4978 4970//4965 4971//4964 4780//4971
f 4980//4979 4979//4980 4977//4977 4781//4976
f 4982//4981 4981//4982 4980//4979 4781//4976
f 4974//4973 4984//4983 4983//4984 4782//4985
f 4987//4986 4986//4987 4985//4988 4783//4989
f 4989//4990 4988//4991 4987//4986 4783//4989
f 4985//4988 4991//4992 4990//4993 4783//4989
f 4990//4993 4993//4994 4992//4995 4783//4989
f 4992//4995 4785//4996 4784//4997 4783//4989
f 4995//4998 4994//4999 4989//4990 4783//4989
f 4784//4997 4996//5000 4995//4998 4783//4989
f 4990//4993 4991//4992 4997//5001 4784//4997
f 4997//5001 4998//5002 4996//5000 4784//4997
f 5000//5003 4999//5004 4784//4997 4785//4996
f 5002//5005 5001//5006 5000//5003 4785//4996
f 5004//5007 5003//5008 5002//5005 4785//4996
f 4999//5004 5006//5009 5005//5010 4784//4997
f 5008//5011 4981//4982 5007//5012 4786//5013
f 5007//5012 5010//5014 5009//5015 4786//5013
f 5009//5015 5011//5016 5008//5011 4786//5013
f 4790//5017 5013//5018 5012//5019 4787//5020
f 5016//5021 5015//5022 5014//5023 4787//5020
f 5014//5023 5017//5024 4790//5017 4787//5020
f 5004//5007 4785//4996 4992//4995 4788//5025
f 5019//5026 5018//5027 5004//5007 4788//5025
f 5022//5028 5021//5029 5020//5030 4788//5025
f 4992//4995 4993//4994 5022//5028 4788//5025
f 5025//5031 5024//5032 5023//5033 4789//5034
f 5027//5035 5026//5036 5025//5031 4789//5034
f 5023//5033 5028//5037 5027//5035 4789//5034
f 5017//5024 5030//5038 5029//5039 4790//5017
f 5032//5040 5031//5041 5013//5018 4790//5017
f 5029//5039 4792//5042 5032//5040 4790//5017
f 5036//5043 5035//5044 5034//5045 4791//5046
f 4791//5046 5034//5045 5027//5035 5028//5037
f 5028//5037 5037//5047 5036//5043 4791//5046
f 5039//5048 5038//5049 5032//5040 4792//5042
f 5029//5039 5040//5050 5039//5048 4792//5042
f 4794//5051 5042//5052 5041//5053 4793//5054
f 5044//5055 5043//5056 4794//5051 4793//5054
f 5041//5053 5045//5057 5044//5055 4793//5054
f 5043//5056 5046//5058 5042//5052 4794//5051
f 5049//5059 5048//5060 5047//5061 4795//5062
f 4797//5063 5052//5064 5051//5065 4796//5066
f 5053//5067 4799//5068 4797//5063 4796//5066
f 5051//5065 5054//5069 5053//5067 4796//5066
f 4799//5068 4798//5070 5055//5071 4797//5063
f 5058//5072 5057//5073 5056//5074 4798//5070
f 5056//5074 5060//5075 5059//5076 4798//5070
f 4799//5068 5053//5067 5058//5072 4798//5070
f 4801//5077 5061//5078 4802//5079 4800//5080
f 5064//5081 5063//5082 5062//5083 4801//5077
f 5065//5084 5064//5081 4801//5077 4800//5080
f 5062//5083 5066//5085 5061//5078 4801//5077
f 5064//5081 5068//5086 5067//5087 5063//5082
f 5070//5088 5068//5086 5069//5089 4803//5090
f 5069//5089 5072//5091 5071//5092 4803//5090
f 4805//5093 5073//5094 5070//5088 4803//5090
f 5076//5095 5075//5096 5074//5097 4804//5098
f 5074//5097 5078//5099 5077//5100 4804//5098
f 4804//5098 5080//5101 5079//5102 4805//5093
f 5083//5103 5082//5104 5081//5105 4806//5106
f 5081//5105 5085//5107 5084//5108 4806//5106
f 5088//5109 5087//5110 5086//5111 4806//5106
f 5092//5112 5091//5113 5090//5114 4808//5115
f 5090//5114 5094//5116 5093//5117 4808//5115
f 5093//5117 5095//5118 5092//5112 4808//5115
f 5098//5119 5097//5120 5096//5121 5083//5103
f 5098//5119 5083//5103 5089//5122 4809//5123
f 4810//5124 5099//5125 5098//5119 4809//5123
f 5102//5126 5101//5127 5100//5128 4811//5129
f 5100//5128 5104//5130 5103//5131 4811//5129
f 5103//5131 5106//5132 5105//5133 4811//5129
f 5105//5133 5107//5134 4812//5135 4811//5129
f 4812//5135 5109//5136 5108//5137 4811//5129
f 5112//5138 5111//5139 5110//5140 4812//5135
f 5107//5134 5113//5141 5112//5138 4812//5135
f 5115//5142 5114//5143 5109//5136 4812//5135
f 5117//5144 5116//5145 5109//5136 5114//5143
f 5119//5146 5118//5147 5117//5144 5114//5143
f 5124//5148 5123//5149 5122//5150 4813//5151
f 5122//5150 5126//5152 5125//5153 4813//5151
f 5125//5153 4816//5154 5124//5148 4813//5151
f 4815//5155 5128//5156 5127//5157 4814//5158
f 5124//5159 4816//5160 4815//5155 4814//5158
f 5127//5157 5123//5161 5124//5159 4814//5158
f 5129//5162 4819//5163 5128//5156 4815//5155
f 5131//5164 5130//5165 5129//5162 4815//5155
f 4816//5160 5132//5166 5131//5164 4815//5155
f 5134//5167 5133//5168 5132//5166 4816//5154
f 5125//5153 5135//5169 5134//5167 4816//5154
f 5138//5170 5137//5171 5136//5172 4817//5173
f 5140//5174 5139//5175 5138//5170 4817//5173
f 5136//5172 5128//5156 4819//5163 4817//5173
f 4819//5163 5142//5176 5141//5177 4817//5173
f 5144//5178 5131//5164 5132//5166 4818//5179
f 5132//5166 5133//5168 5145//5180 4818//5179
f 5129//5162 5134//5167 5135//5169 4819//5163
f 5135//5169 5146//5181 5142//5176 4819//5163
f 4821//5182 5148//5183 5147//5184 4820//5182
f 5147//5185 423//426 424//425 4820//5186
f 424//430 425//430 4821//5187 4820//5187
f 5150//5188 5149//5189 5148//5190 4821//5191
f 425//436 428//436 4822//5192 4821//5191
f 4822//5192 5151//5193 5150//5188 4821//5191
f 5153//5194 5152//5195 5151//5193 4822//5192
f 4823//5196 5154//5197 5153//5194 4822//5192
f 428//445 432//444 4823//5198 4822//5199
f 432//444 436//447 5154//5200 4823//5198
f 5156//5201 5155//5202 4869//5203 4824//5204
f 4825//5205 5157//5206 5156//5201 4824//5204
f 5159//5207 5158//5208 5157//5206 4825//5205
f 5161//5209 5160//5210 5159//5207 4825//5205
f 441//459 442//458 5161//5209 4825//5205
f 4824//5204 440//460 441//459 4825//5205
f 5163//5211 4827//5212 5162//5213 4826//5214
f 5166//5215 5165//5216 5164//5217 4826//5214
f 5164//5217 5168//5218 5167//5219 4826//5214
f 5167//5220 5169//5221 5163//5211 4826//5214
f 5171//5222 5170//5223 5162//5224 4827//5212
f 5163//5211 5172//5225 5171//5222 4827//5212
f 5179//5226 5178//5227 5177//5228 5176//5229
f 5173//5230 5180//5231 5179//5226 5176//5229
f 5177//5228 5181//5232 5175//5233 5176//5229
f 5177//5228 5183//5234 5182//5235 5181//5232
f 5184//5236 5174//5237 5175//5233 5181//5232
f 5182//5235 5185//5238 5184//5236 5181//5232
f 5182//5235 5187//5239 5186//5240 5185//5238
f 5189//5241 5188//5242 5184//5236 5185//5238
f 5186//5240 5190//5243 5189//5241 5185//5238
f 5186//5240 5192//5244 5191//5245 5190//5243
f 5194//5246 5193//5247 5189//5241 5190//5243
f 5191//5245 5195//5248 5194//5246 5190//5243
f 5191//5245 5197//5249 5196//5250 5195//5248
f 5199//5251 5198//5252 5194//5246 5195//5248
f 5196//5250 5200//5253 5199//5251 5195//5248
f 5196//5250 5202//5254 5201//5255 5200//5253
f 5204//5256 5203//5257 5199//5251 5200//5253
f 5201//5255 5205//5258 5204//5256 5200//5253
f 5201//5255 5207//5259 5206//5260 5205//5258
f 5209//5261 5208//5262 5204//5256 5205//5258
f 5206//5260 5210//5263 5209//5261 5205//5258
f 5206//5260 5212//5264 5211//5265 5210//5263
f 5214//5266 5213//5267 5209//5261 5210//5263
f 5211//5265 5215//5268 5214//5266 5210//5263
f 5211//5265 5217//5269 5216//5270 5215//5268
f 5219//5271 5218//5272 5214//5266 5215//5268
f 5216//5270 5220//5273 5219//5271 5215//5268
f 5216//5270 5222//5274 5221//5275 5220//5273
f 5224//5276 5223//5277 5219//5271 5220//5273
f 5221//5275 5225//5278 5224//5276 5220//5273
f 5221//5275 5227//5279 5226//5280 5225//5278
f 5229//5281 5228//5282 5224//5276 5225//5278
f 5226//5280 5230//5283 5229//5281 5225//5278
f 5226//5280 5232//5284 5231//5285 5230//5283
f 5234//5286 5233//5287 5229//5281 5230//5283
f 5231//5285 5235//5288 5234//5286 5230//5283
f 5231//5285 5237//5289 5236//5290 5235//5288
f 524//542 523//541 5234//5286 5235//5288
f 5236//5290 525//543 524//542 5235//5288
f 5236//5290 5161//5209 442//458 525//543
f 5239//5291 5238//5292 526//545 527//544
f 423//426 5147//5185 5239//5291 527//544
f 5241//5293 5240//5294 5238//5295 5239//5296
f 5147//5184 5148//5183 5241//5293 5239//5296
f 5243//5297 5242//5298 5240//5299 5241//5300
f 5148//5190 5149//5189 5243//5297 5241//5300
f 5245//5301 5244//5302 5242//5298 5243//5297
f 5149//5189 5246//5303 5245//5301 5243//5297
f 5248//5304 5247//5305 5245//5301 5246//5303
f 5250//5306 5249//5307 5248//5304 5246//5303
f 5149//5189 5150//5188 5250//5306 5246//5303
f 5252//5308 5251//5309 5249//5307 5250//5306
f 5150//5188 5151//5193 5252//5308 5250//5306
f 5254//5310 5253//5311 5251//5309 5252//5308
f 5151//5193 5152//5195 5254//5310 5252//5308
f 5157//5206 5158//5208 5253//5311 5254//5310
f 5152//5195 5156//5201 5157//5206 5254//5310
f 5256//5312 5255//5313 5251//5309 5253//5311
f 5158//5208 5257//5314 5256//5312 5253//5311
f 5259//5315 5258//5316 5256//5312 5257//5314
f 5261//5317 5260//5318 5259//5315 5257//5314
f 5158//5208 5159//5207 5261//5317 5257//5314
f 5263//5319 5262//5320 5260//5318 5261//5317
f 5159//5207 5160//5210 5263//5319 5261//5317
f 5265//5321 5264//5322 5262//5320 5263//5319
f 5160//5210 5237//5289 5265//5321 5263//5319
f 5232//5284 5266//5323 5264//5322 5265//5321
f 5237//5289 5231//5285 5232//5284 5265//5321
f 5268//5324 5267//5325 5264//5322 5266//5323
f 5227//5279 5269//5326 5268//5324 5266//5323
f 5232//5284 5226//5280 5227//5279 5266//5323
f 5271//5327 5270//5328 5268//5324 5269//5326
f 5222//5274 5272//5329 5271//5327 5269//5326
f 5227//5279 5221//5275 5222//5274 5269//5326
f 5274//5330 5273//5331 5271//5332 5272//5333
f 5217//5334 5275//5335 5274//5330 5272//5333
f 5222//5274 5216//5270 5217//5269 5272//5329
f 5277//5336 5276//5337 5274//5330 5275//5335
f 5212//5264 5278//5338 5277//5336 5275//5335
f 5217//5334 5211//5265 5212//5264 5275//5335
f 5280//5339 5279//5340 5277//5336 5278//5338
f 5207//5259 5281//5341 5280//5339 5278//5338
f 5212//5264 5206//5260 5207//5259 5278//5338
f 5283//5342 5282//5343 5280//5339 5281//5341
f 5202//5254 5284//5344 5283//5342 5281//5341
f 5207//5259 5201//5255 5202//5254 5281//5341
f 5286//5345 5285//5346 5283//5342 5284//5344
f 5197//5249 5287//5347 5286//5345 5284//5344
f 5202//5254 5196//5250 5197//5249 5284//5344
f 5289//5348 5288//5349 5286//5345 5287//5347
f 5192//5244 5290//5350 5289//5348 5287//5347
f 5197//5249 5191//5245 5192//5244 5287//5347
f 5292//5351 5291//5352 5289//5348 5290//5350
f 5187//5239 5293//5353 5292//5351 5290//5350
f 5192//5244 5186//5240 5187//5239 5290//5350
f 5295//5354 5294//5355 5292//5351 5293//5353
f 5183//5234 5296//5356 5295//5354 5293//5353
f 5187//5239 5182//5235 5183//5234 5293//5353
f 5298//5357 5297//5358 5295//5354 5296//5356
f 5178//5227 5299//5359 5298//5357 5296//5356
f 5183//5234 5177//5228 5178//5227 5296//5356
f 5301//5360 5300//5361 5298//5357 5299//5359
f 5303//5362 5302//5363 5301//5360 5299//5359
f 5178//5227 5179//5226 5303//5362 5299//5359
f 5305//5364 5304//5365 5302//5363 5303//5362
f 5179//5226 5180//5231 5305//5364 5303//5362
f 5307//5366 5306//5367 5304//5365 5305//5364
f 5180//5231 5308//5368 5307//5366 5305//5364
f 5174//5237 5184//5236 5188//5242 5308//5368
f 5180//5231 5173//5230 5174//5237 5308//5368
f 5188//5242 5309//5369 5307//5366 5308//5368
f 5188//5242 5189//5241 5193//5247 5309//5369
f 5310//5370 5306//5367 5307//5366 5309//5369
f 5193//5247 5311//5371 5310//5370 5309//5369
f 5193//5247 5194//5246 5198//5252 5311//5371
f 5313//5372 5312//5373 5310//5370 5311//5371
f 5198//5252 5314//5374 5313//5372 5311//5371
f 5198//5252 5199//5251 5203//5257 5314//5374
f 5316//5375 5315//5376 5313//5372 5314//5374
f 5203//5257 5317//5377 5316//5375 5314//5374
f 5203//5257 5204//5256 5208//5262 5317//5377
f 5319//5378 5318//5379 5316//5375 5317//5377
f 5208//5262 5320//5380 5319//5378 5317//5377
f 5208//5262 5209//5261 5213//5267 5320//5380
f 5322//5381 5321//5382 5319//5378 5320//5380
f 5213//5267 5323//5383 5322//5381 5320//5380
f 5213//5267 5214//5266 5218//5272 5323//5383
f 5325//5384 5324//5385 5322//5381 5323//5383
f 5218//5272 5326//5386 5325//5384 5323//5383
f 5218//5272 5219//5271 5223//5277 5326//5386
f 5328//5387 5327//5388 5325//5384 5326//5386
f 5223//5277 5329//5389 5328//5387 5326//5386
f 5223//5277 5224//5276 5228//5282 5329//5389
f 5331//5390 5330//5391 5328//5387 5329//5389
f 5228//5282 5332//5392 5331//5390 5329//5389
f 5228//5282 5229//5281 5233//5287 5332//5392
f 624//649 623//648 5331//5390 5332//5392
f 5233//5287 625//650 624//649 5332//5392
f 5233//5287 5234//5286 523//541 625//650
f 5334//5393 5333//5394 626//652 627//651
f 526//545 5238//5292 5334//5393 627//651
f 5336//5395 5335//5396 5333//5394 5334//5397
f 5238//5295 5240//5294 5336//5395 5334//5397
f 5338//5398 5337//5399 5335//5396 5336//5400
f 5240//5299 5242//5298 5338//5398 5336//5400
f 5340//5401 5339//5402 5337//5399 5338//5398
f 5242//5298 5244//5302 5340//5401 5338//5398
f 5342//5403 5341//5404 5339//5402 5340//5401
f 5244//5302 5343//5405 5342//5403 5340//5401
f 5345//5406 5344//5407 5342//5403 5343//5405
f 5247//5305 5346//5408 5345//5406 5343//5405
f 5244//5302 5245//5301 5247//5305 5343//5405
f 5348//5409 5347//5410 5345//5406 5346//5408
f 5350//5411 5349//5412 5348//5409 5346//5408
f 5247//5305 5248//5304 5350//5411 5346//5408
f 5352//5413 5351//5414 5349//5412 5350//5411
f 5248//5304 5249//5307 5352//5413 5350//5411
f 5255//5313 5353//5415 5351//5414 5352//5413
f 5249//5307 5251//5309 5255//5313 5352//5413
f 5355//5416 5354//5417 5351//5414 5353//5415
f 5258//5316 5165//5216 5355//5416 5353//5415
f 5255//5313 5256//5312 5258//5316 5353//5415
f 5357//5418 5356//5419 5354//5417 5355//5416
f 5165//5216 5166//5215 5357//5418 5355//5416
f 5359//5420 5358//5421 5356//5419 5357//5418
f 5166//5215 5360//5422 5359//5420 5357//5418
f 5362//5423 5361//5424 5359//5420 5360//5422
f 5162//5224 5170//5223 5362//5423 5360//5422
f 5166//5215 4826//5214 5162//5213 5360//5422
f 5364//5425 5363//5426 5361//5424 5362//5423
f 5170//5223 5365//5427 5364//5425 5362//5423
f 5367//5428 5366//5429 5364//5425 5365//5427
f 5369//5430 5368//5431 5367//5428 5365//5427
f 5170//5223 5171//5222 5369//5430 5365//5427
f 5371//5432 5370//5433 5368//5431 5369//5430
f 5171//5222 5172//5225 5371//5432 5369//5430
f 5373//5434 5372//5435 5370//5433 5371//5432
f 5172//5225 5374//5436 5373//5434 5371//5432
f 5376//5437 5375//5438 5373//5434 5374//5436
f 5169//5221 5377//5439 5376//5437 5374//5436
f 5172//5225 5163//5211 5169//5221 5374//5436
f 5379//5440 5378//5441 5376//5437 5377//5439
f 5381//5442 5380//5443 5379//5440 5377//5439
f 5169//5221 5167//5220 5381//5442 5377//5439
f 5382//5444 5267//5325 5380//5445 5381//5446
f 5167//5219 5168//5218 5382//5444 5381//5446
f 5262//5320 5264//5322 5267//5325 5382//5444
f 5168//5218 5260//5318 5262//5320 5382//5444
f 5270//5447 5383//5448 5379//5440 5380//5443
f 5267//5325 5268//5324 5270//5328 5380//5445
f 5384//5449 5378//5441 5379//5440 5383//5448
f 5273//5331 5385//5450 5384//5449 5383//5448
f 5270//5447 5271//5332 5273//5331 5383//5448
f 5387//5451 5386//5452 5384//5449 5385//5450
f 5276//5337 5388//5453 5387//5451 5385//5450
f 5273//5331 5274//5330 5276//5337 5385//5450
f 5390//5454 5389//5455 5387//5451 5388//5453
f 5279//5340 5391//5456 5390//5454 5388//5453
f 5276//5337 5277//5336 5279//5340 5388//5453
f 5393//5457 5392//5458 5390//5454 5391//5456
f 5282//5343 5394//5459 5393//5457 5391//5456
f 5279//5340 5280//5339 5282//5343 5391//5456
f 5396//5460 5395//5461 5393//5457 5394//5459
f 5285//5346 5397//5462 5396//5460 5394//5459
f 5282//5343 5283//5342 5285//5346 5394//5459
f 5399//5463 5398//5464 5396//5460 5397//5462
f 5288//5349 5400//5465 5399//5463 5397//5462
f 5285//5346 5286//5345 5288//5349 5397//5462
f 5402//5466 5401//5467 5399//5463 5400//5465
f 5291//5352 5403//5468 5402//5466 5400//5465
f 5288//5349 5289//5348 5291//5352 5400//5465
f 5405//5469 5404//5470 5402//5466 5403//5468
f 5294//5355 5406//5471 5405//5469 5403//5468
f 5291//5352 5292//5351 5294//5355 5403//5468
f 5408//5472 5407//5473 5405//5469 5406//5471
f 5297//5358 5409//5474 5408//5472 5406//5471
f 5294//5355 5295//5354 5297//5358 5406//5471
f 5411//5475 5410//5476 5408//5472 5409//5474
f 5300//5361 5412//5477 5411//5475 5409//5474
f 5297//5358 5298//5357 5300//5361 5409//5474
f 5414//5478 5413//5479 5411//5475 5412//5477
f 5416//5480 5415//5481 5414//5478 5412//5477
f 5300//5361 5301//5360 5416//5480 5412//5477
f 5418//5482 5417//5483 5415//5481 5416//5480
f 5301//5360 5302//5363 5418//5482 5416//5480
f 5420//5484 5419//5485 5417//5483 5418//5482
f 5302//5363 5304//5365 5420//5484 5418//5482
f 5422//5486 5421//5487 5419//5485 5420//5484
f 5304//5365 5306//5367 5422//5486 5420//5484
f 5306//5367 5310//5370 5312//5373 5422//5486
f 5312//5373 5423//5488 5421//5487 5422//5486
f 5312//5373 5313//5372 5315//5376 5423//5488
f 5425//5489 5424//5490 5421//5487 5423//5488
f 5315//5376 5426//5491 5425//5489 5423//5488
f 5315//5376 5316//5375 5318//5379 5426//5491
f 5428//5492 5427//5493 5425//5489 5426//5491
f 5318//5379 5429//5494 5428//5492 5426//5491
f 5318//5379 5319//5378 5321//5382 5429//5494
f 5431//5495 5430//5496 5428//5492 5429//5494
f 5321//5382 5432//5497 5431//5495 5429//5494
f 5321//5382 5322//5381 5324//5385 5432//5497
f 5434//5498 5433//5499 5431//5495 5432//5497
f 5324//5385 5435//5500 5434//5498 5432//5497
f 5324//5385 5325//5384 5327//5388 5435//5500
f 4871//4845 4872//4844 5434//5498 5435//5500
f 5327//5388 4873//4846 4871//4845 5435//5500
f 4872//4844 5436//5501 5433//5499 5434//5498
f 5438//5502 5437//5503 5433//5499 5436//5501
f 735//765 734//764 5438//5502 5436//5501
f 4872//4844 141//76 735//765 5436//5501
f 5330//5391 5331//5390 623//648 736//766
f 142//77 4873//4846 5330//5391 736//766
f 5440//5504 5439//5505 737//768 738//767
f 626//652 5333//5394 5440//5504 738//767
f 5442//5506 5441//5507 5439//5505 5440//5504
f 5333//5394 5335//5396 5442//5506 5440//5504
f 5444//5508 5443//5509 5441//5507 5442//5506
f 5335//5396 5337//5399 5444//5508 5442//5506
f 5446//5510 5445//5511 5443//5509 5444//5508
f 5337//5399 5339//5402 5446//5510 5444//5508
f 5448//5512 5447//5513 5445//5511 5446//5510
f 5339//5402 5341//5404 5448//5512 5446//5510
f 5450//5514 5449//5515 5447//5513 5448//5512
f 5341//5404 5451//5516 5450//5514 5448//5512
f 5453//5517 5452//5518 5450//5514 5451//5516
f 5344//5407 5454//5519 5453//5517 5451//5516
f 5341//5404 5342//5403 5344//5407 5451//5516
f 5456//5520 5455//5521 5453//5517 5454//5519
f 5347//5410 5457//5522 5456//5520 5454//5519
f 5344//5407 5345//5406 5347//5410 5454//5519
f 5459//5523 5458//5524 5456//5520 5457//5522
f 5461//5525 5460//5526 5459//5523 5457//5522
f 5347//5410 5348//5409 5461//5525 5457//5522
f 5463//5527 5462//5528 5460//5526 5461//5525
f 5348//5409 5349//5412 5463//5527 5461//5525
f 5354//5417 5356//5419 5462//5528 5463//5527
f 5349//5412 5351//5414 5354//5417 5463//5527
f 5465//5529 5464//5530 5460//5526 5462//5528
f 5356//5419 5358//5421 5465//5529 5462//5528
f 5467//5531 5466//5532 5464//5530 5465//5529
f 5358//5421 5468//5533 5467//5531 5465//5529
f 5470//5534 5469//5535 5467//5536 5468//5533
f 5361//5424 5363//5426 5470//5534 5468//5533
f 5358//5421 5359//5420 5361//5424 5468//5533
f 5472//5537 5471//5538 5469//5535 5470//5534
f 5363//5426 5473//5539 5472//5537 5470//5534
f 5475//5540 5474//5541 5472//5537 5473//5539
f 5366//5429 5476//5542 5475//5540 5473//5539
f 5363//5426 5364//5425 5366//5429 5473//5539
f 5478//5543 5477//5544 5475//5540 5476//5542
f 5480//5545 5479//5546 5478//5543 5476//5542
f 5366//5429 5367//5428 5480//5545 5476//5542
f 5482//5547 5481//5548 5479//5546 5480//5545
f 5367//5428 5368//5431 5482//5547 5480//5545
f 5484//5549 5483//5550 5481//5548 5482//5547
f 5368//5431 5370//5433 5484//5549 5482//5547
f 5486//5551 5485//5552 5483//5550 5484//5549
f 5370//5433 5372//5435 5486//5551 5484//5549
f 5488//5553 5487//5554 5485//5552 5486//5551
f 5372//5435 5489//5555 5488//5553 5486//5551
f 5491//5556 5490//5557 5488//5553 5489//5555
f 5375//5438 5492//5558 5491//5556 5489//5555
f 5372//5435 5373//5434 5375//5438 5489//5555
f 5386//5452 5493//5559 5491//5556 5492//5558
f 5378//5441 5384//5449 5386//5452 5492//5558
f 5375//5438 5376//5437 5378//5441 5492//5558
f 5494//5560 5490//5557 5491//5556 5493//5559
f 5389//5455 5495//5561 5494//5560 5493//5559
f 5386//5452 5387//5451 5389//5455 5493//5559
f 5497//5562 5496//5563 5494//5560 5495//5561
f 5392//5458 5498//5564 5497//5562 5495//5561
f 5389//5455 5390//5454 5392//5458 5495//5561
f 5500//5565 5499//5566 5497//5562 5498//5564
f 5395//5461 5501//5567 5500//5565 5498//5564
f 5392//5458 5393//5457 5395//5461 5498//5564
f 5503//5568 5502//5569 5500//5565 5501//5567
f 5398//5464 5504//5570 5503//5568 5501//5567
f 5395//5461 5396//5460 5398//5464 5501//5567
f 5506//5571 5505//5572 5503//5568 5504//5570
f 5401//5467 5507//5573 5506//5571 5504//5570
f 5398//5464 5399//5463 5401//5467 5504//5570
f 5509//5574 5508//5575 5506//5571 5507//5573
f 5404//5470 5510//5576 5509//5574 5507//5573
f 5401//5467 5402//5466 5404//5470 5507//5573
f 5512//5577 5511//5578 5509//5574 5510//5576
f 5407//5473 5513//5579 5512//5577 5510//5576
f 5404//5470 5405//5469 5407//5473 5510//5576
f 5515//5580 5514//5581 5512//5577 5513//5579
f 5410//5476 5516//5582 5515//5580 5513//5579
f 5407//5473 5408//5472 5410//5476 5513//5579
f 5518//5583 5517//5584 5515//5580 5516//5582
f 5413//5479 5519//5585 5518//5583 5516//5582
f 5410//5476 5411//5475 5413//5479 5516//5582
f 5521//5586 5520//5587 5518//5583 5519//5585
f 5523//5588 5522//5589 5521//5586 5519//5585
f 5413//5479 5414//5478 5523//5588 5519//5585
f 5525//5590 5524//5591 5522//5589 5523//5588
f 5414//5478 5415//5481 5525//5590 5523//5588
f 5527//5592 5526//5593 5524//5591 5525//5590
f 5415//5481 5417//5483 5527//5592 5525//5590
f 5529//5594 5528//5595 5526//5593 5527//5592
f 5417//5483 5419//5485 5529//5594 5527//5592
f 5424//5490 5530//5596 5528//5595 5529//5594
f 5419//5485 5421//5487 5424//5490 5529//5594
f 5424//5490 5425//5489 5427//5493 5530//5596
f 5532//5597 5531//5598 5528//5595 5530//5596
f 5427//5493 5533//5599 5532//5597 5530//5596
f 5427//5493 5428//5492 5430//5496 5533//5599
f 5535//5600 5534//5601 5532//5597 5533//5599
f 5430//5496 5437//5503 5535//5600 5533//5599
f 5537//5602 5536//5603 5534//5601 5535//5600
f 5437//5503 5438//5502 5537//5602 5535//5600
f 839//870 838//869 5536//5603 5537//5602
f 5438//5502 734//764 839//870 5537//5602
f 5539//5604 5538//5605 840//872 841//871
f 737//768 5439//5505 5539//5604 841//871
f 5541//5606 5540//5607 5538//5605 5539//5604
f 5439//5505 5441//5507 5541//5606 5539//5604
f 5543//5608 5542//5609 5540//5607 5541//5606
f 5441//5507 5443//5509 5543//5608 5541//5606
f 5545//5610 5544//5611 5542//5609 5543//5608
f 5443//5509 5445//5511 5545//5610 5543//5608
f 5547//5612 5546//5613 5544//5611 5545//5610
f 5445//5511 5447//5513 5547//5612 5545//5610
f 5549//5614 5548//5615 5546//5613 5547//5612
f 5447//5513 5449//5515 5549//5614 5547//5612
f 5551//5616 5550//5617 5548//5615 5549//5614
f 5449//5515 5552//5618 5551//5616 5549//5614
f 5554//5619 5553//5620 5551//5616 5552//5618
f 5452//5518 5555//5621 5554//5619 5552//5618
f 5449//5515 5450//5514 5452//5518 5552//5618
f 5557//5622 5556//5623 5554//5619 5555//5621
f 5455//5521 5558//5624 5557//5622 5555//5621
f 5452//5518 5453//5517 5455//5521 5555//5621
f 5560//5625 5559//5626 5557//5622 5558//5624
f 5458//5524 5561//5627 5560//5625 5558//5624
f 5455//5521 5456//5520 5458//5524 5558//5624
f 5563//5628 5562//5629 5560//5625 5561//5627
f 5565//5630 5564//5631 5563//5628 5561//5627
f 5458//5524 5459//5523 5565//5630 5561//5627
f 5464//5530 5466//5532 5564//5631 5565//5630
f 5459//5523 5460//5526 5464//5530 5565//5630
f 5567//5632 5566//5633 5563//5628 5564//5631
f 5466//5634 5568//5635 5567//5632 5564//5631
f 5570//5538 5569//5636 5567//5632 5568//5635
f 5469//5535 5471//5538 5570//5538 5568//5635
f 5466//5634 5467//5536 5469//5535 5568//5635
f 5572//5637 5571//5638 5569//5636 5570//5538
f 5471//5538 5573//5639 5572//5637 5570//5538
f 5575//5640 5574//5641 5572//5637 5573//5639
f 5474//5541 5576//5642 5575//5640 5573//5639
f 5471//5538 5472//5537 5474//5541 5573//5639
f 5578//5643 5577//5644 5575//5640 5576//5642
f 5477//5544 5579//5645 5578//5643 5576//5642
f 5474//5541 5475//5540 5477//5544 5576//5642
f 5581//5646 5580//5647 5578//5643 5579//5645
f 5583//5648 5582//5649 5581//5646 5579//5645
f 5477//5544 5478//5543 5583//5648 5579//5645
f 5585//5650 5584//5651 5582//5649 5583//5648
f 5478//5543 5479//5546 5585//5650 5583//5648
f 5587//5652 5586//5653 5584//5651 5585//5650
f 5479//5546 5481//5548 5587//5652 5585//5650
f 5589//5654 5588//5655 5586//5653 5587//5652
f 5481//5548 5483//5550 5589//5654 5587//5652
f 5591//5656 5590//5657 5588//5655 5589//5654
f 5483//5550 5485//5552 5591//5656 5589//5654
f 5593//5658 5592//5659 5590//5657 5591//5656
f 5485//5552 5487//5554 5593//5658 5591//5656
f 5595//5660 5594//5661 5592//5659 5593//5658
f 5487//5554 5596//5662 5595//5660 5593//5658
f 5496//5563 5597//5663 5595//5660 5596//5662
f 5490//5557 5494//5560 5496//5563 5596//5662
f 5487//5554 5488//5553 5490//5557 5596//5662
f 5598//5664 5594//5661 5595//5660 5597//5663
f 5499//5566 5599//5665 5598//5664 5597//5663
f 5496//5563 5497//5562 5499//5566 5597//5663
f 5601//5666 5600//5667 5598//5664 5599//5665
f 5502//5569 5602//5668 5601//5666 5599//5665
f 5499//5566 5500//5565 5502//5569 5599//5665
f 5604//5669 5603//5670 5601//5666 5602//5668
f 5505//5572 5605//5671 5604//5669 5602//5668
f 5502//5569 5503//5568 5505//5572 5602//5668
f 5607//5672 5606//5673 5604//5669 5605//5671
f 5508//5575 5608//5674 5607//5672 5605//5671
f 5505//5572 5506//5571 5508//5575 5605//5671
f 5610//5675 5609//5676 5607//5672 5608//5674
f 5511//5578 5611//5677 5610//5675 5608//5674
f 5508//5575 5509//5574 5511//5578 5608//5674
f 5613//5678 5612//5679 5610//5675 5611//5677
f 5514//5581 5614//5680 5613//5678 5611//5677
f 5511//5578 5512//5577 5514//5581 5611//5677
f 5616//5681 5615//5682 5613//5678 5614//5680
f 5517//5584 5617//5683 5616//5681 5614//5680
f 5514//5581 5515//5580 5517//5584 5614//5680
f 5619//5684 5618//5685 5616//5681 5617//5683
f 5520//5587 5620//5686 5619//5684 5617//5683
f 5517//5584 5518//5583 5520//5587 5617//5683
f 5622//5687 5621//5688 5619//5684 5620//5686
f 5624//5689 5623//5690 5622//5687 5620//5686
f 5520//5587 5521//5586 5624//5689 5620//5686
f 5626//5691 5625//5692 5623//5690 5624//5689
f 5521//5586 5522//5589 5626//5691 5624//5689
f 5628//5693 5627//5694 5625//5692 5626//5691
f 5522//5589 5524//5591 5628//5693 5626//5691
f 5630//5695 5629//5696 5627//5694 5628//5693
f 5524//5591 5526//5593 5630//5695 5628//5693
f 5531//5598 5631//5697 5629//5696 5630//5695
f 5526//5593 5528//5595 5531//5598 5630//5695
f 5633//5698 5632//5699 5629//5696 5631//5697
f 5534//5601 5536//5603 5633//5698 5631//5697
f 5531//5598 5532//5597 5534//5601 5631//5697
f 939//970 938//969 5632//5699 5633//5698
f 5536//5603 838//869 939//970 5633//5698
f 5635//5700 5634//5701 940//972 941//971
f 840//872 5538//5605 5635//5700 941//971
f 5637//5702 5636//5703 5634//5701 5635//5700
f 5538//5605 5540//5607 5637//5702 5635//5700
f 5639//5704 5638//5705 5636//5703 5637//5702
f 5540//5607 5542//5609 5639//5704 5637//5702
f 5641//5706 5640//5707 5638//5705 5639//5704
f 5542//5609 5544//5611 5641//5706 5639//5704
f 5643//5708 5642//5709 5640//5707 5641//5706
f 5544//5611 5546//5613 5643//5708 5641//5706
f 5645//5710 5644//5711 5642//5709 5643//5708
f 5546//5613 5548//5615 5645//5710 5643//5708
f 5647//5712 5646//5713 5644//5711 5645//5710
f 5548//5615 5550//5617 5647//5712 5645//5710
f 5649//5714 5648//5715 5646//5713 5647//5712
f 5550//5617 5650//5716 5649//5714 5647//5712
f 5652//5717 5651//5718 5649//5714 5650//5716
f 5553//5620 5653//5719 5652//5717 5650//5716
f 5550//5617 5551//5616 5553//5620 5650//5716
f 5655//5720 5654//5721 5652//5717 5653//5719
f 5556//5623 5656//5722 5655//5720 5653//5719
f 5553//5620 5554//5619 5556//5623 5653//5719
f 5658//5723 5657//5724 5655//5720 5656//5722
f 5559//5626 5659//5725 5658//5723 5656//5722
f 5556//5623 5557//5622 5559//5626 5656//5722
f 5661//5726 5660//5727 5658//5723 5659//5725
f 5562//5629 5662//5728 5661//5726 5659//5725
f 5559//5626 5560//5625 5562//5629 5659//5725
f 5664//5729 5663//5730 5661//5726 5662//5728
f 5566//5633 5665//5731 5664//5729 5662//5728
f 5562//5629 5563//5628 5566//5633 5662//5728
f 5667//5732 5666//5733 5664//5729 5665//5731
f 5569//5636 5571//5638 5667//5732 5665//5731
f 5566//5633 5567//5632 5569//5636 5665//5731
f 5669//5734 5668//5735 5666//5733 5667//5732
f 5571//5638 5670//5736 5669//5734 5667//5732
f 5672//5737 5671//5738 5669//5734 5670//5736
f 5574//5641 5673//5739 5672//5737 5670//5736
f 5571//5638 5572//5637 5574//5641 5670//5736
f 5675//5740 5674//5741 5672//5737 5673//5739
f 5577//5644 5676//5742 5675//5740 5673//5739
f 5574//5641 5575//5640 5577//5644 5673//5739
f 5678//5743 5677//5744 5675//5740 5676//5742
f 5580//5647 5679//5745 5678//5743 5676//5742
f 5577//5644 5578//5643 5580//5647 5676//5742
f 5681//5746 5680//5747 5678//5743 5679//5745
f 5683//5748 5682//5749 5681//5746 5679//5745
f 5580//5647 5581//5646 5683//5748 5679//5745
f 5685//5750 5684//5751 5682//5749 5683//5748
f 5581//5646 5582//5649 5685//5750 5683//5748
f 5687//5752 5686//5753 5684//5751 5685//5750
f 5582//5649 5584//5651 5687//5752 5685//5750
f 5689//5754 5688//5755 5686//5753 5687//5752
f 5584//5651 5586//5653 5689//5754 5687//5752
f 5691//5756 5690//5757 5688//5755 5689//5754
f 5586//5653 5588//5655 5691//5756 5689//5754
f 5693//5758 5692//5759 5690//5757 5691//5756
f 5588//5655 5590//5657 5693//5758 5691//5756
f 5695//5760 5694//5761 5692//5759 5693//5758
f 5590//5657 5592//5659 5695//5760 5693//5758
f 5697//5762 5696//5763 5694//5761 5695//5760
f 5592//5659 5594//5661 5697//5762 5695//5760
f 5600//5667 5698//5764 5696//5763 5697//5762
f 5594//5661 5598//5664 5600//5667 5697//5762
f 5700//5765 5699//5766 5696//5763 5698//5764
f 5603//5670 5701//5767 5700//5765 5698//5764
f 5600//5667 5601//5666 5603//5670 5698//5764
f 5703//5768 5702//5769 5700//5765 5701//5767
f 5606//5673 5704//5770 5703//5768 5701//5767
f 5603//5670 5604//5669 5606//5673 5701//5767
f 5706//5771 5705//5772 5703//5768 5704//5770
f 5609//5676 5707//5773 5706//5771 5704//5770
f 5606//5673 5607//5672 5609//5676 5704//5770
f 5709//5774 5708//5775 5706//5771 5707//5773
f 5612//5679 5710//5776 5709//5774 5707//5773
f 5609//5676 5610//5675 5612//5679 5707//5773
f 5712//5777 5711//5778 5709//5774 5710//5776
f 5615//5682 5713//5779 5712//5777 5710//5776
f 5612//5679 5613//5678 5615//5682 5710//5776
f 5715//5780 5714//5781 5712//5777 5713//5779
f 5618//5685 5716//5782 5715//5780 5713//5779
f 5615//5682 5616//5681 5618//5685 5713//5779
f 5718//5783 5717//5784 5715//5780 5716//5782
f 5621//5688 5719//5785 5718//5783 5716//5782
f 5618//5685 5619//5684 5621//5688 5716//5782
f 1029//1060 1028//1059 5718//5783 5719//5785
f 5720//5786 1030//1061 1029//1060 5719//5785
f 5621//5688 5622//5687 5720//5786 5719//5785
f 5721//5787 1032//1063 1030//1061 5720//5786
f 5622//5687 5623//5690 5721//5787 5720//5786
f 5722//5788 1034//1065 1032//1063 5721//5787
f 5623//5690 5625//5692 5722//5788 5721//5787
f 5723//5789 1036//1067 1034//1065 5722//5788
f 5625//5692 5627//5694 5723//5789 5722//5788
f 5632//5699 938//969 1036//1067 5723//5789
f 5627//5694 5629//5696 5632//5699 5723//5789
f 5725//5790 5724//5791 1038//1070 1039//1069
f 940//972 5634//5701 5725//5790 1039//1069
f 5727//5792 5726//5793 5724//5791 5725//5790
f 5634//5701 5636//5703 5727//5792 5725//5790
f 5729//5794 5728//5795 5726//5793 5727//5792
f 5636//5703 5638//5705 5729//5794 5727//5792
f 5731//5796 5730//5797 5728//5795 5729//5794
f 5638//5705 5640//5707 5731//5796 5729//5794
f 5733//5798 5732//5799 5730//5797 5731//5796
f 5640//5707 5642//5709 5733//5798 5731//5796
f 5735//5800 5734//5801 5732//5799 5733//5798
f 5642//5709 5644//5711 5735//5800 5733//5798
f 5737//5802 5736//5803 5734//5801 5735//5800
f 5644//5711 5646//5713 5737//5802 5735//5800
f 5739//5804 5738//5805 5736//5803 5737//5802
f 5646//5713 5648//5715 5739//5804 5737//5802
f 5741//5806 5740//5807 5738//5805 5739//5804
f 5648//5715 5742//5808 5741//5806 5739//5804
f 5744//5809 5743//5810 5741//5806 5742//5808
f 5651//5718 5745//5811 5744//5809 5742//5808
f 5648//5715 5649//5714 5651//5718 5742//5808
f 5747//5812 5746//5813 5744//5809 5745//5811
f 5654//5721 5748//5814 5747//5812 5745//5811
f 5651//5718 5652//5717 5654//5721 5745//5811
f 5750//5815 5749//5816 5747//5812 5748//5814
f 5657//5724 5751//5817 5750//5815 5748//5814
f 5654//5721 5655//5720 5657//5724 5748//5814
f 5753//5818 5752//5819 5750//5815 5751//5817
f 5660//5727 5754//5820 5753//5818 5751//5817
f 5657//5724 5658//5723 5660//5727 5751//5817
f 5756//5821 5755//5822 5753//5818 5754//5820
f 5663//5730 5757//5823 5756//5821 5754//5820
f 5660//5727 5661//5726 5663//5730 5754//5820
f 5759//5824 5758//5825 5756//5821 5757//5823
f 5666//5733 5668//5735 5759//5824 5757//5823
f 5663//5730 5664//5729 5666//5733 5757//5823
f 5761//5826 5760//5827 5758//5825 5759//5824
f 5668//5735 5762//5828 5761//5826 5759//5824
f 5764//5829 5763//5830 5761//5826 5762//5828
f 5671//5738 5765//5831 5764//5829 5762//5828
f 5668//5735 5669//5734 5671//5738 5762//5828
f 5767//5832 5766//5833 5764//5829 5765//5831
f 5674//5741 5768//5834 5767//5832 5765//5831
f 5671//5738 5672//5737 5674//5741 5765//5831
f 5770//5835 5769//5836 5767//5832 5768//5834
f 5677//5744 5771//5837 5770//5835 5768//5834
f 5674//5741 5675//5740 5677//5744 5768//5834
f 5773//5838 5772//5839 5770//5835 5771//5837
f 5680//5747 5774//5840 5773//5838 5771//5837
f 5677//5744 5678//5743 5680//5747 5771//5837
f 5776//5841 5775//5842 5773//5838 5774//5840
f 5778//5843 5777//5844 5776//5841 5774//5840
f 5680//5747 5681//5746 5778//5843 5774//5840
f 5780//5845 5779//5846 5777//5844 5778//5843
f 5681//5746 5682//5749 5780//5845 5778//5843
f 5782//5847 5781//5848 5779//5846 5780//5845
f 5682//5749 5684//5751 5782//5847 5780//5845
f 5784//5849 5783//5850 5781//5848 5782//5847
f 5684//5751 5686//5753 5784//5849 5782//5847
f 5786//5851 5785//5852 5783//5850 5784//5849
f 5686//5753 5688//5755 5786//5851 5784//5849
f 5788//5853 5787//5854 5785//5852 5786//5851
f 5688//5755 5690//5757 5788//5853 5786//5851
f 5790//5855 5789//5856 5787//5854 5788//5853
f 5690//5757 5692//5759 5790//5855 5788//5853
f 5792//5857 5791//5858 5789//5856 5790//5855
f 5692//5759 5694//5761 5792//5857 5790//5855
f 5699//5766 5793//5859 5791//5858 5792//5857
f 5694//5761 5696//5763 5699//5766 5792//5857
f 5795//5860 5794//5861 5791//5858 5793//5859
f 5702//5769 5796//5862 5795//5860 5793//5859
f 5699//5766 5700//5765 5702//5769 5793//5859
f 5798//5863 5797//5864 5795//5860 5796//5862
f 5705//5772 5799//5865 5798//5863 5796//5862
f 5702//5769 5703//5768 5705//5772 5796//5862
f 5801//5866 5800//5867 5798//5863 5799//5865
f 5708//5775 5802//5868 5801//5866 5799//5865
f 5705//5772 5706//5771 5708//5775 5799//5865
f 5804//5869 5803//5870 5801//5866 5802//5868
f 5711//5778 5805//5871 5804//5869 5802//5868
f 5708//5775 5709//5774 5711//5778 5802//5868
f 5807//5872 5806//5873 5804//5869 5805//5871
f 5714//5781 5808//5874 5807//5872 5805//5871
f 5711//5778 5712//5777 5714//5781 5805//5871
f 1126//1157 1125//1156 5807//5872 5808//5874
f 5717//5784 1127//1158 1126//1157 5808//5874
f 5714//5781 5715//5780 5717//5784 5808//5874
f 5717//5784 5718//5783 1028//1059 1127//1158
f 5810//5875 5809//5876 1128//1160 1129//1159
f 1038//1070 5724//5791 5810//5875 1129//1159
f 5812//5877 5811//5878 5809//5876 5810//5875
f 5724//5791 5726//5793 5812//5877 5810//5875
f 5814//5879 5813//5880 5811//5878 5812//5877
f 5726//5793 5728//5795 5814//5879 5812//5877
f 5816//5881 5815//5882 5813//5880 5814//5879
f 5728//5795 5730//5797 5816//5881 5814//5879
f 5818//5883 5817//5884 5815//5882 5816//5881
f 5730//5797 5732//5799 5818//5883 5816//5881
f 5820//5885 5819//5886 5817//5884 5818//5883
f 5732//5799 5734//5801 5820//5885 5818//5883
f 5822//5887 5821//5888 5819//5886 5820//5885
f 5734//5801 5736//5803 5822//5887 5820//5885
f 5824//5889 5823//5890 5821//5888 5822//5887
f 5736//5803 5738//5805 5824//5889 5822//5887
f 5826//5891 5825//5892 5823//5890 5824//5889
f 5738//5805 5740//5807 5826//5891 5824//5889
f 5828//5893 5827//5894 5825//5892 5826//5891
f 5740//5807 5829//5895 5828//5893 5826//5891
f 5831//5896 5830//5897 5828//5893 5829//5895
f 5743//5810 5832//5898 5831//5896 5829//5895
f 5740//5807 5741//5806 5743//5810 5829//5895
f 5834//5899 5833//5900 5831//5896 5832//5898
f 5746//5813 5835//5901 5834//5899 5832//5898
f 5743//5810 5744//5809 5746//5813 5832//5898
f 5837//5902 5836//5903 5834//5899 5835//5901
f 5749//5816 5838//5904 5837//5902 5835//5901
f 5746//5813 5747//5812 5749//5816 5835//5901
f 5840//5905 5839//5906 5837//5902 5838//5904
f 5752//5819 5841//5907 5840//5905 5838//5904
f 5749//5816 5750//5815 5752//5819 5838//5904
f 5843//5908 5842//5909 5840//5905 5841//5907
f 5755//5822 5844//5910 5843//5908 5841//5907
f 5752//5819 5753//5818 5755//5822 5841//5907
f 5846//5911 5845//5912 5843//5908 5844//5910
f 5758//5825 5760//5827 5846//5911 5844//5910
f 5755//5822 5756//5821 5758//5825 5844//5910
f 5848//5913 5847//5914 5845//5912 5846//5911
f 5760//5827 5849//5915 5848//5913 5846//5911
f 5851//5916 5850//5917 5848//5913 5849//5915
f 5763//5830 5852//5918 5851//5916 5849//5915
f 5760//5827 5761//5826 5763//5830 5849//5915
f 5854//5919 5853//5920 5851//5916 5852//5918
f 5766//5833 5855//5921 5854//5919 5852//5918
f 5763//5830 5764//5829 5766//5833 5852//5918
f 5857//5922 5856//5923 5854//5919 5855//5921
f 5769//5836 5858//5924 5857//5922 5855//5921
f 5766//5833 5767//5832 5769//5836 5855//5921
f 5860//5925 5859//5926 5857//5922 5858//5924
f 5772//5839 5861//5927 5860//5925 5858//5924
f 5769//5836 5770//5835 5772//5839 5858//5924
f 5863//5928 5862//5929 5860//5925 5861//5927
f 5775//5842 5864//5930 5863//5928 5861//5927
f 5772//5839 5773//5838 5775//5842 5861//5927
f 5866//5931 5865//5932 5863//5928 5864//5930
f 5868//5933 5867//5934 5866//5931 5864//5930
f 5775//5842 5776//5841 5868//5933 5864//5930
f 5870//5935 5869//5936 5867//5934 5868//5933
f 5776//5841 5777//5844 5870//5935 5868//5933
f 5872//5937 5871//5938 5869//5936 5870//5935
f 5777//5844 5779//5846 5872//5937 5870//5935
f 5874//5939 5873//5940 5871//5938 5872//5937
f 5779//5846 5781//5848 5874//5939 5872//5937
f 5876//5941 5875//5942 5873//5940 5874//5939
f 5781//5848 5783//5850 5876//5941 5874//5939
f 5878//5943 5877//5944 5875//5942 5876//5941
f 5783//5850 5785//5852 5878//5943 5876//5941
f 5880//5945 5879//5946 5877//5944 5878//5943
f 5785//5852 5787//5854 5880//5945 5878//5943
f 5882//5947 5881//5948 5879//5946 5880//5945
f 5787//5854 5789//5856 5882//5947 5880//5945
f 5794//5861 5883//5949 5881//5948 5882//5947
f 5789//5856 5791//5858 5794//5861 5882//5947
f 5885//5950 5884//5951 5881//5948 5883//5949
f 5797//5864 5886//5952 5885//5950 5883//5949
f 5794//5861 5795//5860 5797//5864 5883//5949
f 5888//5953 5887//5954 5885//5950 5886//5952
f 5800//5867 5889//5955 5888//5953 5886//5952
f 5797//5864 5798//5863 5800//5867 5886//5952
f 5891//5956 5890//5957 5888//5953 5889//5955
f 5803//5870 5892//5958 5891//5956 5889//5955
f 5800//5867 5801//5866 5803//5870 5889//5955
f 1215//1246 1214//1245 5891//5956 5892//5958
f 5806//5873 1216//1247 1215//1246 5892//5958
f 5803//5870 5804//5869 5806//5873 5892//5958
f 5806//5873 5807//5872 1125//1156 1216//1247
f 5894//5959 5893//5960 1217//1249 1218//1248
f 1128//1160 5809//5876 5894//5959 1218//1248
f 5896//5961 5895//5962 5893//5960 5894//5959
f 5809//5876 5811//5878 5896//5961 5894//5959
f 5898//5963 5897//5964 5895//5962 5896//5961
f 5811//5878 5813//5880 5898//5963 5896//5961
f 5900//5965 5899//5966 5897//5964 5898//5963
f 5813//5880 5815//5882 5900//5965 5898//5963
f 5902//5967 5901//5968 5899//5966 5900//5965
f 5815//5882 5817//5884 5902//5967 5900//5965
f 5904//5969 5903//5970 5901//5968 5902//5967
f 5817//5884 5819//5886 5904//5969 5902//5967
f 5906//5971 5905//5972 5903//5970 5904//5969
f 5819//5886 5821//5888 5906//5971 5904//5969
f 5908//5973 5907//5974 5905//5972 5906//5971
f 5821//5888 5823//5890 5908//5973 5906//5971
f 5910//5975 5909//5976 5907//5974 5908//5973
f 5823//5890 5825//5892 5910//5975 5908//5973
f 5912//5977 5911//5978 5909//5976 5910//5975
f 5825//5892 5827//5894 5912//5977 5910//5975
f 5914//5979 5913//5980 5911//5978 5912//5977
f 5827//5894 5915//5981 5914//5979 5912//5977
f 5917//5982 5916//5983 5914//5979 5915//5981
f 5830//5897 5918//5984 5917//5982 5915//5981
f 5827//5894 5828//5893 5830//5897 5915//5981
f 5920//5985 5919//5986 5917//5982 5918//5984
f 5833//5900 5921//5987 5920//5985 5918//5984
f 5830//5897 5831//5896 5833//5900 5918//5984
f 5923//5988 5922//5989 5920//5985 5921//5987
f 5836//5903 5924//5990 5923//5988 5921//5987
f 5833//5900 5834//5899 5836//5903 5921//5987
f 5926//5991 5925//5992 5923//5988 5924//5990
f 5839//5906 5927//5993 5926//5991 5924//5990
f 5836//5903 5837//5902 5839//5906 5924//5990
f 5929//5994 5928//5995 5926//5991 5927//5993
f 5842//5909 5930//5996 5929//5994 5927//5993
f 5839//5906 5840//5905 5842//5909 5927//5993
f 5932//5997 5931//5998 5929//5994 5930//5996
f 5845//5912 5847//5914 5932//5997 5930//5996
f 5842//5909 5843//5908 5845//5912 5930//5996
f 5934//5999 5933//6000 5931//5998 5932//5997
f 5847//5914 5935//6001 5934//5999 5932//5997
f 5937//6002 5936//6003 5934//5999 5935//6001
f 5850//5917 5938//6004 5937//6002 5935//6001
f 5847//5914 5848//5913 5850//5917 5935//6001
f 5940//6005 5939//6006 5937//6002 5938//6004
f 5853//5920 5941//6007 5940//6005 5938//6004
f 5850//5917 5851//5916 5853//5920 5938//6004
f 5943//6008 5942//6009 5940//6005 5941//6007
f 5856//5923 5944//6010 5943//6008 5941//6007
f 5853//5920 5854//5919 5856//5923 5941//6007
f 5946//6011 5945//6012 5943//6008 5944//6010
f 5859//5926 5947//6013 5946//6011 5944//6010
f 5856//5923 5857//5922 5859//5926 5944//6010
f 5949//6014 5948//6015 5946//6011 5947//6013
f 5862//5929 5950//6016 5949//6014 5947//6013
f 5859//5926 5860//5925 5862//5929 5947//6013
f 5952//6017 5951//6018 5949//6014 5950//6016
f 5865//5932 5953//6019 5952//6017 5950//6016
f 5862//5929 5863//5928 5865//5932 5950//6016
f 5955//6020 5954//6021 5952//6017 5953//6019
f 5957//6022 5956//6023 5955//6020 5953//6019
f 5865//5932 5866//5931 5957//6022 5953//6019
f 5959//6024 5958//6025 5956//6023 5957//6022
f 5866//5931 5867//5934 5959//6024 5957//6022
f 5961//6026 5960//6027 5958//6025 5959//6024
f 5867//5934 5869//5936 5961//6026 5959//6024
f 5963//6028 5962//6029 5960//6027 5961//6026
f 5869//5936 5871//5938 5963//6028 5961//6026
f 5965//6030 5964//6031 5962//6029 5963//6028
f 5871//5938 5873//5940 5965//6030 5963//6028
f 5967//6032 5966//6033 5964//6031 5965//6030
f 5873//5940 5875//5942 5967//6032 5965//6030
f 5969//6034 5968//6035 5966//6033 5967//6032
f 5875//5942 5877//5944 5969//6034 5967//6032
f 5971//6036 5970//6037 5968//6035 5969//6034
f 5877//5944 5879//5946 5971//6036 5969//6034
f 5884//5951 5972//6038 5970//6037 5971//6036
f 5879//5946 5881//5948 5884//5951 5971//6036
f 5974//6039 5973//6040 5970//6037 5972//6038
f 5887//5954 5975//6041 5974//6039 5972//6038
f 5884//5951 5885//5950 5887//5954 5972//6038
f 1303//1334 1302//1333 5974//6039 5975//6041
f 5890//5957 1304//1335 1303//1334 5975//6041
f 5887//5954 5888//5953 5890//5957 5975//6041
f 5890//5957 5891//5956 1214//1245 1304//1335
f 5977//6042 5976//6043 1316//1337 1317//1336
f 1217//1249 5893//5960 5977//6042 1317//1336
f 5979//6044 5978//6045 5976//6043 5977//6042
f 5893//5960 5895//5962 5979//6044 5977//6042
f 5981//6046 5980//6047 5978//6045 5979//6044
f 5895//5962 5897//5964 5981//6046 5979//6044
f 5983//6048 5982//6049 5980//6047 5981//6046
f 5897//5964 5899//5966 5983//6048 5981//6046
f 5985//6050 5984//6051 5982//6049 5983//6048
f 5899//5966 5901//5968 5985//6050 5983//6048
f 5987//6052 5986//6053 5984//6051 5985//6050
f 5901//5968 5903//5970 5987//6052 5985//6050
f 5989//6054 5988//6055 5986//6053 5987//6052
f 5903//5970 5905//5972 5989//6054 5987//6052
f 5991//6056 5990//6057 5988//6055 5989//6054
f 5905//5972 5907//5974 5991//6056 5989//6054
f 5993//6058 5992//6059 5990//6057 5991//6056
f 5907//5974 5909//5976 5993//6058 5991//6056
f 5995//6060 5994//6061 5992//6059 5993//6058
f 5909//5976 5911//5978 5995//6060 5993//6058
f 5997//6062 5996//6063 5994//6061 5995//6060
f 5911//5978 5913//5980 5997//6062 5995//6060
f 5999//6064 5998//6065 5996//6063 5997//6062
f 5913//5980 6000//6066 5999//6064 5997//6062
f 6002//6067 6001//6068 5999//6064 6000//6066
f 5916//5983 6003//6069 6002//6067 6000//6066
f 5913//5980 5914//5979 5916//5983 6000//6066
f 6005//6070 6004//6071 6002//6067 6003//6069
f 5919//5986 6006//6072 6005//6070 6003//6069
f 5916//5983 5917//5982 5919//5986 6003//6069
f 6008//6073 6007//6074 6005//6070 6006//6072
f 5922//5989 6009//6075 6008//6073 6006//6072
f 5919//5986 5920//5985 5922//5989 6006//6072
f 6011//6076 6010//6077 6008//6073 6009//6075
f 5925//5992 6012//6078 6011//6076 6009//6075
f 5922//5989 5923//5988 5925//5992 6009//6075
f 6014//6079 6013//6080 6011//6076 6012//6078
f 5928//5995 6015//6081 6014//6079 6012//6078
f 5925//5992 5926//5991 5928//5995 6012//6078
f 6017//6082 6016//6083 6014//6079 6015//6081
f 5931//5998 5933//6000 6017//6082 6015//6081
f 5928//5995 5929//5994 5931//5998 6015//6081
f 6019//6084 6018//6085 6016//6083 6017//6082
f 5933//6000 6020//6086 6019//6084 6017//6082
f 6022//6087 6021//6088 6019//6084 6020//6086
f 5936//6003 6023//6089 6022//6087 6020//6086
f 5933//6000 5934//5999 5936//6003 6020//6086
f 6025//6090 6024//6091 6022//6087 6023//6089
f 5939//6006 6026//6092 6025//6090 6023//6089
f 5936//6003 5937//6002 5939//6006 6023//6089
f 6028//6093 6027//6094 6025//6090 6026//6092
f 5942//6009 6029//6095 6028//6093 6026//6092
f 5939//6006 5940//6005 5942//6009 6026//6092
f 6031//6096 6030//6097 6028//6093 6029//6095
f 5945//6012 6032//6098 6031//6096 6029//6095
f 5942//6009 5943//6008 5945//6012 6029//6095
f 6034//6099 6033//6100 6031//6096 6032//6098
f 5948//6015 6035//6101 6034//6099 6032//6098
f 5945//6012 5946//6011 5948//6015 6032//6098
f 6037//6102 6036//6103 6034//6099 6035//6101
f 5951//6018 6038//6104 6037//6102 6035//6101
f 5948//6015 5949//6014 5951//6018 6035//6101
f 6040//6105 6039//6106 6037//6102 6038//6104
f 5954//6021 6041//6107 6040//6105 6038//6104
f 5951//6018 5952//6017 5954//6021 6038//6104
f 1314//1405 1315//1404 6040//6105 6041//6107
f 6042//6108 1313//1406 1314//1405 6041//6107
f 5954//6021 5955//6020 6042//6108 6041//6107
f 6043//6109 1312//1408 1313//1406 6042//6108
f 5955//6020 5956//6023 6043//6109 6042//6108
f 6044//6110 1311//1410 1312//1408 6043//6109
f 5956//6023 5958//6025 6044//6110 6043//6109
f 6045//6111 1310//1412 1311//1410 6044//6110
f 5958//6025 5960//6027 6045//6111 6044//6110
f 6046//6112 1309//1414 1310//1412 6045//6111
f 5960//6027 5962//6029 6046//6112 6045//6111
f 6047//6113 1308//1416 1309//1414 6046//6112
f 5962//6029 5964//6031 6047//6113 6046//6112
f 6048//6114 1307//1418 1308//1416 6047//6113
f 5964//6031 5966//6033 6048//6114 6047//6113
f 6049//6115 1306//1420 1307//1418 6048//6114
f 5966//6033 5968//6035 6049//6115 6048//6114
f 5973//6040 1305//1422 1306//1420 6049//6115
f 5968//6035 5970//6037 5973//6040 6049//6115
f 1315//1404 1392//1423 6039//6106 6040//6105
f 1393//1425 6050//6116 6039//6106 1392//1423
f 1393//1425 1396//1427 6051//6117 6050//6116
f 6036//6103 6037//6102 6039//6106 6050//6116
f 6051//6117 6052//6118 6036//6103 6050//6116
f 6051//6117 6054//6119 6053//6120 6052//6118
f 6033//6100 6034//6099 6036//6103 6052//6118
f 6053//6120 6055//6121 6033//6100 6052//6118
f 6053//6120 6057//6122 6056//6123 6055//6121
f 6030//6097 6031//6096 6033//6100 6055//6121
f 6056//6123 6058//6124 6030//6097 6055//6121
f 6056//6123 6060//6125 6059//6126 6058//6124
f 6027//6094 6028//6093 6030//6097 6058//6124
f 6059//6126 6061//6127 6027//6094 6058//6124
f 6059//6126 6063//6128 6062//6129 6061//6127
f 6024//6091 6025//6090 6027//6094 6061//6127
f 6062//6129 6064//6130 6024//6091 6061//6127
f 6062//6129 6066//6131 6065//6132 6064//6130
f 6021//6088 6022//6087 6024//6091 6064//6130
f 6065//6132 6067//6133 6021//6088 6064//6130
f 6065//6132 6069//6134 6068//6135 6067//6133
f 6018//6085 6019//6084 6021//6088 6067//6133
f 6068//6135 6070//6136 6018//6085 6067//6133
f 6068//6135 6072//6137 6071//6138 6070//6136
f 6073//6139 6016//6083 6018//6085 6070//6136
f 6071//6138 6074//6140 6073//6139 6070//6136
f 6071//6138 6076//6141 6075//6142 6074//6140
f 6077//6143 6013//6080 6073//6139 6074//6140
f 6075//6142 6078//6144 6077//6143 6074//6140
f 6075//6142 6080//6145 6079//6146 6078//6144
f 6081//6147 6010//6077 6077//6143 6078//6144
f 6079//6146 6082//6148 6081//6147 6078//6144
f 6079//6146 6084//6149 6083//6150 6082//6148
f 6085//6151 6007//6074 6081//6147 6082//6148
f 6083//6150 6086//6152 6085//6151 6082//6148
f 6083//6150 6088//6153 6087//6154 6086//6152
f 6089//6155 6004//6071 6085//6151 6086//6152
f 6087//6154 6090//6156 6089//6155 6086//6152
f 6087//6154 6092//6157 6091//6158 6090//6156
f 6093//6159 6001//6068 6089//6155 6090//6156
f 6091//6158 6094//6160 6093//6159 6090//6156
f 6091//6158 6096//6161 6095//6162 6094//6160
f 6097//6163 5998//6065 6093//6159 6094//6160
f 6095//6162 6098//6164 6097//6163 6094//6160
f 6095//6162 6100//6165 6099//6166 6098//6164
f 6102//6167 6101//6168 6097//6163 6098//6164
f 6099//6166 6103//6169 6102//6167 6098//6164
f 6099//6166 6105//6170 6104//6171 6103//6169
f 6107//6172 6106//6173 6102//6167 6103//6169
f 6104//6171 6108//6174 6107//6172 6103//6169
f 6104//6171 6110//6175 6109//6176 6108//6174
f 6112//6177 6111//6178 6107//6172 6108//6174
f 6109//6176 6113//6179 6112//6177 6108//6174
f 6109//6176 6115//6180 6114//6181 6113//6179
f 6117//6182 6116//6183 6112//6177 6113//6179
f 6114//6181 6118//6184 6117//6182 6113//6179
f 6114//6181 6120//6185 6119//6186 6118//6184
f 6122//6187 6121//6188 6117//6182 6118//6184
f 6119//6186 6123//6189 6122//6187 6118//6184
f 6119//6186 6125//6190 6124//6191 6123//6189
f 6127//6192 6126//6193 6122//6187 6123//6189
f 6124//6191 6128//6194 6127//6192 6123//6189
f 6124//6191 6130//6195 6129//6196 6128//6194
f 6132//6197 6131//6198 6127//6192 6128//6194
f 6129//6196 6133//6199 6132//6197 6128//6194
f 6129//6196 6135//6200 6134//6201 6133//6199
f 6137//6202 6136//6203 6132//6197 6133//6199
f 6134//6201 6138//6204 6137//6202 6133//6199
f 6134//6201 6140//6205 6139//6206 6138//6204
f 6142//6207 6141//6208 6137//6202 6138//6204
f 6139//6206 6143//6209 6142//6207 6138//6204
f 6139//6206 6145//6210 6144//6211 6143//6209
f 6147//6212 6146//6213 6142//6207 6143//6209
f 6144//6211 6148//6214 6147//6212 6143//6209
f 6144//6211 6150//6215 6149//6216 6148//6214
f 6152//6217 6151//6218 6147//6212 6148//6214
f 6149//6216 6153//6219 6152//6217 6148//6214
f 6149//6216 6155//6220 6154//6221 6153//6219
f 1502//1533 1501//1532 6152//6217 6153//6219
f 6154//6221 1503//1534 1502//1533 6153//6219
f 6154//6221 6156//6222 1504//650 1503//1534
f 6158//6223 6157//6224 4742//1537 4743//1536
f 1504//650 6156//6222 6158//6223 4743//1536
f 6160//6225 6159//6226 6157//6224 6158//6223
f 6156//6222 6161//6227 6160//6225 6158//6223
f 6163//6228 6162//6229 6160//6225 6161//6227
f 6155//6220 6164//6230 6163//6228 6161//6227
f 6156//6222 6154//6221 6155//6220 6161//6227
f 6166//6231 6165//6232 6163//6228 6164//6230
f 6150//6215 6167//6233 6166//6231 6164//6230
f 6155//6220 6149//6216 6150//6215 6164//6230
f 6169//6234 6168//6235 6166//6231 6167//6233
f 6145//6210 6170//6236 6169//6234 6167//6233
f 6150//6215 6144//6211 6145//6210 6167//6233
f 6172//6237 6171//6238 6169//6234 6170//6236
f 6140//6205 6173//6239 6172//6237 6170//6236
f 6145//6210 6139//6206 6140//6205 6170//6236
f 6175//6240 6174//6241 6172//6237 6173//6239
f 6135//6200 6176//6242 6175//6240 6173//6239
f 6140//6205 6134//6201 6135//6200 6173//6239
f 6178//6243 6177//6244 6175//6240 6176//6242
f 6130//6195 6179//6245 6178//6243 6176//6242
f 6135//6200 6129//6196 6130//6195 6176//6242
f 6181//6246 6180//6247 6178//6243 6179//6245
f 6125//6190 6182//6248 6181//6246 6179//6245
f 6130//6195 6124//6191 6125//6190 6179//6245
f 6184//6249 6183//6250 6181//6246 6182//6248
f 6120//6185 6185//6251 6184//6249 6182//6248
f 6125//6190 6119//6186 6120//6185 6182//6248
f 6187//6252 6186//6253 6184//6249 6185//6251
f 6115//6180 6188//6254 6187//6252 6185//6251
f 6120//6185 6114//6181 6115//6180 6185//6251
f 6190//6255 6189//6256 6187//6252 6188//6254
f 6110//6175 6191//6257 6190//6255 6188//6254
f 6115//6180 6109//6176 6110//6175 6188//6254
f 6193//6258 6192//6259 6190//6255 6191//6257
f 6105//6170 6194//6260 6193//6258 6191//6257
f 6110//6175 6104//6171 6105//6170 6191//6257
f 6196//6261 6195//6262 6193//6258 6194//6260
f 6100//6165 6197//6263 6196//6261 6194//6260
f 6105//6170 6099//6166 6100//6165 6194//6260
f 6199//6264 6198//6265 6196//6261 6197//6263
f 6096//6161 6200//6266 6199//6264 6197//6263
f 6100//6165 6095//6162 6096//6161 6197//6263
f 6202//6267 6201//6268 6199//6264 6200//6266
f 6092//6157 6203//6269 6202//6267 6200//6266
f 6096//6161 6091//6158 6092//6157 6200//6266
f 6205//6270 6204//6271 6202//6267 6203//6269
f 6088//6153 6206//6272 6205//6270 6203//6269
f 6092//6157 6087//6154 6088//6153 6203//6269
f 6208//6273 6207//6274 6205//6270 6206//6272
f 6084//6149 6209//6275 6208//6273 6206//6272
f 6088//6153 6083//6150 6084//6149 6206//6272
f 6211//6276 6210//6277 6208//6273 6209//6275
f 6080//6145 6212//6278 6211//6276 6209//6275
f 6084//6149 6079//6146 6080//6145 6209//6275
f 6214//6279 6213//6280 6211//6276 6212//6278
f 6076//6141 6215//6281 6214//6279 6212//6278
f 6080//6145 6075//6142 6076//6141 6212//6278
f 6217//6282 6216//6283 6214//6279 6215//6281
f 6072//6137 6218//6284 6217//6282 6215//6281
f 6076//6141 6071//6138 6072//6137 6215//6281
f 6220//6285 6219//6286 6217//6282 6218//6284
f 6069//6134 6221//6287 6220//6285 6218//6284
f 6072//6137 6068//6135 6069//6134 6218//6284
f 6223//6288 6222//6289 6220//6285 6221//6287
f 6066//6131 6224//6290 6223//6288 6221//6287
f 6069//6134 6065//6132 6066//6131 6221//6287
f 6226//6291 6225//6292 6223//6288 6224//6290
f 6063//6128 6227//6293 6226//6291 6224//6290
f 6066//6131 6062//6129 6063//6128 6224//6290
f 6229//6294 6228//6295 6226//6291 6227//6293
f 6060//6125 6230//6296 6229//6294 6227//6293
f 6063//6128 6059//6126 6060//6125 6227//6293
f 6232//6297 6231//6298 6229//6294 6230//6296
f 6057//6122 6233//6299 6232//6297 6230//6296
f 6060//6125 6056//6123 6057//6122 6230//6296
f 1584//1616 1583//1615 6232//6297 6233//6299
f 6054//6119 1585//1420 1584//1616 6233//6299
f 6057//6122 6053//6120 6054//6119 6233//6299
f 6054//6119 6051//6117 1396//1427 1585//1420
f 6235//6300 6234//6301 1586//6302 1587//1617
f 1316//1337 5976//6043 6235//6300 1587//1617
f 6237//6303 6236//6304 6234//6301 6235//6300
f 5976//6043 5978//6045 6237//6303 6235//6300
f 6239//6305 6238//6306 6236//6304 6237//6303
f 5978//6045 5980//6047 6239//6305 6237//6303
f 6241//6307 6240//6308 6238//6306 6239//6305
f 5980//6047 5982//6049 6241//6307 6239//6305
f 6243//6309 6242//6310 6240//6308 6241//6307
f 5982//6049 5984//6051 6243//6309 6241//6307
f 6245//6311 6244//6312 6242//6310 6243//6309
f 5984//6051 5986//6053 6245//6311 6243//6309
f 6247//6313 6246//6314 6244//6312 6245//6311
f 5986//6053 5988//6055 6247//6313 6245//6311
f 6249//6315 6248//6316 6246//6314 6247//6313
f 5988//6055 5990//6057 6249//6315 6247//6313
f 6251//6317 6250//6318 6248//6316 6249//6315
f 5990//6057 5992//6059 6251//6317 6249//6315
f 6252//6319 6106//6173 6250//6318 6251//6317
f 5992//6059 5994//6061 6252//6319 6251//6317
f 6101//6168 6102//6167 6106//6173 6252//6319
f 5994//6061 5996//6063 6101//6168 6252//6319
f 6106//6173 6107//6172 6111//6178 6250//6318
f 6111//6178 6253//6320 6248//6316 6250//6318
f 6111//6178 6112//6177 6116//6183 6253//6320
f 6254//6321 6246//6314 6248//6316 6253//6320
f 6116//6183 6255//6322 6254//6321 6253//6320
f 6116//6183 6117//6182 6121//6188 6255//6322
f 6257//6323 6256//6324 6254//6321 6255//6322
f 6121//6188 6258//6325 6257//6323 6255//6322
f 6121//6188 6122//6187 6126//6193 6258//6325
f 6260//6326 6259//6327 6257//6323 6258//6325
f 6126//6193 6261//6328 6260//6326 6258//6325
f 6126//6193 6127//6192 6131//6198 6261//6328
f 6263//6329 6262//6330 6260//6326 6261//6328
f 6131//6198 6264//6331 6263//6329 6261//6328
f 6131//6198 6132//6197 6136//6203 6264//6331
f 6266//6332 6265//6333 6263//6329 6264//6331
f 6136//6203 6267//6334 6266//6332 6264//6331
f 6136//6203 6137//6202 6141//6208 6267//6334
f 6269//6335 6268//6336 6266//6332 6267//6334
f 6141//6208 6270//6337 6269//6335 6267//6334
f 6141//6208 6142//6207 6146//6213 6270//6337
f 6272//6338 6271//6339 6269//6335 6270//6337
f 6146//6213 6273//6340 6272//6338 6270//6337
f 6146//6213 6147//6212 6151//6218 6273//6340
f 1629//1660 1628//1659 6272//6338 6273//6340
f 6151//6218 1630//1661 1629//1660 6273//6340
f 6151//6218 6152//6217 1501//1532 1630//1661
f 6275//6341 6274//6342 1631//1663 1632//1662
f 4735//58 4861//4837 6275//6341 1632//1662
f 6277//6343 6276//6344 6274//6342 6275//6341
f 4861//4837 6278//6345 6277//6343 6275//6341
f 6280//6346 6279//6347 6277//6343 6278//6345
f 6282//6348 6281//6349 6280//6346 6278//6345
f 4861//4837 4862//4836 6282//6348 6278//6345
f 6284//6350 6283//6351 6281//6349 6282//6348
f 4862//4836 4863//4838 6284//6350 6282//6348
f 6286//6352 6285//6353 6283//6351 6284//6350
f 4863//4838 4864//4839 6286//6352 6284//6350
f 6288//6354 6287//6355 6285//6353 6286//6352
f 4864//4839 4865//4840 6288//6354 6286//6352
f 6159//6226 6289//6356 6287//6355 6288//6354
f 4865//4840 6157//6224 6159//6226 6288//6354
f 6291//6357 6290//6358 6287//6355 6289//6356
f 6162//6229 6292//6359 6291//6357 6289//6356
f 6159//6226 6160//6225 6162//6229 6289//6356
f 6294//6360 6293//6361 6291//6357 6292//6359
f 6165//6232 6295//6362 6294//6360 6292//6359
f 6162//6229 6163//6228 6165//6232 6292//6359
f 6297//6363 6296//6364 6294//6360 6295//6362
f 6168//6235 6298//6365 6297//6363 6295//6362
f 6165//6232 6166//6231 6168//6235 6295//6362
f 6300//6366 6299//6367 6297//6363 6298//6365
f 6171//6238 6301//6368 6300//6366 6298//6365
f 6168//6235 6169//6234 6171//6238 6298//6365
f 6303//6369 6302//6370 6300//6366 6301//6368
f 6174//6241 6304//6371 6303//6369 6301//6368
f 6171//6238 6172//6237 6174//6241 6301//6368
f 6306//6372 6305//6373 6303//6369 6304//6371
f 6177//6244 6307//6374 6306//6372 6304//6371
f 6174//6241 6175//6240 6177//6244 6304//6371
f 6309//6375 6308//6376 6306//6372 6307//6374
f 6180//6247 6310//6377 6309//6375 6307//6374
f 6177//6244 6178//6243 6180//6247 6307//6374
f 6312//6378 6311//6379 6309//6375 6310//6377
f 6183//6250 6313//6380 6312//6378 6310//6377
f 6180//6247 6181//6246 6183//6250 6310//6377
f 6315//6381 6314//6382 6312//6378 6313//6380
f 6186//6253 6316//6383 6315//6381 6313//6380
f 6183//6250 6184//6249 6186//6253 6313//6380
f 6318//6384 6317//6385 6315//6381 6316//6383
f 6189//6256 6319//6386 6318//6384 6316//6383
f 6186//6253 6187//6252 6189//6256 6316//6383
f 6321//6387 6320//6388 6318//6384 6319//6386
f 6192//6259 6322//6389 6321//6387 6319//6386
f 6189//6256 6190//6255 6192//6259 6319//6386
f 6324//6390 6323//6391 6321//6387 6322//6389
f 6195//6262 6325//6392 6324//6390 6322//6389
f 6192//6259 6193//6258 6195//6262 6322//6389
f 6327//6393 6326//6394 6324//6390 6325//6392
f 6198//6265 6328//6395 6327//6393 6325//6392
f 6195//6262 6196//6261 6198//6265 6325//6392
f 6330//6396 6329//6397 6327//6393 6328//6395
f 6201//6268 6331//6398 6330//6396 6328//6395
f 6198//6265 6199//6264 6201//6268 6328//6395
f 6333//6399 6332//6400 6330//6396 6331//6398
f 6204//6271 6334//6401 6333//6399 6331//6398
f 6201//6268 6202//6267 6204//6271 6331//6398
f 6336//6402 6335//6403 6333//6399 6334//6401
f 6207//6274 6337//6404 6336//6402 6334//6401
f 6204//6271 6205//6270 6207//6274 6334//6401
f 6339//6405 6338//6406 6336//6402 6337//6404
f 6210//6277 6340//6407 6339//6405 6337//6404
f 6207//6274 6208//6273 6210//6277 6337//6404
f 6342//6408 6341//6409 6339//6405 6340//6407
f 6213//6280 6343//6410 6342//6408 6340//6407
f 6210//6277 6211//6276 6213//6280 6340//6407
f 6345//6411 6344//6412 6342//6408 6343//6410
f 6216//6283 6346//6413 6345//6411 6343//6410
f 6213//6280 6214//6279 6216//6283 6343//6410
f 6348//6414 6347//6415 6345//6411 6346//6413
f 6219//6286 6349//6416 6348//6414 6346//6413
f 6216//6283 6217//6282 6219//6286 6346//6413
f 6351//6417 6350//6418 6348//6414 6349//6416
f 6222//6289 6352//6419 6351//6417 6349//6416
f 6219//6286 6220//6285 6222//6289 6349//6416
f 6354//6420 6353//6421 6351//6417 6352//6419
f 6225//6292 6355//6422 6354//6420 6352//6419
f 6222//6289 6223//6288 6225//6292 6352//6419
f 6357//6423 6356//6424 6354//6420 6355//6422
f 6228//6295 6358//6425 6357//6423 6355//6422
f 6225//6292 6226//6291 6228//6295 6355//6422
f 1719//1750 1718//1749 6357//6423 6358//6425
f 6231//6298 1720//1751 1719//1750 6358//6425
f 6228//6295 6229//6294 6231//6298 6358//6425
f 6231//6298 6232//6297 1583//1615 1720//1751
f 6360//6426 6359//6427 1721//1753 1722//6428
f 1586//6302 6234//6301 6360//6426 1722//6428
f 6362//6429 6361//6430 6359//6427 6360//6426
f 6234//6301 6236//6304 6362//6429 6360//6426
f 6364//6431 6363//6432 6361//6430 6362//6429
f 6236//6304 6238//6306 6364//6431 6362//6429
f 6366//6433 6365//6434 6363//6432 6364//6431
f 6238//6306 6240//6308 6366//6433 6364//6431
f 6367//6435 6259//6327 6365//6434 6366//6433
f 6240//6308 6242//6310 6367//6435 6366//6433
f 6256//6324 6257//6323 6259//6327 6367//6435
f 6242//6310 6244//6312 6256//6324 6367//6435
f 6259//6327 6260//6326 6262//6330 6365//6434
f 6262//6330 6368//6436 6363//6432 6365//6434
f 6262//6330 6263//6329 6265//6333 6368//6436
f 6369//6437 6361//6430 6363//6432 6368//6436
f 6265//6333 6370//6438 6369//6437 6368//6436
f 6265//6333 6266//6332 6268//6336 6370//6438
f 6372//6439 6371//6440 6369//6437 6370//6438
f 6268//6336 6373//6441 6372//6439 6370//6438
f 6268//6336 6269//6335 6271//6339 6373//6441
f 1739//1070 1738//1769 6372//6439 6373//6441
f 6271//6339 1740//1159 1739//1070 6373//6441
f 6271//6339 6272//6338 1628//1659 1740//1159
f 6375//6442 6374//6443 1741//648 1742//1770
f 121//49 4857//4832 6375//6442 1742//1770
f 6377//6444 6376//6445 6374//6443 6375//6442
f 4857//4832 6378//6446 6377//6444 6375//6442
f 6380//6447 6379//6448 6377//6444 6378//6446
f 6382//6449 6381//6450 6380//6447 6378//6446
f 4857//4832 4855//4831 6382//6449 6378//6446
f 6384//6451 6383//6452 6381//6450 6382//6449
f 4855//4831 4856//4830 6384//6451 6382//6449
f 6386//6453 6385//6454 6383//6452 6384//6451
f 4856//4830 4858//4833 6386//6453 6384//6451
f 6276//6344 6387//6455 6385//6454 6386//6453
f 4858//4833 6274//6342 6276//6344 6386//6453
f 6389//6456 6388//6457 6385//6454 6387//6455
f 6279//6347 6390//6458 6389//6456 6387//6455
f 6276//6344 6277//6343 6279//6347 6387//6455
f 6392//6459 6391//6460 6389//6456 6390//6458
f 6394//6461 6393//6462 6392//6459 6390//6458
f 6279//6347 6280//6346 6394//6461 6390//6458
f 6396//6463 6395//6464 6393//6462 6394//6461
f 6280//6346 6281//6349 6396//6463 6394//6461
f 6398//6465 6397//6466 6395//6464 6396//6463
f 6281//6349 6283//6351 6398//6465 6396//6463
f 6400//6467 6399//6468 6397//6466 6398//6465
f 6283//6351 6285//6353 6400//6467 6398//6465
f 6290//6358 6401//6469 6399//6468 6400//6467
f 6285//6353 6287//6355 6290//6358 6400//6467
f 6403//6470 6402//6471 6399//6468 6401//6469
f 6293//6361 6404//6472 6403//6470 6401//6469
f 6290//6358 6291//6357 6293//6361 6401//6469
f 6406//6473 6405//6474 6403//6470 6404//6472
f 6296//6364 6407//6475 6406//6473 6404//6472
f 6293//6361 6294//6360 6296//6364 6404//6472
f 6409//6476 6408//6477 6406//6473 6407//6475
f 6299//6367 6410//6478 6409//6476 6407//6475
f 6296//6364 6297//6363 6299//6367 6407//6475
f 6412//6479 6411//6480 6409//6476 6410//6478
f 6302//6370 6413//6481 6412//6479 6410//6478
f 6299//6367 6300//6366 6302//6370 6410//6478
f 6415//6482 6414//6483 6412//6479 6413//6481
f 6305//6373 6416//6484 6415//6482 6413//6481
f 6302//6370 6303//6369 6305//6373 6413//6481
f 6418//6485 6417//6486 6415//6482 6416//6484
f 6308//6376 6419//6487 6418//6485 6416//6484
f 6305//6373 6306//6372 6308//6376 6416//6484
f 6421//6488 6420//6489 6418//6485 6419//6487
f 6311//6379 6422//6490 6421//6488 6419//6487
f 6308//6376 6309//6375 6311//6379 6419//6487
f 6424//6491 6423//6492 6421//6488 6422//6490
f 6314//6382 6425//6493 6424//6491 6422//6490
f 6311//6379 6312//6378 6314//6382 6422//6490
f 6427//6494 6426//6495 6424//6491 6425//6493
f 6317//6385 6428//6496 6427//6494 6425//6493
f 6314//6382 6315//6381 6317//6385 6425//6493
f 6430//6497 6429//6498 6427//6494 6428//6496
f 6320//6388 6431//6499 6430//6497 6428//6496
f 6317//6385 6318//6384 6320//6388 6428//6496
f 6433//6500 6432//6501 6430//6497 6431//6499
f 6323//6391 6434//6502 6433//6500 6431//6499
f 6320//6388 6321//6387 6323//6391 6431//6499
f 6436//6503 6435//6504 6433//6500 6434//6502
f 6326//6394 6437//6505 6436//6503 6434//6502
f 6323//6391 6324//6390 6326//6394 6434//6502
f 6439//6506 6438//6507 6436//6503 6437//6505
f 6329//6397 6440//6508 6439//6506 6437//6505
f 6326//6394 6327//6393 6329//6397 6437//6505
f 6442//6509 6441//6510 6439//6506 6440//6508
f 6332//6400 6443//6511 6442//6509 6440//6508
f 6329//6397 6330//6396 6332//6400 6440//6508
f 6445//6512 6444//6513 6442//6509 6443//6511
f 6335//6403 6446//6514 6445//6512 6443//6511
f 6332//6400 6333//6399 6335//6403 6443//6511
f 6448//6515 6447//6516 6445//6512 6446//6514
f 6338//6406 6449//6517 6448//6515 6446//6514
f 6335//6403 6336//6402 6338//6406 6446//6514
f 6451//6518 6450//6519 6448//6515 6449//6517
f 6341//6409 6452//6520 6451//6518 6449//6517
f 6338//6406 6339//6405 6341//6409 6449//6517
f 6454//6521 6453//6522 6451//6518 6452//6520
f 6344//6412 6455//6523 6454//6521 6452//6520
f 6341//6409 6342//6408 6344//6412 6452//6520
f 6457//6524 6456//6525 6454//6521 6455//6523
f 6347//6415 6458//6526 6457//6524 6455//6523
f 6344//6412 6345//6411 6347//6415 6455//6523
f 6460//6527 6459//6528 6457//6524 6458//6526
f 6350//6418 6461//6529 6460//6527 6458//6526
f 6347//6415 6348//6414 6350//6418 6458//6526
f 6463//6530 6462//6531 6460//6527 6461//6529
f 6353//6421 6464//6532 6463//6530 6461//6529
f 6350//6418 6351//6417 6353//6421 6461//6529
f 1835//1863 1834//1862 6463//6530 6464//6532
f 6356//6424 1836//1864 1835//1863 6464//6532
f 6353//6421 6354//6420 6356//6424 6464//6532
f 6356//6424 6357//6423 1718//1749 1836//1864
f 6371//6440 6372//6439 1738//1769 1837//1865
f 1721//1753 6359//6427 6371//6440 1837//1865
f 6466//6533 6465//6534 1838//1867 1839//1866
f 1741//648 6374//6443 6466//6533 1839//1866
f 6468//6535 6467//6536 6465//6534 6466//6533
f 6374//6443 6376//6445 6468//6535 6466//6533
f 6470//6537 6469//6538 6467//6536 6468//6535
f 6376//6445 6471//6539 6470//6537 6468//6535
f 6473//6540 6472//6541 6470//6537 6471//6539
f 6379//6448 6474//6542 6473//6540 6471//6539
f 6376//6445 6377//6444 6379//6448 6471//6539
f 6476//6543 6475//6544 6473//6540 6474//6542
f 6478//6545 6477//6546 6476//6543 6474//6542
f 6379//6448 6380//6447 6478//6545 6474//6542
f 6480//6547 6479//6548 6477//6546 6478//6545
f 6380//6447 6381//6450 6480//6547 6478//6545
f 6482//6549 6481//6550 6479//6548 6480//6547
f 6381//6450 6383//6452 6482//6549 6480//6547
f 6388//6457 6483//6551 6481//6550 6482//6549
f 6383//6452 6385//6454 6388//6457 6482//6549
f 6485//6552 6484//6553 6481//6550 6483//6551
f 6391//6460 6486//6554 6485//6552 6483//6551
f 6388//6457 6389//6456 6391//6460 6483//6551
f 6488//6555 6487//6556 6485//6552 6486//6554
f 6490//6557 6489//6558 6488//6555 6486//6554
f 6391//6460 6392//6459 6490//6557 6486//6554
f 6492//6559 6491//6560 6489//6558 6490//6557
f 6392//6459 6393//6462 6492//6559 6490//6557
f 6494//6561 6493//6562 6491//6560 6492//6559
f 6393//6462 6395//6464 6494//6561 6492//6559
f 6496//6563 6495//6564 6493//6562 6494//6561
f 6395//6464 6397//6466 6496//6563 6494//6561
f 6402//6471 6497//6565 6495//6564 6496//6563
f 6397//6466 6399//6468 6402//6471 6496//6563
f 6499//6566 6498//6567 6495//6564 6497//6565
f 6405//6474 6500//6568 6499//6566 6497//6565
f 6402//6471 6403//6470 6405//6474 6497//6565
f 6502//6569 6501//6570 6499//6566 6500//6568
f 6408//6477 6503//6571 6502//6569 6500//6568
f 6405//6474 6406//6473 6408//6477 6500//6568
f 6505//6572 6504//6573 6502//6569 6503//6571
f 6411//6480 6506//6574 6505//6572 6503//6571
f 6408//6477 6409//6476 6411//6480 6503//6571
f 6508//6575 6507//6576 6505//6572 6506//6574
f 6414//6483 6509//6577 6508//6575 6506//6574
f 6411//6480 6412//6479 6414//6483 6506//6574
f 6511//6578 6510//6579 6508//6575 6509//6577
f 6417//6486 6512//6580 6511//6578 6509//6577
f 6414//6483 6415//6482 6417//6486 6509//6577
f 6514//6581 6513//6582 6511//6578 6512//6580
f 6420//6489 6515//6583 6514//6581 6512//6580
f 6417//6486 6418//6485 6420//6489 6512//6580
f 6517//6584 6516//6585 6514//6581 6515//6583
f 6423//6492 6518//6586 6517//6584 6515//6583
f 6420//6489 6421//6488 6423//6492 6515//6583
f 6520//6587 6519//6588 6517//6584 6518//6586
f 6426//6495 6521//6589 6520//6587 6518//6586
f 6423//6492 6424//6491 6426//6495 6518//6586
f 6523//6590 6522//6591 6520//6587 6521//6589
f 6429//6498 6524//6592 6523//6590 6521//6589
f 6426//6495 6427//6494 6429//6498 6521//6589
f 6526//6593 6525//6594 6523//6590 6524//6592
f 6432//6501 6527//6595 6526//6593 6524//6592
f 6429//6498 6430//6497 6432//6501 6524//6592
f 6529//6596 6528//6597 6526//6593 6527//6595
f 6435//6504 6530//6598 6529//6596 6527//6595
f 6432//6501 6433//6500 6435//6504 6527//6595
f 6532//6599 6531//6600 6529//6596 6530//6598
f 6438//6507 6533//6601 6532//6599 6530//6598
f 6435//6504 6436//6503 6438//6507 6530//6598
f 6535//6602 6534//6603 6532//6599 6533//6601
f 6441//6510 6536//6604 6535//6602 6533//6601
f 6438//6507 6439//6506 6441//6510 6533//6601
f 6538//6605 6537//6606 6535//6602 6536//6604
f 6444//6513 6539//6607 6538//6605 6536//6604
f 6441//6510 6442//6509 6444//6513 6536//6604
f 6541//6608 6540//6609 6538//6605 6539//6607
f 6447//6516 6542//6610 6541//6608 6539//6607
f 6444//6513 6445//6512 6447//6516 6539//6607
f 6544//6611 6543//6612 6541//6608 6542//6610
f 6450//6519 6545//6613 6544//6611 6542//6610
f 6447//6516 6448//6515 6450//6519 6542//6610
f 6547//6614 6546//6615 6544//6611 6545//6613
f 6453//6522 6548//6616 6547//6614 6545//6613
f 6450//6519 6451//6518 6453//6522 6545//6613
f 6550//6617 6549//6618 6547//6614 6548//6616
f 6456//6525 6551//6619 6550//6617 6548//6616
f 6453//6522 6454//6521 6456//6525 6548//6616
f 6553//6620 6552//6621 6550//6617 6551//6619
f 6459//6528 6554//6622 6553//6620 6551//6619
f 6456//6525 6457//6524 6459//6528 6551//6619
f 1931//1959 1930//1958 6553//6620 6554//6622
f 6462//6531 1932//1960 1931//1959 6554//6622
f 6459//6528 6460//6527 6462//6531 6554//6622
f 6462//6531 6463//6530 1834//1862 1932//1960
f 6556//6623 6555//6624 1933//1962 1934//1961
f 1838//1867 6465//6534 6556//6623 1934//1961
f 6558//6625 6557//6626 6555//6624 6556//6623
f 6465//6534 6467//6536 6558//6625 6556//6623
f 6560//6627 6559//6628 6557//6626 6558//6625
f 6467//6536 6469//6538 6560//6627 6558//6625
f 6562//6629 6561//6630 6559//6628 6560//6627
f 6469//6538 6563//6631 6562//6629 6560//6627
f 6565//6632 6564//6633 6562//6629 6563//6631
f 6472//6541 6566//6634 6565//6632 6563//6631
f 6469//6538 6470//6537 6472//6541 6563//6631
f 6568//6635 6567//6636 6565//6632 6566//6634
f 6475//6544 6569//6637 6568//6635 6566//6634
f 6472//6541 6473//6540 6475//6544 6566//6634
f 6571//6638 6570//6639 6568//6635 6569//6637
f 6573//6640 6572//6641 6571//6638 6569//6637
f 6475//6544 6476//6543 6573//6640 6569//6637
f 6575//6642 6574//6643 6572//6641 6573//6640
f 6476//6543 6477//6546 6575//6642 6573//6640
f 6577//6644 6576//6645 6574//6643 6575//6642
f 6477//6546 6479//6548 6577//6644 6575//6642
f 6484//6553 6578//6646 6576//6645 6577//6644
f 6479//6548 6481//6550 6484//6553 6577//6644
f 6580//6647 6579//6648 6576//6645 6578//6646
f 6487//6556 6581//6649 6580//6647 6578//6646
f 6484//6553 6485//6552 6487//6556 6578//6646
f 6583//6650 6582//6651 6580//6647 6581//6649
f 6585//6652 6584//6653 6583//6650 6581//6649
f 6487//6556 6488//6555 6585//6652 6581//6649
f 6587//6654 6586//6655 6584//6653 6585//6652
f 6488//6555 6489//6558 6587//6654 6585//6652
f 6589//6656 6588//6657 6586//6655 6587//6654
f 6489//6558 6491//6560 6589//6656 6587//6654
f 6591//6658 6590//6659 6588//6657 6589//6656
f 6491//6560 6493//6562 6591//6658 6589//6656
f 6498//6567 6592//6660 6590//6659 6591//6658
f 6493//6562 6495//6564 6498//6567 6591//6658
f 6594//6661 6593//6662 6590//6659 6592//6660
f 6501//6570 6595//6663 6594//6661 6592//6660
f 6498//6567 6499//6566 6501//6570 6592//6660
f 6597//6664 6596//6665 6594//6661 6595//6663
f 6504//6573 6598//6666 6597//6664 6595//6663
f 6501//6570 6502//6569 6504//6573 6595//6663
f 6600//6667 6599//6668 6597//6664 6598//6666
f 6507//6576 6601//6669 6600//6667 6598//6666
f 6504//6573 6505//6572 6507//6576 6598//6666
f 6603//6670 6602//6671 6600//6667 6601//6669
f 6510//6579 6604//6672 6603//6670 6601//6669
f 6507//6576 6508//6575 6510//6579 6601//6669
f 6606//6673 6605//6674 6603//6670 6604//6672
f 6513//6582 6607//6675 6606//6673 6604//6672
f 6510//6579 6511//6578 6513//6582 6604//6672
f 6608//6676 5085//5107 6606//6673 6607//6675
f 6516//6585 6609//6677 6608//6676 6607//6675
f 6513//6582 6514//6581 6516//6585 6607//6675
f 6611//6678 6610//6679 6608//6676 6609//6677
f 6519//6588 6612//6680 6611//6678 6609//6677
f 6516//6585 6517//6584 6519//6588 6609//6677
f 6614//6681 6613//6682 6611//6678 6612//6680
f 6522//6591 6615//6683 6614//6681 6612//6680
f 6519//6588 6520//6587 6522//6591 6612//6680
f 6617//6684 6616//6685 6614//6681 6615//6683
f 6525//6594 6618//6686 6617//6684 6615//6683
f 6522//6591 6523//6590 6525//6594 6615//6683
f 6620//6687 6619//6688 6617//6684 6618//6686
f 6528//6597 6621//6689 6620//6687 6618//6686
f 6525//6594 6526//6593 6528//6597 6618//6686
f 6623//6690 6622//6691 6620//6687 6621//6689
f 6531//6600 6624//6692 6623//6690 6621//6689
f 6528//6597 6529//6596 6531//6600 6621//6689
f 6626//6693 6625//6694 6623//6690 6624//6692
f 6534//6603 6629//6695 6628//6696 6627//6697
f 6534//6603 6627//6697 6626//6693 6624//6692
f 6531//6600 6532//6599 6534//6603 6624//6692
f 6631//6698 6630//6699 6628//6696 6629//6695
f 6537//6606 6632//6700 6631//6698 6629//6695
f 6534//6603 6535//6602 6537//6606 6629//6695
f 6634//6701 6633//6702 6631//6698 6632//6700
f 6540//6609 6635//6703 6634//6701 6632//6700
f 6537//6606 6538//6605 6540//6609 6632//6700
f 6637//6704 6636//6705 6634//6701 6635//6703
f 6543//6612 6638//6706 6637//6704 6635//6703
f 6540//6609 6541//6608 6543//6612 6635//6703
f 6640//6707 6639//6708 6637//6704 6638//6706
f 6546//6615 6641//6709 6640//6707 6638//6706
f 6543//6612 6544//6611 6546//6615 6638//6706
f 6643//6710 6642//6711 6640//6707 6641//6709
f 6549//6618 6644//6712 6643//6710 6641//6709
f 6546//6615 6547//6614 6549//6618 6641//6709
f 2026//2053 2025//1061 6643//6710 6644//6712
f 6552//6621 2027//2054 2026//2053 6644//6712
f 6549//6618 6550//6617 6552//6621 6644//6712
f 6552//6621 6553//6620 1930//1958 2027//2054
f 6646//6713 6645//6714 2028//2056 2029//2055
f 1933//1962 6555//6624 6646//6713 2029//2055
f 6648//6715 6647//6716 6645//6714 6646//6713
f 6555//6624 6557//6626 6648//6715 6646//6713
f 6650//6717 6649//6718 6647//6716 6648//6715
f 6557//6626 6559//6628 6650//6717 6648//6715
f 6652//6719 6651//6720 6649//6718 6650//6717
f 6559//6628 6561//6630 6652//6719 6650//6717
f 6654//6721 6653//6722 6651//6720 6652//6719
f 6561//6630 6655//6723 6654//6721 6652//6719
f 6657//6724 6656//6725 6654//6721 6655//6723
f 6564//6633 6658//6726 6657//6724 6655//6723
f 6561//6630 6562//6629 6564//6633 6655//6723
f 6660//6727 6659//6728 6657//6724 6658//6726
f 6567//6636 6661//6729 6660//6727 6658//6726
f 6564//6633 6565//6632 6567//6636 6658//6726
f 6663//6730 6662//6731 6660//6727 6661//6729
f 6570//6639 6664//6732 6663//6730 6661//6729
f 6567//6636 6568//6635 6570//6639 6661//6729
f 6666//6733 6665//6734 6663//6730 6664//6732
f 6668//6735 6667//6736 6666//6733 6664//6732
f 6570//6639 6571//6638 6668//6735 6664//6732
f 6670//6737 6669//6738 6667//6736 6668//6735
f 6571//6638 6572//6641 6670//6737 6668//6735
f 6672//6739 6671//6740 6669//6738 6670//6737
f 6572//6641 6574//6643 6672//6739 6670//6737
f 6579//6648 6673//6741 6671//6740 6672//6739
f 6574//6643 6576//6645 6579//6648 6672//6739
f 6675//6742 6674//6743 6671//6740 6673//6741
f 6582//6651 6676//6744 6675//6742 6673//6741
f 6579//6648 6580//6647 6582//6651 6673//6741
f 6678//6745 6677//6746 6675//6742 6676//6744
f 6680//6747 6679//6748 6678//6745 6676//6744
f 6582//6651 6583//6650 6680//6747 6676//6744
f 6682//6749 6681//6750 6679//6748 6680//6747
f 6583//6650 6584//6653 6682//6749 6680//6747
f 6684//6751 6683//6752 6681//6750 6682//6749
f 6584//6653 6586//6655 6684//6751 6682//6749
f 6686//6753 6685//6754 6683//6752 6684//6751
f 6586//6655 6588//6657 6686//6753 6684//6751
f 6593//6662 6687//6755 6685//6754 6686//6753
f 6588//6657 6590//6659 6593//6662 6686//6753
f 6689//6756 6688//6757 6685//6754 6687//6755
f 6596//6665 6690//6758 6689//6756 6687//6755
f 6593//6662 6594//6661 6596//6665 6687//6755
f 6692//6759 6691//6760 6689//6756 6690//6758
f 6599//6668 6693//6761 6692//6759 6690//6758
f 6596//6665 6597//6664 6599//6668 6690//6758
f 6695//6762 6694//6763 6692//6759 6693//6761
f 6602//6671 6696//6764 6695//6762 6693//6761
f 6599//6668 6600//6667 6602//6671 6693//6761
f 5082//5104 6697//6765 6695//6762 6696//6764
f 6605//6674 5081//5105 5082//5104 6696//6764
f 6602//6671 6603//6670 6605//6674 6696//6764
f 5096//5121 6699//6766 6698//6767 6697//6765
f 5082//5104 5083//5103 5096//5121 6697//6765
f 6698//6767 6694//6763 6695//6762 6697//6765
f 6702//6768 6701//6769 6700//6770 6699//6766
f 5096//5121 5097//5120 6702//6768 6699//6766
f 6700//6770 6703//6771 6698//6767 6699//6766
f 6700//6770 6705//6772 6704//6773 6703//6771
f 6706//6774 6694//6763 6698//6767 6703//6771
f 6704//6773 6707//6775 6706//6774 6703//6771
f 6704//6773 6709//6776 6708//6777 6707//6775
f 6710//6778 6691//6760 6706//6774 6707//6775
f 6708//6777 6711//6779 6710//6778 6707//6775
f 6708//6777 6713//6780 6712//6781 6711//6779
f 6714//6782 6688//6757 6710//6778 6711//6779
f 6712//6781 6715//6783 6714//6782 6711//6779
f 6712//6781 6717//6784 6716//6785 6715//6783
f 6681//6750 6683//6752 6714//6782 6715//6783
f 6716//6785 6679//6748 6681//6750 6715//6783
f 6720//6786 6719//6787 6718//6788 6717//6784
f 6712//6781 6713//6780 6720//6786 6717//6784
f 6718//6788 6721//6789 6716//6785 6717//6784
f 6718//6788 6723//6790 6722//6791 6721//6789
f 6678//6745 6679//6748 6716//6785 6721//6789
f 6722//6791 6677//6746 6678//6745 6721//6789
f 6726//6792 6725//6793 6724//6794 6723//6790
f 6718//6788 6719//6787 6726//6792 6723//6790
f 6724//6794 6727//6795 6722//6791 6723//6790
f 6724//6794 6729//6796 6728//6797 6727//6795
f 6730//6798 6677//6746 6722//6791 6727//6795
f 6728//6797 6731//6799 6730//6798 6727//6795
f 6728//6797 6733//6800 6732//6801 6731//6799
f 6734//6802 6674//6743 6730//6798 6731//6799
f 6732//6801 6735//6803 6734//6802 6731//6799
f 6732//6801 6737//6804 6736//6805 6735//6803
f 6667//6736 6669//6738 6734//6802 6735//6803
f 6736//6805 6666//6733 6667//6736 6735//6803
f 6740//6806 6739//6807 6738//6808 6737//6804
f 6732//6801 6733//6800 6740//6806 6737//6804
f 6738//6808 6741//6809 6736//6805 6737//6804
f 6738//6808 6743//6810 6742//6811 6741//6809
f 6665//6734 6666//6733 6736//6805 6741//6809
f 6742//6811 6744//6812 6665//6734 6741//6809
f 6742//6811 6746//6813 6745//6814 6744//6812
f 6662//6731 6663//6730 6665//6734 6744//6812
f 6745//6814 6747//6815 6662//6731 6744//6812
f 6745//6814 6749//6816 6748//6817 6747//6815
f 6659//6728 6660//6727 6662//6731 6747//6815
f 6748//6817 6750//6818 6659//6728 6747//6815
f 6748//6817 6752//6819 6751//6820 6750//6818
f 6656//6725 6657//6724 6659//6728 6750//6818
f 6751//6820 6753//6821 6656//6725 6750//6818
f 6751//6820 6755//6822 6754//6823 6753//6821
f 6653//6722 6654//6721 6656//6725 6753//6821
f 6754//6823 6756//6824 6653//6722 6753//6821
f 6754//6823 6758//6825 6757//6826 6756//6824
f 6759//6827 6651//6720 6653//6722 6756//6824
f 6757//6826 6760//6828 6759//6827 6756//6824
f 6757//6826 6762//6829 6761//6830 6760//6828
f 6764//6831 6763//6832 6759//6827 6760//6828
f 6761//6830 6765//6833 6764//6831 6760//6828
f 6761//6830 6767//6834 6766//6835 6765//6833
f 6769//6836 6768//6837 6764//6831 6765//6833
f 6766//6835 6770//6838 6769//6836 6765//6833
f 6766//6835 6772//6839 6771//6840 6770//6838
f 6774//6841 6773//6842 6769//6836 6770//6838
f 6771//6840 6775//6843 6774//6841 6770//6838
f 6771//6840 6777//6844 6776//6845 6775//6843
f 2164//2191 2163//2190 6774//6841 6775//6843
f 6776//6845 2165//2192 2164//2191 6775//6843
f 6776//6845 6778//6846 2166//1961 2165//2192
f 6780//6847 6779//6848 2169//2195 2168//2194
f 2166//1961 6778//6846 6780//6847 2168//2194
f 6782//6849 6781//6850 6779//6848 6780//6847
f 6778//6846 6783//6851 6782//6849 6780//6847
f 6785//6852 6784//6853 6782//6849 6783//6851
f 6777//6844 6786//6854 6785//6852 6783//6851
f 6778//6846 6776//6845 6777//6844 6783//6851
f 6788//6855 6787//6856 6785//6852 6786//6854
f 6772//6839 6789//6857 6788//6855 6786//6854
f 6777//6844 6771//6840 6772//6839 6786//6854
f 6791//6858 6790//6859 6788//6855 6789//6857
f 6767//6834 6792//6860 6791//6858 6789//6857
f 6772//6839 6766//6835 6767//6834 6789//6857
f 6794//6861 6793//6862 6791//6858 6792//6860
f 6762//6829 6795//6863 6794//6861 6792//6860
f 6767//6834 6761//6830 6762//6829 6792//6860
f 6797//6864 6796//6865 6794//6861 6795//6863
f 6758//6825 6798//6866 6797//6864 6795//6863
f 6762//6829 6757//6826 6758//6825 6795//6863
f 6800//6867 6799//6868 6797//6864 6798//6866
f 6755//6822 6801//6869 6800//6867 6798//6866
f 6758//6825 6754//6823 6755//6822 6798//6866
f 6803//6870 6802//6871 6800//6867 6801//6869
f 6752//6819 6804//6872 6803//6870 6801//6869
f 6755//6822 6751//6820 6752//6819 6801//6869
f 6806//6873 6805//6874 6803//6870 6804//6872
f 6749//6816 6807//6875 6806//6873 6804//6872
f 6752//6819 6748//6817 6749//6816 6804//6872
f 6809//6876 6808//6877 6806//6873 6807//6875
f 6746//6813 6810//6878 6809//6876 6807//6875
f 6749//6816 6745//6814 6746//6813 6807//6875
f 6812//6879 6811//6880 6809//6876 6810//6878
f 6743//6810 6813//6881 6812//6879 6810//6878
f 6746//6813 6742//6811 6743//6810 6810//6878
f 6815//6882 6814//6883 6812//6879 6813//6881
f 6739//6807 6816//6884 6815//6882 6813//6881
f 6743//6810 6738//6808 6739//6807 6813//6881
f 6818//6885 6817//6886 6815//6882 6816//6884
f 6820//6887 6819//6888 6818//6885 6816//6884
f 6739//6807 6740//6806 6820//6887 6816//6884
f 6822//6889 6821//6890 6819//6888 6820//6887
f 6740//6806 6733//6800 6822//6889 6820//6887
f 6729//6796 6823//6891 6821//6890 6822//6889
f 6733//6800 6728//6797 6729//6796 6822//6889
f 6825//6892 6824//6893 6821//6890 6823//6891
f 6725//6793 6826//6894 6825//6892 6823//6891
f 6729//6796 6724//6794 6725//6793 6823//6891
f 6828//6895 6827//6896 6825//6892 6826//6894
f 6830//6897 6829//6898 6828//6895 6826//6894
f 6725//6793 6726//6792 6830//6897 6826//6894
f 6832//6899 6831//6900 6829//6898 6830//6897
f 6726//6792 6719//6787 6832//6899 6830//6897
f 6834//6901 6833//6902 6831//6900 6832//6899
f 6719//6787 6720//6786 6834//6901 6832//6899
f 6836//6903 6835//6904 6833//6902 6834//6901
f 6720//6786 6713//6780 6836//6903 6834//6901
f 6709//6776 6837//6905 6835//6904 6836//6903
f 6713//6780 6708//6777 6709//6776 6836//6903
f 6839//6906 6838//6907 6835//6904 6837//6905
f 6705//6772 6840//6908 6839//6906 6837//6905
f 6709//6776 6704//6773 6705//6772 6837//6905
f 6842//6909 6841//6910 6839//6911 6840//6912
f 6701//6769 6843//6913 6842//6909 6840//6912
f 6705//6772 6700//6770 6701//6769 6840//6908
f 6845//6914 6844//6915 6842//6909 6843//6913
f 6847//6916 6846//6917 6845//6914 6843//6913
f 6701//6769 6702//6768 6847//6916 6843//6913
f 6849//6918 6848//6919 6846//6917 6847//6916
f 6702//6768 5097//5120 6849//6918 6847//6916
f 6851//6920 6850//6921 6848//6919 6849//6918
f 5097//5120 5098//5119 6851//6920 6849//6918
f 6853//6922 6852//6923 6850//6921 6851//6920
f 5098//5119 5099//5125 6853//6922 6851//6920
f 5086//5111 5087//5110 6852//6923 6853//6922
f 6855//6924 6854//6925 6850//6921 6852//6923
f 5087//5110 6856//6926 6855//6924 6852//6923
f 6858//6927 6857//6928 6855//6924 6856//6926
f 6860//6929 6859//6930 6858//6927 6856//6926
f 5087//5110 5088//5109 6860//6929 6856//6926
f 6862//6931 6861//6932 6859//6930 6860//6929
f 5088//5109 6863//6933 6862//6931 6860//6929
f 5084//5108 6610//6679 6864//6934 6863//6933
f 5088//5109 4806//5106 5084//5108 6863//6933
f 6610//6679 6611//6678 6613//6682 6864//6934
f 6867//6935 6866//6936 6865//6937 6864//6934
f 6613//6682 6868//6938 6867//6935 6864//6934
f 6865//6937 6870//6939 6869//6940 6864//6934
f 5095//5118 5093//5117 6871//6941 6870//6939
f 6865//6937 6872//6942 5095//5118 6870//6939
f 6871//6941 6873//6943 6869//6940 6870//6939
f 6871//6941 6875//6944 6874//6945 6873//6943
f 6858//6927 6859//6930 6869//6940 6873//6943
f 6874//6945 6857//6928 6858//6927 6873//6943
f 5094//5116 6877//6946 6876//6947 6875//6944
f 6871//6941 5093//5117 5094//5116 6875//6944
f 6876//6947 6878//6948 6874//6945 6875//6944
f 6876//6947 6880//6949 6879//6950 6878//6948
f 6881//6951 6857//6928 6874//6945 6878//6948
f 6879//6950 6882//6952 6881//6951 6878//6948
f 6879//6950 6884//6953 6883//6954 6882//6952
f 6885//6955 6854//6925 6881//6951 6882//6952
f 6883//6954 6886//6956 6885//6955 6882//6952
f 6883//6954 6888//6957 6887//6958 6886//6956
f 6846//6917 6848//6919 6885//6955 6886//6956
f 6887//6958 6845//6914 6846//6917 6886//6956
f 6891//6959 6890//6960 6889//6961 6888//6957
f 6883//6954 6884//6953 6891//6959 6888//6957
f 6889//6961 6892//6962 6887//6958 6888//6957
f 6889//6961 6894//6963 6893//6964 6892//6962
f 6844//6915 6845//6914 6887//6958 6892//6962
f 6893//6964 6895//6965 6844//6915 6892//6962
f 6893//6964 6897//6966 6896//6967 6895//6965
f 6841//6910 6842//6909 6844//6915 6895//6965
f 6896//6967 6898//6968 6841//6910 6895//6965
f 6896//6967 6900//6969 6899//6970 6898//6968
f 6838//6907 6839//6911 6841//6910 6898//6968
f 6899//6970 6901//6971 6838//6907 6898//6968
f 6899//6970 6903//6972 6902//6973 6901//6971
f 6833//6902 6835//6904 6838//6907 6901//6971
f 6902//6973 6831//6900 6833//6902 6901//6971
f 6906//6974 6905//6975 6904//6976 6903//6972
f 6899//6970 6900//6969 6906//6974 6903//6972
f 6904//6976 6907//6977 6902//6973 6903//6972
f 6904//6976 6909//6978 6908//6979 6907//6977
f 6829//6898 6831//6900 6902//6973 6907//6977
f 6908//6979 6828//6895 6829//6898 6907//6977
f 6911//6980 6910//6981 5077//5100 6909//6978
f 6904//6976 6905//6975 6911//6980 6909//6978
f 5077//5100 5078//5099 6908//6979 6909//6978
f 6913//6982 6912//6983 6910//6981 6911//6980
f 6905//6975 6914//6984 6913//6982 6911//6980
f 6916//6985 6915//6986 6913//6982 6914//6984
f 6918//6987 6917//6988 6916//6985 6914//6984
f 6905//6975 6906//6974 6918//6987 6914//6984
f 6920//6989 6919//6990 6917//6988 6918//6987
f 6906//6974 6900//6969 6920//6989 6918//6987
f 6897//6966 6921//6991 6919//6990 6920//6989
f 6900//6969 6896//6967 6897//6966 6920//6989
f 6923//6992 6922//6993 6919//6990 6921//6991
f 6894//6963 6924//6994 6923//6992 6921//6991
f 6897//6966 6893//6964 6894//6963 6921//6991
f 6926//6995 6925//6996 6923//6992 6924//6994
f 6890//6960 6927//6997 6926//6995 6924//6994
f 6894//6963 6889//6961 6890//6960 6924//6994
f 6929//6998 6928//6999 6926//6995 6927//6997
f 6931//7000 6930//7001 6929//6998 6927//6997
f 6890//6960 6891//6959 6931//7000 6927//6997
f 6933//7002 6932//7003 6930//7001 6931//7000
f 6891//6959 6884//6953 6933//7002 6931//7000
f 6880//6949 6934//7004 6932//7003 6933//7002
f 6884//6953 6879//6950 6880//6949 6933//7002
f 6936//7005 6935//7006 6932//7003 6934//7004
f 6877//6946 6937//7007 6936//7005 6934//7004
f 6880//6949 6876//6947 6877//6946 6934//7004
f 6939//7008 6938//7009 6936//7005 6937//7007
f 5090//5114 5091//5113 6939//7008 6937//7007
f 6877//6946 5094//5116 5090//5114 6937//7007
f 6941//7010 6940//7011 6938//7009 6939//7008
f 5091//5113 6942//7012 6941//7010 6939//7008
f 6944//7013 6943//7014 6941//7010 6942//7012
f 6946//7015 6945//7016 6944//7013 6942//7012
f 5091//5113 5092//5112 6946//7015 6942//7012
f 6872//6942 6947//7017 6945//7016 6946//7015
f 5092//5112 5095//5118 6872//6942 6946//7015
f 6949//7018 6948//7019 6945//7016 6947//7017
f 6866//6936 6950//7020 6949//7018 6947//7017
f 6872//6942 6865//6937 6866//6936 6947//7017
f 6952//7021 6951//7022 6949//7018 6950//7020
f 6954//7023 6953//7024 6952//7021 6950//7020
f 6866//6936 6867//6935 6954//7023 6950//7020
f 6956//7025 6955//7026 6953//7024 6954//7023
f 6867//6935 6868//6938 6956//7025 6954//7023
f 6958//7027 6957//7028 6955//7026 6956//7025
f 6868//6938 6616//6685 6958//7027 6956//7025
f 6619//6688 6959//7029 6957//7028 6958//7027
f 6616//6685 6617//6684 6619//6688 6958//7027
f 6961//7030 6960//7031 6957//7028 6959//7029
f 6622//6691 6962//7032 6961//7030 6959//7029
f 6619//6688 6620//6687 6622//6691 6959//7029
f 5107//5134 5105//5133 6961//7030 6962//7032
f 6625//6694 5113//5141 5107//5134 6962//7032
f 6622//6691 6623//6690 6625//6694 6962//7032
f 5105//5133 5106//5132 6960//7031 6961//7030
f 5106//5132 6964//7033 6963//7034 6960//7031
f 6963//7034 6955//7026 6957//7028 6960//7031
f 6967//7035 6966//7036 6965//7037 6964//7033
f 5106//5132 5103//5131 6967//7035 6964//7033
f 6965//7037 6968//7038 6963//7034 6964//7033
f 6965//7037 6970//7039 6969//7040 6968//7038
f 6953//7024 6955//7026 6963//7034 6968//7038
f 6969//7040 6952//7021 6953//7024 6968//7038
f 6973//7041 6972//7042 6971//7043 6970//7039
f 6965//7037 6966//7036 6973//7041 6970//7039
f 6971//7043 6974//7044 6969//7040 6970//7039
f 6971//7043 6976//7045 6975//7046 6974//7044
f 6951//7022 6952//7021 6969//7040 6974//7044
f 6975//7046 6977//7047 6951//7022 6974//7044
f 6975//7046 6979//7048 6978//7049 6977//7047
f 6948//7019 6949//7018 6951//7022 6977//7047
f 6978//7049 6980//7050 6948//7019 6977//7047
f 6978//7049 6982//7051 6981//7052 6980//7050
f 6944//7013 6945//7016 6948//7019 6980//7050
f 6981//7052 6943//7014 6944//7013 6980//7050
f 6985//7053 6984//7054 6983//7055 6982//7051
f 6978//7049 6979//7048 6985//7053 6982//7051
f 6983//7055 6986//7056 6981//7052 6982//7051
f 6983//7055 6988//7057 6987//7058 6986//7056
f 6989//7059 6943//7014 6981//7052 6986//7056
f 6987//7058 6990//7060 6989//7059 6986//7056
f 6987//7058 6992//7061 6991//7062 6990//7060
f 6993//7063 6940//7011 6989//7059 6990//7060
f 6991//7062 6994//7064 6993//7063 6990//7060
f 6991//7062 6996//7065 6995//7066 6994//7064
f 6998//7067 6997//7068 6993//7063 6994//7064
f 6995//7066 6999//7069 6998//7067 6994//7064
f 6995//7066 7001//7070 7000//7071 6999//7069
f 7003//7072 7002//7073 6998//7067 6999//7069
f 7000//7071 7004//7074 7003//7072 6999//7069
f 7000//7071 7006//7075 7005//7076 7004//7074
f 6928//6999 6929//6998 7003//7072 7004//7074
f 7005//7076 7007//7077 6928//6999 7004//7074
f 7005//7076 7009//7078 7008//7079 7007//7077
f 6925//6996 6926//6995 6928//6999 7007//7077
f 7008//7079 7010//7080 6925//6996 7007//7077
f 7008//7079 7012//7081 7011//7082 7010//7080
f 6922//6993 6923//6992 6925//6996 7010//7080
f 7011//7082 7013//7083 6922//6993 7010//7080
f 7011//7082 7015//7084 7014//7085 7013//7083
f 6917//6988 6919//6990 6922//6993 7013//7083
f 7014//7085 6916//6985 6917//6988 7013//7083
f 7018//7086 7017//7087 7016//7088 7015//7084
f 7011//7082 7012//7081 7018//7086 7015//7084
f 7016//7088 7019//7089 7014//7085 7015//7084
f 7016//7088 7021//7090 7020//7091 7019//7089
f 6915//6986 6916//6985 7014//7085 7019//7089
f 7020//7091 7022//7092 6915//6986 7019//7089
f 7020//7091 7024//7093 7023//7094 7022//7092
f 6912//6983 6913//6982 6915//6986 7022//7092
f 7023//7094 7025//7095 6912//6983 7022//7092
f 7023//7094 7027//7096 7026//7097 7025//7095
f 5080//5101 6910//6981 6912//6983 7025//7095
f 7026//7097 5079//5102 5080//5101 7025//7095
f 7030//7098 7029//7099 7028//7100 7027//7096
f 7023//7094 7024//7093 7030//7098 7027//7096
f 7028//7100 7031//7101 7026//7097 7027//7096
f 7028//7100 7033//7102 7032//7103 7031//7101
f 7034//7104 5079//5102 7026//7097 7031//7101
f 7032//7103 7035//7105 7034//7104 7031//7101
f 7032//7103 7037//7106 7036//7107 7035//7105
f 7038//7108 5073//5094 7034//7104 7035//7105
f 7036//7107 7039//7109 7038//7108 7035//7105
f 7036//7107 7041//7110 7040//7111 7039//7109
f 7043//7112 7042//7113 7038//7108 7039//7109
f 7040//7111 7044//7114 7043//7112 7039//7109
f 7040//7111 7046//7115 7045//7116 7044//7114
f 7048//7117 7047//7118 7043//7112 7044//7114
f 7045//7116 7049//7119 7048//7117 7044//7114
f 7045//7116 7051//7120 7050//7121 7049//7119
f 7052//7122 5066//5085 7048//7117 7049//7119
f 7050//7121 7053//7123 7052//7122 7049//7119
f 7050//7121 5060//5075 5056//5074 7053//7123
f 7055//7124 7054//7125 7052//7122 7053//7123
f 5056//5074 5057//5073 7055//7124 7053//7123
f 7057//7126 7056//7127 7054//7125 7055//7124
f 5057//5073 7058//7128 7057//7126 7055//7124
f 5057//5073 5058//5072 7059//7129 7058//7128
f 7061//7130 7060//7131 7057//7126 7058//7128
f 7059//7129 7062//7132 7061//7130 7058//7128
f 7059//7129 7064//7133 7063//7134 7062//7132
f 7066//7135 7065//7136 7061//7130 7062//7132
f 7063//7134 7067//7137 7066//7135 7062//7132
f 7063//7134 7069//7138 7068//7139 7067//7137
f 7071//7140 7070//7141 7066//7135 7067//7137
f 7068//7139 7072//7142 7071//7140 7067//7137
f 7068//7139 7074//7143 7073//7144 7072//7142
f 7076//7145 7075//7146 7071//7140 7072//7142
f 7073//7144 7077//7147 7076//7145 7072//7142
f 7073//7144 7079//7148 7078//7149 7077//7147
f 7081//7150 7080//7151 7076//7145 7077//7147
f 7078//7149 7082//7152 7081//7150 7077//7147
f 7078//7149 7084//7153 7083//7154 7082//7152
f 7086//7155 7085//7156 7081//7150 7082//7152
f 7083//7154 7087//7157 7086//7155 7082//7152
f 7083//7154 7089//7158 7088//7159 7087//7157
f 7091//7160 7090//7161 7086//7155 7087//7157
f 7088//7159 7092//7162 7091//7160 7087//7157
f 7088//7159 7094//7163 7093//7164 7092//7162
f 7096//7165 7095//7166 7091//7160 7092//7162
f 7093//7164 7097//7167 7096//7165 7092//7162
f 7093//7164 7099//7168 7098//7169 7097//7167
f 7101//7170 7100//7171 7096//7165 7097//7167
f 7098//7169 7102//7172 7101//7170 7097//7167
f 7098//7169 7104//7173 7103//7174 7102//7172
f 7106//7175 7105//7176 7101//7170 7102//7172
f 7103//7174 7107//7177 7106//7175 7102//7172
f 7103//7174 7109//7178 7108//7179 7107//7177
f 7111//7180 7110//7181 7106//7175 7107//7177
f 7108//7179 7112//7182 7111//7180 7107//7177
f 7108//7179 7114//7183 7113//7184 7112//7182
f 7116//7185 7115//7186 7111//7180 7112//7182
f 7113//7184 4943//4933 7116//7185 7112//7182
f 7118//7187 7117//7188 7115//7186 7116//7185
f 4943//4933 4944//4932 7118//7187 7116//7185
f 7120//7189 7119//7190 7117//7188 7118//7187
f 4944//4932 7121//7191 7120//7189 7118//7187
f 4944//4932 4769//4927 4917//4897 7121//7191
f 7123//7192 7122//7193 7120//7189 7121//7191
f 4917//4897 4915//4895 7123//7192 7121//7191
f 4893//4870 7124//7194 7122//7193 7123//7192
f 4915//4895 4892//4871 4893//4870 7123//7192
f 7126//7195 7125//7196 7122//7193 7124//7194
f 7128//7197 7127//7198 7126//7195 7124//7194
f 4893//4870 4891//4868 7128//7197 7124//7194
f 7130//7199 7129//7200 7127//7198 7128//7197
f 4891//4868 4884//4861 7130//7199 7128//7197
f 7132//7201 7131//7202 7129//7200 7130//7199
f 4884//4861 4885//4860 7132//7201 7130//7199
f 7134//7203 7133//7204 7131//7202 7132//7201
f 4885//4860 7135//7205 7134//7203 7132//7201
f 4885//4860 4755//4856 4879//4855 7135//7205
f 7137//7206 7136//7207 7134//7203 7135//7205
f 4879//4855 7138//7208 7137//7206 7135//7205
f 4879//4855 4880//4854 7139//7209 7138//7208
f 7141//7210 7140//7211 7137//7206 7138//7208
f 7139//7209 7142//7212 7141//7210 7138//7208
f 7139//7209 7144//7213 7143//7214 7142//7212
f 2537//2565 2536//2564 7141//7210 7142//7212
f 7143//7214 2538//2566 2537//2565 7142//7212
f 7143//7214 7145//7215 2539//2567 2538//2566
f 7147//7216 7146//7217 2542//2570 2541//2569
f 2539//2567 7145//7215 7147//7216 2541//2569
f 7149//7218 7148//7219 7146//7217 7147//7216
f 7145//7215 7150//7220 7149//7218 7147//7216
f 7152//7221 7151//7222 7149//7218 7150//7220
f 7144//7213 7153//7223 7152//7221 7150//7220
f 7145//7215 7143//7214 7144//7213 7150//7220
f 4886//4864 7154//7224 7152//7221 7153//7223
f 4880//4854 4756//4853 4886//4864 7153//7223
f 7144//7213 7139//7209 4880//4854 7153//7223
f 7157//7225 7156//7226 7155//7227 7154//7224
f 4886//4864 4887//4863 7157//7225 7154//7224
f 7155//7227 7151//7222 7152//7221 7154//7224
f 7159//7228 7158//7229 7156//7226 7157//7225
f 4887//4863 7160//7230 7159//7228 7157//7225
f 7162//7231 7161//7232 7159//7228 7160//7230
f 7164//7233 7163//7234 7162//7231 7160//7230
f 4887//4863 4888//4862 7164//7233 7160//7230
f 7166//7235 7165//7236 7163//7234 7164//7233
f 4888//4862 4889//4866 7166//7235 7164//7233
f 7168//7237 7167//7238 7165//7236 7166//7235
f 4889//4866 7169//7239 7168//7237 7166//7235
f 7171//7240 7170//7241 7168//7237 7169//7239
f 4895//4874 7172//7242 7171//7240 7169//7239
f 4889//4866 4890//4865 4895//4874 7169//7239
f 7174//7243 7173//7244 7171//7240 7172//7242
f 7176//7245 7175//7246 7174//7243 7172//7242
f 4895//4874 4896//4873 7176//7245 7172//7242
f 7178//7247 7177//7248 7175//7246 7176//7245
f 4896//4873 4897//4876 7178//7247 7176//7245
f 7180//7249 7179//7250 7177//7248 7178//7247
f 4897//4876 7181//7251 7180//7249 7178//7247
f 4897//4876 4898//4875 7182//7252 7181//7251
f 7184//7253 7183//7254 7180//7249 7181//7251
f 7182//7252 7185//7255 7184//7253 7181//7251
f 7182//7252 4923//4904 4924//4907 7185//7255
f 7187//7256 7186//7257 7184//7253 7185//7255
f 4924//4907 7188//7258 7187//7256 7185//7255
f 4924//4907 4925//4906 7189//7259 7188//7258
f 7191//7260 7190//7261 7187//7256 7188//7258
f 7189//7259 7192//7262 7191//7260 7188//7258
f 7189//7259 7194//7263 7193//7264 7192//7262
f 7196//7265 7195//7266 7191//7260 7192//7262
f 7193//7264 7197//7267 7196//7265 7192//7262
f 7193//7264 4941//4929 7198//7268 7197//7267
f 7200//7269 7199//7270 7196//7265 7197//7267
f 7198//7268 7201//7271 7200//7269 7197//7267
f 7198//7268 7203//7272 7202//7273 7201//7271
f 7205//7274 7204//7275 7200//7269 7201//7271
f 7202//7273 7206//7276 7205//7274 7201//7271
f 7208//7277 7207//7278 7205//7274 7206//7276
f 7210//7279 7209//7280 7208//7277 7206//7276
f 7202//7273 7211//7281 7210//7279 7206//7276
f 7213//7282 7212//7283 7210//7279 7211//7281
f 4945//4935 4946//4934 7213//7282 7211//7281
f 7202//7273 7203//7272 4945//4935 7211//7281
f 7114//7183 7214//7284 7212//7283 7213//7282
f 4946//4934 7113//7184 7114//7183 7213//7282
f 7216//7285 7215//7286 7212//7283 7214//7284
f 7109//7178 7217//7287 7216//7285 7214//7284
f 7114//7183 7108//7179 7109//7178 7214//7284
f 7219//7288 7218//7289 7216//7285 7217//7287
f 7104//7173 7220//7290 7219//7288 7217//7287
f 7109//7178 7103//7174 7104//7173 7217//7287
f 7222//7291 7221//7292 7219//7288 7220//7290
f 7099//7168 7223//7293 7222//7291 7220//7290
f 7104//7173 7098//7169 7099//7168 7220//7290
f 7225//7294 7224//7295 7222//7291 7223//7293
f 7094//7163 7226//7296 7225//7294 7223//7293
f 7099//7168 7093//7164 7094//7163 7223//7293
f 7228//7297 7227//7298 7225//7294 7226//7296
f 7089//7158 7229//7299 7228//7297 7226//7296
f 7094//7163 7088//7159 7089//7158 7226//7296
f 7231//7300 7230//7301 7228//7297 7229//7299
f 7084//7153 7232//7302 7231//7300 7229//7299
f 7089//7158 7083//7154 7084//7153 7229//7299
f 7234//7303 7233//7304 7231//7300 7232//7302
f 7079//7148 7235//7305 7234//7303 7232//7302
f 7084//7153 7078//7149 7079//7148 7232//7302
f 7237//7306 7236//7307 7234//7303 7235//7305
f 7074//7143 7238//7308 7237//7306 7235//7305
f 7079//7148 7073//7144 7074//7143 7235//7305
f 7240//7309 7239//7310 7237//7306 7238//7308
f 7069//7138 7241//7311 7240//7309 7238//7308
f 7074//7143 7068//7139 7069//7138 7238//7308
f 5054//5069 7242//7312 7240//7309 7241//7311
f 7064//7133 5053//5067 5054//5069 7241//7311
f 7069//7138 7063//7134 7064//7133 7241//7311
f 7243//7313 7239//7310 7240//7309 7242//7312
f 7245//7314 7243//7313 7242//7312 7244//7315
f 5050//7316 7248//7317 7247//7318 7246//7319
f 7247//7318 7249//7320 7245//7314 7246//7319
f 7247//7318 7251//7321 7250//7322 7249//7320
f 7252//7323 7243//7313 7245//7314 7249//7320
f 7250//7322 7253//7324 7252//7323 7249//7320
f 7250//7322 7255//7325 7254//7326 7253//7324
f 7257//7327 7256//7328 7252//7323 7253//7324
f 7254//7326 7258//7329 7257//7327 7253//7324
f 7254//7326 7260//7330 7259//7331 7258//7329
f 7262//7332 7261//7333 7257//7327 7258//7329
f 7259//7331 7263//7334 7262//7332 7258//7329
f 7259//7331 4983//4984 4984//4983 7263//7334
f 7265//7335 7264//7336 7262//7332 7263//7334
f 4984//4983 7266//7337 7265//7335 7263//7334
f 4984//4983 4974//4973 4975//4972 7266//7337
f 7268//7338 7267//7339 7265//7335 7266//7337
f 4975//4972 4976//4975 7268//7338 7266//7337
f 7269//7340 7227//7298 7267//7339 7268//7338
f 4976//4975 7270//7341 7269//7340 7268//7338
f 4976//4975 4972//4968 7271//7342 7270//7341
f 7272//7343 7224//7295 7269//7340 7270//7341
f 7271//7342 7273//7344 7272//7343 7270//7341
f 7271//7342 4967//4957 7274//7345 7273//7344
f 7275//7346 7221//7292 7272//7343 7273//7344
f 7274//7345 7276//7347 7275//7346 7273//7344
f 7274//7345 7278//7348 7277//7349 7276//7347
f 7279//7350 7218//7289 7275//7346 7276//7347
f 7277//7349 7280//7351 7279//7350 7276//7347
f 7277//7349 7282//7352 7281//7353 7280//7351
f 7209//7280 7215//7286 7279//7350 7280//7351
f 7281//7353 7208//7277 7209//7280 7280//7351
f 4968//4960 4777//4963 7283//7354 7282//7352
f 7277//7349 7278//7348 4968//4960 7282//7352
f 7283//7354 7284//7355 7281//7353 7282//7352
f 7207//7278 7208//7277 7281//7353 7284//7355
f 7286//7356 7285//7357 7207//7278 7284//7355
f 7283//7354 7287//7358 7286//7356 7284//7355
f 7289//7359 7288//7360 7286//7356 7287//7358
f 4969//4966 7290//7361 7289//7359 7287//7358
f 7283//7354 4777//4963 4969//4966 7287//7358
f 7292//7362 7291//7363 7289//7359 7290//7361
f 7294//7364 7293//7365 7292//7362 7290//7361
f 4969//4966 4970//4965 7294//7364 7290//7361
f 7296//7366 7295//7367 7293//7365 7294//7364
f 4970//4965 4978//4978 7296//7366 7294//7364
f 4979//4980 7297//7368 7295//7367 7296//7366
f 4978//4978 4977//4977 4979//4980 7296//7366
f 7299//7369 7298//7370 7295//7367 7297//7368
f 7301//7371 7300//7372 7299//7369 7297//7368
f 4979//4980 4980//4979 7301//7371 7297//7368
f 5008//5011 5011//5016 7300//7372 7301//7371
f 4980//4979 4981//4982 5008//5011 7301//7371
f 7303//7373 7302//7374 7299//7369 7300//7372
f 5011//5016 7304//7375 7303//7373 7300//7372
f 7306//7376 7305//7377 7303//7373 7304//7375
f 7308//7378 7307//7379 7306//7376 7304//7375
f 5011//5016 5009//5015 7308//7378 7304//7375
f 7310//7380 7309//7381 7307//7379 7308//7378
f 5009//5015 5010//5014 7310//7380 7308//7378
f 7312//7382 7311//7383 7309//7381 7310//7380
f 5010//5014 7313//7384 7312//7382 7310//7380
f 5010//5014 5007//5012 7314//7385 7313//7384
f 5031//5041 7315//7386 7312//7382 7313//7384
f 7314//7385 5013//5018 5031//5041 7313//7384
f 7316//7387 7311//7383 7312//7382 7315//7386
f 5038//5049 7317//7388 7316//7387 7315//7386
f 5031//5041 5032//5040 5038//5049 7315//7386
f 5047//5061 7318//7389 7316//7387 7317//7388
f 7319//7390 4795//5062 5047//5061 7317//7388
f 5038//5049 5039//5048 7319//7390 7317//7388
f 7248//7317 5050//7316 4795//5062 7319//7390
f 5039//5048 5040//5050 7248//7317 7319//7390
f 7320//7391 7311//7383 7316//7387 7318//7389
f 7322//7392 7321//7393 7320//7391 7318//7389
f 5047//5061 5048//5060 7322//7392 7318//7389
f 7324//7394 7323//7395 7321//7393 7322//7392
f 5048//5060 5052//5064 7324//7394 7322//7392
f 5055//5071 7325//7396 7323//7395 7324//7394
f 5052//5064 4797//5063 5055//5071 7324//7394
f 7327//7397 7326//7398 7323//7395 7325//7396
f 5059//5076 7328//7399 7327//7397 7325//7396
f 5055//5071 4798//5070 5059//5076 7325//7396
f 7330//7400 7329//7401 7327//7397 7328//7399
f 7332//7402 7331//7403 7330//7400 7328//7399
f 5059//5076 5060//5075 7332//7402 7328//7399
f 7051//7120 7333//7404 7331//7403 7332//7402
f 5060//5075 7050//7121 7051//7120 7332//7402
f 7335//7405 7334//7406 7331//7403 7333//7404
f 7046//7115 7336//7407 7335//7405 7333//7404
f 7051//7120 7045//7116 7046//7115 7333//7404
f 7338//7408 7337//7409 7335//7405 7336//7407
f 7041//7110 7339//7410 7338//7408 7336//7407
f 7046//7115 7040//7111 7041//7110 7336//7407
f 7341//7411 7340//7412 7338//7408 7339//7410
f 7037//7106 7342//7413 7341//7411 7339//7410
f 7041//7110 7036//7107 7037//7106 7339//7410
f 7344//7414 7343//7415 7341//7411 7342//7413
f 7033//7102 7345//7416 7344//7414 7342//7413
f 7037//7106 7032//7103 7033//7102 7342//7413
f 7347//7417 7346//7418 7344//7414 7345//7416
f 7029//7099 7348//7419 7347//7417 7345//7416
f 7033//7102 7028//7100 7029//7099 7345//7416
f 7350//7420 7349//7421 7347//7417 7348//7419
f 7352//7422 7351//7423 7350//7420 7348//7419
f 7029//7099 7030//7098 7352//7422 7348//7419
f 7354//7424 7353//7425 7351//7423 7352//7422
f 7030//7098 7024//7093 7354//7424 7352//7422
f 7021//7090 7355//7426 7353//7425 7354//7424
f 7024//7093 7020//7091 7021//7090 7354//7424
f 7357//7427 7356//7428 7353//7425 7355//7426
f 7017//7087 7358//7429 7357//7427 7355//7426
f 7021//7090 7016//7088 7017//7087 7355//7426
f 7360//7430 7359//7431 7357//7427 7358//7429
f 7362//7432 7361//7433 7360//7430 7358//7429
f 7017//7087 7018//7086 7362//7432 7358//7429
f 7364//7434 7363//7435 7361//7433 7362//7432
f 7018//7086 7012//7081 7364//7434 7362//7432
f 7009//7078 7365//7436 7363//7435 7364//7434
f 7012//7081 7008//7079 7009//7078 7364//7434
f 7367//7437 7366//7438 7363//7435 7365//7436
f 7006//7075 7368//7439 7367//7437 7365//7436
f 7009//7078 7005//7076 7006//7075 7365//7436
f 7370//7440 7369//7441 7367//7437 7368//7439
f 7001//7070 7371//7442 7370//7440 7368//7439
f 7006//7075 7000//7071 7001//7070 7368//7439
f 7373//7443 7372//7444 7370//7440 7371//7442
f 6996//7065 7374//7445 7373//7443 7371//7442
f 7001//7070 6995//7066 6996//7065 7371//7442
f 7376//7446 7375//7447 7373//7443 7374//7445
f 6992//7061 7377//7448 7376//7446 7374//7445
f 6996//7065 6991//7062 6992//7061 7374//7445
f 7379//7449 7378//7450 7376//7446 7377//7448
f 6988//7057 7380//7451 7379//7449 7377//7448
f 6992//7061 6987//7058 6988//7057 7377//7448
f 7382//7452 7381//7453 7379//7449 7380//7451
f 6984//7054 7383//7454 7382//7452 7380//7451
f 6988//7057 6983//7055 6984//7054 7380//7451
f 7385//7455 7384//7456 7382//7452 7383//7454
f 7387//7457 7386//7458 7385//7455 7383//7454
f 6984//7054 6985//7053 7387//7457 7383//7454
f 7389//7459 7388//7460 7386//7458 7387//7457
f 6985//7053 6979//7048 7389//7459 7387//7457
f 6976//7045 7390//7461 7388//7460 7389//7459
f 6979//7048 6975//7046 6976//7045 7389//7459
f 7392//7462 7391//7463 7388//7460 7390//7461
f 6972//7042 7393//7464 7392//7462 7390//7461
f 6976//7045 6971//7043 6972//7042 7390//7461
f 7395//7465 7394//7466 7392//7462 7393//7464
f 7397//7467 7396//7468 7395//7465 7393//7464
f 6972//7042 6973//7041 7397//7467 7393//7464
f 7399//7469 7398//7470 7396//7468 7397//7467
f 6973//7041 6966//7036 7399//7469 7397//7467
f 7401//7471 7400//7472 7398//7470 7399//7469
f 6966//7036 6967//7035 7401//7471 7399//7469
f 5104//5130 7402//7473 7400//7472 7401//7471
f 6967//7035 5103//5131 5104//5130 7401//7471
f 7404//7474 7403//7475 7400//7472 7402//7473
f 7406//7476 7405//7477 7404//7474 7402//7473
f 5104//5130 5100//5128 7406//7476 7402//7473
f 7407//7478 5115//5142 7405//7477 7406//7476
f 5100//5128 5101//5127 7407//7478 7406//7476
f 5121//7479 5114//5143 5115//5142 7407//7478
f 5101//5127 7408//7480 5121//7479 7407//7478
f 5101//5127 5102//5126 7409//7481 7408//7480
f 7410//7482 5120//7483 5121//7479 7408//7480
f 7409//7481 7411//7484 7410//7482 7408//7480
f 7409//7481 7413//7485 7412//7486 7411//7484
f 7415//7487 7414//7488 7410//7482 7411//7484
f 7412//7486 7416//7489 7415//7487 7411//7484
f 7412//7486 7418//7490 7417//7491 7416//7489
f 7420//7492 7419//7493 7415//7487 7416//7489
f 7417//7491 7421//7494 7420//7492 7416//7489
f 7417//7491 7423//7495 7422//7496 7421//7494
f 7425//7497 7424//7498 7420//7492 7421//7494
f 7422//7496 7426//7499 7425//7497 7421//7494
f 7422//7496 7428//7500 7427//7501 7426//7499
f 7430//7502 7429//7503 7425//7497 7426//7499
f 7427//7501 7431//7504 7430//7502 7426//7499
f 7427//7501 7433//7505 7432//7506 7431//7504
f 7435//7507 7434//7508 7430//7502 7431//7504
f 7432//7506 7436//7509 7435//7507 7431//7504
f 7432//7506 7438//7510 7437//7511 7436//7509
f 7440//7512 7439//7513 7435//7507 7436//7509
f 7437//7511 7441//7514 7440//7512 7436//7509
f 7437//7511 7443//7515 7442//7516 7441//7514
f 7445//7517 7444//7518 7440//7512 7441//7514
f 7442//7516 7446//7519 7445//7517 7441//7514
f 7442//7516 7448//7520 7447//7521 7446//7519
f 7450//7522 7449//7523 7445//7517 7446//7519
f 7447//7521 7451//7524 7450//7522 7446//7519
f 7447//7521 7453//7525 7452//7526 7451//7524
f 7455//7527 7454//7528 7450//7522 7451//7524
f 7452//7526 7456//7529 7455//7527 7451//7524
f 7452//7526 7458//7530 7457//7531 7456//7529
f 7460//7532 7459//7533 7455//7527 7456//7529
f 7457//7534 7461//7535 7460//7532 7456//7529
f 7457//7534 7463//7536 7462//7537 7461//7535
f 7465//7538 7464//7539 7460//7532 7461//7535
f 7462//7537 7466//7540 7465//7538 7461//7535
f 7462//7537 7468//7541 7467//7542 7466//7540
f 7470//7543 7469//7544 7465//7538 7466//7540
f 7467//7542 7471//7545 7470//7543 7466//7540
f 7467//7542 7473//7546 7472//7547 7471//7545
f 7475//7548 7474//7549 7470//7543 7471//7545
f 7472//7547 7476//7550 7475//7548 7471//7545
f 7472//7547 7478//7551 7477//7552 7476//7550
f 7480//7553 7479//7554 7475//7548 7476//7550
f 7477//7552 7481//7555 7480//7553 7476//7550
f 7477//7552 7483//7556 7482//7557 7481//7555
f 7485//7558 7484//7559 7480//7553 7481//7555
f 7482//7557 7486//7560 7485//7558 7481//7555
f 7482//7557 7488//7561 7487//7562 7486//7560
f 7490//7563 7489//7564 7485//7558 7486//7560
f 7487//7562 7491//7565 7490//7563 7486//7560
f 7487//7562 7493//7566 7492//7567 7491//7565
f 7495//7568 7494//7569 7490//7563 7491//7565
f 7492//7567 7496//7570 7495//7568 7491//7565
f 7492//7567 7498//7571 7497//7572 7496//7570
f 7500//7573 7499//7574 7495//7568 7496//7570
f 7497//7572 5046//5058 7500//7573 7496//7570
f 7502//7575 7501//7576 7499//7574 7500//7573
f 5046//5058 5043//5056 7502//7575 7500//7573
f 7504//7577 7503//7578 7501//7576 7502//7575
f 5043//5056 5044//5055 7504//7577 7502//7575
f 7506//7579 7505//7580 7503//7578 7504//7577
f 5044//5055 5045//5057 7506//7579 7504//7577
f 7508//7581 7507//7582 7505//7580 7506//7579
f 5045//5057 7509//7583 7508//7581 7506//7579
f 5045//5057 5041//5053 7510//7584 7509//7583
f 7512//7585 7511//7586 7508//7581 7509//7583
f 7510//7584 7513//7587 7512//7585 7509//7583
f 7510//7584 7515//7588 7514//7589 7513//7587
f 7517//7590 7516//7591 7512//7585 7513//7587
f 7514//7589 7518//7592 7517//7590 7513//7587
f 7514//7589 7498//7571 7519//7593 7518//7592
f 7521//7594 7520//7595 7517//7590 7518//7592
f 7519//7593 7522//7596 7521//7594 7518//7592
f 5006//5009 4999//5004 7521//7594 7522//7596
f 7524//7597 7523//7598 5006//5009 7522//7596
f 7519//7593 7493//7566 7524//7597 7522//7596
f 7488//7561 7525//7599 7523//7598 7524//7597
f 7493//7566 7487//7562 7488//7561 7524//7597
f 7527//7600 7526//7601 7523//7598 7525//7599
f 7483//7556 7528//7602 7527//7600 7525//7599
f 7488//7561 7482//7557 7483//7556 7525//7599
f 7529//7603 5021//5029 7527//7600 7528//7602
f 7478//7551 7530//7604 7529//7603 7528//7602
f 7483//7556 7477//7552 7478//7551 7528//7602
f 7532//7605 7531//7606 7529//7603 7530//7604
f 7473//7546 7533//7607 7532//7605 7530//7604
f 7478//7551 7472//7547 7473//7546 7530//7604
f 7535//7608 7534//7609 7532//7605 7533//7607
f 7468//7541 7536//7610 7535//7608 7533//7607
f 7473//7546 7467//7542 7468//7541 7533//7607
f 7538//7611 7537//7612 7535//7613 7536//7614
f 7463//7615 7539//7616 7538//7611 7536//7614
f 7468//7541 7462//7537 7463//7536 7536//7610
f 7541//7617 7540//7618 7538//7611 7539//7616
f 7458//7530 7542//7619 7541//7617 7539//7616
f 7463//7615 7457//7531 7458//7530 7539//7616
f 7544//7620 7543//7621 7541//7617 7542//7619
f 7453//7525 7545//7622 7544//7620 7542//7619
f 7458//7530 7452//7526 7453//7525 7542//7619
f 7547//7623 7546//7624 7544//7620 7545//7622
f 7448//7520 7548//7625 7547//7623 7545//7622
f 7453//7525 7447//7521 7448//7520 7545//7622
f 7550//7626 7549//7627 7547//7623 7548//7625
f 7443//7515 7551//7628 7550//7626 7548//7625
f 7448//7520 7442//7516 7443//7515 7548//7625
f 7553//7629 7552//7630 7550//7626 7551//7628
f 7438//7510 7554//7631 7553//7629 7551//7628
f 7443//7515 7437//7511 7438//7510 7551//7628
f 7556//7632 7555//7633 7553//7629 7554//7631
f 7433//7505 7557//7634 7556//7632 7554//7631
f 7438//7510 7432//7506 7433//7505 7554//7631
f 7559//7635 7558//7636 7556//7632 7557//7634
f 7428//7500 7560//7637 7559//7635 7557//7634
f 7433//7505 7427//7501 7428//7500 7557//7634
f 7562//7638 7561//7639 7559//7635 7560//7637
f 7423//7495 7563//7640 7562//7638 7560//7637
f 7428//7500 7422//7496 7423//7495 7560//7637
f 7565//7641 7564//7642 7562//7638 7563//7640
f 7418//7490 7566//7643 7565//7641 7563//7640
f 7423//7495 7417//7491 7418//7490 7563//7640
f 7568//7644 7567//7645 7565//7641 7566//7643
f 7413//7485 7569//7646 7568//7644 7566//7643
f 7418//7490 7412//7486 7413//7485 7566//7643
f 7571//7647 7570//7648 7568//7644 7569//7646
f 5102//5126 4811//5129 7571//7647 7569//7646
f 7413//7485 7409//7481 5102//5126 7569//7646
f 7573//7649 7572//7650 7570//7648 7571//7647
f 4811//5129 5108//5137 7573//7649 7571//7647
f 7575//7651 7574//7652 7572//7650 7573//7649
f 5108//5137 7576//7653 7575//7651 7573//7649
f 7578//7654 7577//7655 7575//7651 7576//7653
f 5116//5145 7579//7656 7578//7654 7576//7653
f 5108//5137 5109//5136 5116//5145 7576//7653
f 7581//7657 7580//7658 7578//7654 7579//7656
f 7583//7659 7582//7660 7581//7657 7579//7656
f 5116//5145 5117//5144 7583//7659 7579//7656
f 7586//7661 7585//7662 7582//7660 7584//7663
f 7588//7664 7587//7665 7586//7661 7584//7663
f 5113//5141 6625//6694 6626//6693 7589//7666
f 7593//7667 7592//7668 7591//7669 7590//7670
f 7595//7671 7594//7672 7592//7668 7593//7667
f 7598//7673 7597//7674 7596//7675 7595//7671
f 7593//7667 7599//7676 7598//7673 7595//7671
f 7596//7675 7600//7677 7594//7672 7595//7671
f 7596//7675 7602//7678 7601//7679 7600//7677
f 7604//7680 7603//7681 7594//7672 7600//7677
f 7601//7679 7605//7682 7604//7680 7600//7677
f 7601//7679 7607//7683 7606//7684 7605//7682
f 7609//7685 7608//7686 7604//7680 7605//7682
f 7606//7684 7610//7687 7609//7685 7605//7682
f 7606//7684 7612//7688 7611//7689 7610//7687
f 7614//7690 7613//7691 7609//7685 7610//7687
f 7611//7689 7615//7692 7614//7690 7610//7687
f 7611//7689 7617//7693 7616//7694 7615//7692
f 7619//7695 7618//7696 7614//7690 7615//7692
f 7616//7694 7620//7697 7619//7695 7615//7692
f 7616//7694 7622//7698 7621//7699 7620//7697
f 7624//7700 7623//7701 7619//7702 7620//7703
f 7621//7704 7625//7705 7624//7700 7620//7703
f 7621//7704 7627//7706 7626//7707 7625//7705
f 7629//7708 7628//7709 7624//7700 7625//7705
f 7626//7707 7630//7710 7629//7708 7625//7705
f 7626//7707 7632//7711 7631//7712 7630//7710
f 7634//7713 7633//7714 7629//7708 7630//7710
f 7631//7712 7635//7715 7634//7713 7630//7710
f 7631//7712 7637//7716 7636//7717 7635//7715
f 7639//7718 7638//7719 7634//7713 7635//7715
f 7636//7717 7640//7720 7639//7718 7635//7715
f 7636//7717 7642//7721 7641//7722 7640//7720
f 7644//7723 7643//7724 7639//7718 7640//7720
f 7641//7722 7645//7725 7644//7723 7640//7720
f 7641//7722 7647//7726 7646//7727 7645//7725
f 7649//7728 7648//7729 7644//7723 7645//7725
f 7646//7727 7650//7730 7649//7728 7645//7725
f 7646//7727 7652//7731 7651//7732 7650//7730
f 7654//7733 7653//7734 7649//7728 7650//7730
f 7651//7732 7655//7735 7654//7733 7650//7730
f 7651//7732 7657//7736 7656//7737 7655//7735
f 7659//7738 7658//7739 7654//7733 7655//7735
f 7656//7737 7660//7740 7659//7738 7655//7735
f 7656//7737 7662//7741 7661//7742 7660//7740
f 7664//7743 7663//7744 7659//7738 7660//7740
f 7661//7742 7665//7745 7664//7743 7660//7740
f 7661//7742 7667//7746 7666//7747 7665//7745
f 7669//7748 7668//7749 7664//7743 7665//7745
f 7666//7747 7670//7750 7669//7748 7665//7745
f 7666//7747 7672//7751 7671//7752 7670//7750
f 7674//7753 7673//7754 7669//7748 7670//7750
f 7671//7752 7675//7755 7674//7753 7670//7750
f 7671//7752 7677//7756 7676//7757 7675//7755
f 7679//7758 7678//7759 7674//7753 7675//7755
f 7676//7757 7680//7760 7679//7758 7675//7755
f 7676//7757 7682//7761 7681//7762 7680//7760
f 7684//7763 7683//7764 7679//7758 7680//7760
f 7681//7762 7685//7765 7684//7763 7680//7760
f 7681//7762 7503//7578 7505//7580 7685//7765
f 7687//7766 7686//7767 7684//7763 7685//7765
f 7505//7580 7507//7582 7687//7766 7685//7765
f 7689//7768 7688//7769 7686//7767 7687//7766
f 7507//7582 7690//7770 7689//7768 7687//7766
f 7507//7582 7508//7581 7511//7586 7690//7770
f 7692//7771 7691//7772 7689//7768 7690//7770
f 7511//7586 7693//7773 7692//7771 7690//7770
f 7511//7586 7512//7585 7516//7591 7693//7773
f 7695//7774 7694//7775 7692//7771 7693//7773
f 7516//7591 7696//7776 7695//7774 7693//7773
f 7516//7591 7517//7590 7520//7595 7696//7776
f 5001//5006 7697//7777 7695//7774 7696//7776
f 7520//7595 5000//5003 5001//5006 7696//7776
f 7698//7778 7694//7775 7695//7774 7697//7777
f 7700//7779 7699//7780 7698//7778 7697//7777
f 5001//5006 5002//5005 7700//7779 7697//7777
f 5033//7781 7701//7782 7699//7780 7700//7779
f 5002//5005 5003//5008 5033//7781 7700//7779
f 7703//7783 7702//7784 7699//7780 7701//7782
f 5019//7785 7704//7786 7703//7783 7701//7782
f 5033//7781 5018//5027 5019//7785 7701//7782
f 7706//7787 7705//7788 7703//7783 7704//7786
f 5020//5030 7531//7606 7706//7789 7704//7790
f 5019//5026 4788//5025 5020//5030 7704//7790
f 7534//7791 7707//7792 7705//7788 7706//7787
f 7531//7606 7532//7605 7534//7609 7706//7789
f 7709//7793 7708//7794 7705//7788 7707//7792
f 7537//7612 7710//7795 7709//7793 7707//7792
f 7534//7791 7535//7613 7537//7612 7707//7792
f 7712//7796 7711//7797 7709//7793 7710//7795
f 7540//7618 7713//7798 7712//7796 7710//7795
f 7537//7612 7538//7611 7540//7618 7710//7795
f 7715//7799 7714//7800 7712//7796 7713//7798
f 7543//7621 7716//7801 7715//7799 7713//7798
f 7540//7618 7541//7617 7543//7621 7713//7798
f 7718//7802 7717//7803 7715//7799 7716//7801
f 7546//7624 7719//7804 7718//7802 7716//7801
f 7543//7621 7544//7620 7546//7624 7716//7801
f 7721//7805 7720//7806 7718//7802 7719//7804
f 7549//7627 7722//7807 7721//7805 7719//7804
f 7546//7624 7547//7623 7549//7627 7719//7804
f 7724//7808 7723//7809 7721//7805 7722//7807
f 7552//7630 7725//7810 7724//7808 7722//7807
f 7549//7627 7550//7626 7552//7630 7722//7807
f 7727//7811 7726//7812 7724//7808 7725//7810
f 7555//7633 7728//7813 7727//7811 7725//7810
f 7552//7630 7553//7629 7555//7633 7725//7810
f 7730//7814 7729//7815 7727//7811 7728//7813
f 7558//7636 7731//7816 7730//7814 7728//7813
f 7555//7633 7556//7632 7558//7636 7728//7813
f 7733//7817 7732//7818 7730//7814 7731//7816
f 7561//7639 7734//7819 7733//7817 7731//7816
f 7558//7636 7559//7635 7561//7639 7731//7816
f 7736//7820 7735//7821 7733//7817 7734//7819
f 7564//7642 7737//7822 7736//7820 7734//7819
f 7561//7639 7562//7638 7564//7642 7734//7819
f 7739//7823 7738//7824 7736//7820 7737//7822
f 7567//7645 7740//7825 7739//7823 7737//7822
f 7564//7642 7565//7641 7567//7645 7737//7822
f 7742//7826 7741//7827 7739//7823 7740//7825
f 7570//7648 7572//7650 7742//7826 7740//7825
f 7567//7645 7568//7644 7570//7648 7740//7825
f 7744//7828 7743//7829 7741//7827 7742//7826
f 7572//7650 7574//7652 7744//7828 7742//7826
f 7746//7830 7745//7831 7743//7829 7744//7828
f 7574//7652 7747//7832 7746//7830 7744//7828
f 7749//7833 7748//7834 7746//7830 7747//7832
f 7577//7655 7750//7835 7749//7833 7747//7832
f 7574//7652 7575//7651 7577//7655 7747//7832
f 7752//7836 7751//7837 7749//7833 7750//7835
f 7580//7658 7753//7838 7752//7836 7750//7835
f 7577//7655 7578//7654 7580//7658 7750//7835
f 7755//7839 7754//7840 7752//7836 7753//7838
f 7757//7841 7756//7842 7755//7839 7753//7838
f 7580//7658 7581//7657 7757//7841 7753//7838
f 7585//7662 7758//7843 7756//7842 7757//7841
f 7581//7657 7582//7660 7585//7662 7757//7841
f 7760//7844 7759//7845 7756//7842 7758//7843
f 7762//7846 7761//7847 7760//7844 7758//7843
f 7585//7662 7586//7661 7762//7846 7758//7843
f 7764//7848 7763//7849 7761//7847 7762//7846
f 7586//7661 7587//7850 7764//7848 7762//7846
f 7766//7851 7765//7852 7763//7849 7764//7848
f 7587//7850 7767//7853 7766//7851 7764//7848
f 7769//7854 7768//7855 7766//7851 7767//7853
f 7771//7856 7770//7857 7769//7858 7767//7859
f 7587//7665 7588//7664 7771//7856 7767//7859
f 7773//7860 7772//7861 7769//7858 7770//7857
f 7775//7862 7774//7863 7773//7860 7770//7857
f 7771//7856 7776//7864 7775//7862 7770//7857
f 7778//7865 7777//7866 7774//7863 7775//7862
f 7776//7864 7779//7867 7778//7865 7775//7862
f 7776//7864 7591//7669 7780//7868 7779//7867
f 7782//7869 7781//7870 7778//7865 7779//7867
f 7780//7868 7783//7871 7782//7869 7779//7867
f 7780//7868 7785//7872 7784//7873 7783//7871
f 7787//7874 7786//7875 7782//7869 7783//7871
f 7784//7873 7788//7876 7787//7874 7783//7871
f 7784//7873 7790//7877 7789//7878 7788//7876
f 7792//7879 7791//7880 7787//7874 7788//7876
f 7789//7878 7793//7881 7792//7879 7788//7876
f 7789//7878 7795//7882 7794//7883 7793//7881
f 7797//7884 7796//7885 7792//7886 7793//7887
f 7794//7888 7798//7889 7797//7884 7793//7887
f 7794//7888 7800//7890 7799//7891 7798//7889
f 7759//7845 7760//7844 7797//7884 7798//7889
f 7799//7891 7801//7892 7759//7845 7798//7889
f 7799//7891 7803//7893 7802//7894 7801//7892
f 7755//7839 7756//7842 7759//7845 7801//7892
f 7802//7894 7754//7840 7755//7839 7801//7892
f 7618//7895 7619//7702 7623//7701 7803//7893
f 7799//7891 7800//7890 7618//7895 7803//7893
f 7623//7701 7804//7896 7802//7894 7803//7893
f 7623//7701 7624//7700 7628//7709 7804//7896
f 7805//7897 7754//7840 7802//7894 7804//7896
f 7628//7709 7806//7898 7805//7897 7804//7896
f 7628//7709 7629//7708 7633//7714 7806//7898
f 7807//7899 7751//7837 7805//7897 7806//7898
f 7633//7714 7808//7900 7807//7899 7806//7898
f 7633//7714 7634//7713 7638//7719 7808//7900
f 7809//7901 7748//7834 7807//7899 7808//7900
f 7638//7719 7810//7902 7809//7901 7808//7900
f 7638//7719 7639//7718 7643//7724 7810//7902
f 7811//7903 7745//7831 7809//7901 7810//7902
f 7643//7724 7812//7904 7811//7903 7810//7902
f 7643//7724 7644//7723 7648//7729 7812//7904
f 7814//7905 7813//7906 7811//7903 7812//7904
f 7648//7729 7815//7907 7814//7905 7812//7904
f 7648//7729 7649//7728 7653//7734 7815//7907
f 7817//7908 7816//7909 7814//7905 7815//7907
f 7653//7734 7818//7910 7817//7908 7815//7907
f 7653//7734 7654//7733 7658//7739 7818//7910
f 7820//7911 7819//7912 7817//7908 7818//7910
f 7658//7739 7821//7913 7820//7911 7818//7910
f 7658//7739 7659//7738 7663//7744 7821//7913
f 7823//7914 7822//7915 7820//7911 7821//7913
f 7663//7744 7824//7916 7823//7914 7821//7913
f 7663//7744 7664//7743 7668//7749 7824//7916
f 7826//7917 7825//7918 7823//7914 7824//7916
f 7668//7749 7827//7919 7826//7917 7824//7916
f 7668//7749 7669//7748 7673//7754 7827//7919
f 7829//7920 7828//7921 7826//7917 7827//7919
f 7673//7754 7830//7922 7829//7920 7827//7919
f 7673//7754 7674//7753 7678//7759 7830//7922
f 7832//7923 7831//7924 7829//7920 7830//7922
f 7678//7759 7833//7925 7832//7923 7830//7922
f 7678//7759 7679//7758 7683//7764 7833//7925
f 7835//7926 7834//7927 7832//7923 7833//7925
f 7683//7764 7836//7928 7835//7926 7833//7925
f 7683//7764 7684//7763 7686//7767 7836//7928
f 7838//7929 7837//7930 7835//7926 7836//7928
f 7686//7767 7688//7769 7838//7929 7836//7928
f 7840//7931 7839//7932 7837//7930 7838//7929
f 7688//7769 7841//7933 7840//7931 7838//7929
f 7688//7769 7689//7768 7691//7772 7841//7933
f 7843//7934 7842//7935 7840//7931 7841//7933
f 7691//7772 7844//7936 7843//7934 7841//7933
f 7691//7772 7692//7771 7694//7775 7844//7936
f 7846//7937 7845//7938 7843//7934 7844//7936
f 7694//7775 7698//7778 7846//7937 7844//7936
f 7702//7784 7708//7794 7845//7938 7846//7937
f 7698//7778 7699//7780 7702//7784 7846//7937
f 7711//7797 7842//7935 7843//7934 7845//7938
f 7708//7794 7709//7793 7711//7797 7845//7938
f 7714//7800 7839//7932 7840//7931 7842//7935
f 7711//7797 7712//7796 7714//7800 7842//7935
f 7717//7803 7847//7939 7837//7930 7839//7932
f 7714//7800 7715//7799 7717//7803 7839//7932
f 7834//7927 7835//7926 7837//7930 7847//7939
f 7720//7806 7848//7940 7834//7927 7847//7939
f 7717//7803 7718//7802 7720//7806 7847//7939
f 7831//7924 7832//7923 7834//7927 7848//7940
f 7723//7809 7849//7941 7831//7924 7848//7940
f 7720//7806 7721//7805 7723//7809 7848//7940
f 7828//7921 7829//7920 7831//7924 7849//7941
f 7726//7812 7850//7942 7828//7921 7849//7941
f 7723//7809 7724//7808 7726//7812 7849//7941
f 7825//7918 7826//7917 7828//7921 7850//7942
f 7729//7815 7851//7943 7825//7918 7850//7942
f 7726//7812 7727//7811 7729//7815 7850//7942
f 7822//7915 7823//7914 7825//7918 7851//7943
f 7732//7818 7852//7944 7822//7915 7851//7943
f 7729//7815 7730//7814 7732//7818 7851//7943
f 7819//7912 7820//7911 7822//7915 7852//7944
f 7735//7821 7853//7945 7819//7912 7852//7944
f 7732//7818 7733//7817 7735//7821 7852//7944
f 7816//7909 7817//7908 7819//7912 7853//7945
f 7738//7824 7854//7946 7816//7909 7853//7945
f 7735//7821 7736//7820 7738//7824 7853//7945
f 7813//7906 7814//7905 7816//7909 7854//7946
f 7741//7827 7743//7829 7813//7906 7854//7946
f 7738//7824 7739//7823 7741//7827 7854//7946
f 7743//7829 7745//7831 7811//7903 7813//7906
f 7745//7831 7746//7830 7748//7834 7809//7901
f 7748//7834 7749//7833 7751//7837 7807//7899
f 7751//7837 7752//7836 7754//7840 7805//7897
f 7613//7691 7614//7690 7618//7696 7800//7947
f 7794//7883 7795//7882 7613//7691 7800//7947
f 7760//7844 7761//7847 7796//7885 7797//7884
f 7855//7948 7791//7949 7792//7886 7796//7885
f 7761//7847 7763//7849 7855//7948 7796//7885
f 7857//7950 7856//7951 7791//7949 7855//7948
f 7763//7849 7765//7852 7857//7950 7855//7948
f 7859//7952 7858//7953 7856//7951 7857//7950
f 7765//7852 7860//7954 7859//7952 7857//7950
f 7862//7955 7861//7956 7859//7952 7860//7954
f 7768//7855 7863//7957 7862//7955 7860//7954
f 7765//7852 7766//7851 7768//7855 7860//7954
f 7865//7958 7864//7959 7862//7955 7863//7957
f 7772//7960 7866//7961 7865//7958 7863//7957
f 7768//7855 7769//7854 7772//7960 7863//7957
f 7868//7962 7867//7963 7865//7958 7866//7961
f 7870//7964 7869//7965 7868//7966 7866//7967
f 7772//7861 7773//7860 7870//7964 7866//7967
f 7872//7968 7871//7969 7869//7965 7870//7964
f 7773//7860 7774//7863 7872//7968 7870//7964
f 7874//7970 7873//7971 7871//7969 7872//7968
f 7774//7863 7777//7866 7874//7970 7872//7968
f 7876//7972 7875//7973 7873//7971 7874//7970
f 7777//7866 7877//7974 7876//7972 7874//7970
f 7777//7866 7778//7865 7781//7870 7877//7974
f 7879//7975 7878//7976 7876//7972 7877//7974
f 7781//7870 7880//7977 7879//7975 7877//7974
f 7781//7870 7782//7869 7786//7875 7880//7977
f 7858//7978 7881//7979 7879//7975 7880//7977
f 7786//7875 7856//7980 7858//7978 7880//7977
f 7882//7981 7878//7976 7879//7975 7881//7979
f 7861//7956 7883//7982 7882//7983 7881//7984
f 7858//7953 7859//7952 7861//7956 7881//7984
f 5138//5170 5139//5175 7882//7983 7883//7982
f 7864//7959 5137//5171 5138//5170 7883//7982
f 7861//7956 7862//7955 7864//7959 7883//7982
f 5139//7985 7884//7986 7878//7976 7882//7981
f 7875//7973 7876//7972 7878//7976 7884//7986
f 5143//7987 7885//7988 7875//7973 7884//7986
f 5139//7985 5140//5174 5143//7987 7884//7986
f 7886//7989 7873//7971 7875//7973 7885//7988
f 5142//5176 5146//5181 7886//7989 7885//7988
f 5143//7987 5141//5177 5142//5176 7885//7988
f 7887//7990 7871//7969 7873//7971 7886//7989
f 5146//5181 5126//5152 7887//7990 7886//7989
f 7888//7991 7869//7965 7871//7969 7887//7990
f 5126//5152 5122//5150 7888//7991 7887//7990
f 7889//7992 7868//7966 7869//7965 7888//7991
f 5122//5150 5123//5149 7889//7992 7888//7991
f 7890//7993 7867//7963 7868//7962 7889//7994
f 5123//5161 5127//5157 7890//7993 7889//7994
f 5136//5172 5137//5171 7867//7963 7890//7993
f 5127//5157 5128//5156 5136//5172 7890//7993
f 5137//5171 7864//7959 7865//7958 7867//7963
f 7786//7875 7787//7874 7791//7880 7856//7980
f 7608//7686 7609//7685 7613//7691 7795//7882
f 7789//7878 7790//7877 7608//7686 7795//7882
f 7603//7681 7604//7680 7608//7686 7790//7877
f 7784//7873 7785//7872 7603//7681 7790//7877
f 7592//7668 7594//7672 7603//7681 7785//7872
f 7780//7868 7591//7669 7592//7668 7785//7872
f 7702//7784 7703//7783 7705//7788 7708//7794
f 7891//7995 7499//7574 7501//7576 7682//7761
f 7676//7757 7677//7756 7891//7995 7682//7761
f 7501//7576 7503//7578 7681//7762 7682//7761
f 7494//7569 7495//7568 7499//7574 7891//7995
f 7677//7756 7892//7996 7494//7569 7891//7995
f 7489//7564 7490//7563 7494//7569 7892//7996
f 7672//7751 7893//7997 7489//7564 7892//7996
f 7677//7756 7671//7752 7672//7751 7892//7996
f 7484//7559 7485//7558 7489//7564 7893//7997
f 7667//7746 7894//7998 7484//7559 7893//7997
f 7672//7751 7666//7747 7667//7746 7893//7997
f 7479//7554 7480//7553 7484//7559 7894//7998
f 7662//7741 7895//7999 7479//7554 7894//7998
f 7667//7746 7661//7742 7662//7741 7894//7998
f 7474//7549 7475//7548 7479//7554 7895//7999
f 7657//7736 7896//8000 7474//7549 7895//7999
f 7662//7741 7656//7737 7657//7736 7895//7999
f 7469//7544 7470//7543 7474//7549 7896//8000
f 7652//7731 7897//8001 7469//7544 7896//8000
f 7657//7736 7651//7732 7652//7731 7896//8000
f 7464//7539 7465//7538 7469//7544 7897//8001
f 7647//7726 7898//8002 7464//7539 7897//8001
f 7652//7731 7646//7727 7647//7726 7897//8001
f 7459//7533 7460//7532 7464//7539 7898//8002
f 7642//7721 7899//8003 7459//7533 7898//8002
f 7647//7726 7641//7722 7642//7721 7898//8002
f 7454//7528 7455//7527 7459//7533 7899//8003
f 7637//7716 7900//8004 7454//7528 7899//8003
f 7642//7721 7636//7717 7637//7716 7899//8003
f 7449//7523 7450//7522 7454//7528 7900//8004
f 7632//7711 7901//8005 7449//7523 7900//8004
f 7637//7716 7631//7712 7632//7711 7900//8004
f 7444//7518 7445//7517 7449//7523 7901//8005
f 7627//8006 7902//8007 7444//7518 7901//8005
f 7632//7711 7626//7707 7627//7706 7901//8005
f 7439//7513 7440//7512 7444//7518 7902//8007
f 7622//7698 7903//8008 7439//7513 7902//8007
f 7627//8006 7621//7699 7622//7698 7902//8007
f 7434//7508 7435//7507 7439//7513 7903//8008
f 7617//7693 7904//8009 7434//7508 7903//8008
f 7622//7698 7616//7694 7617//7693 7903//8008
f 7429//7503 7430//7502 7434//7508 7904//8009
f 7612//7688 7905//8010 7429//7503 7904//8009
f 7617//7693 7611//7689 7612//7688 7904//8009
f 7424//7498 7425//7497 7429//7503 7905//8010
f 7607//7683 7906//8011 7424//7498 7905//8010
f 7612//7688 7606//7684 7607//7683 7905//8010
f 7419//7493 7420//7492 7424//7498 7906//8011
f 7602//7678 7907//8012 7419//7493 7906//8011
f 7607//7683 7601//7679 7602//7678 7906//8011
f 7414//7488 7415//7487 7419//7493 7907//8012
f 7597//7674 5119//5146 7414//7488 7907//8012
f 7602//7678 7596//7675 7597//7674 7907//8012
f 7908//8013 5118//5147 7598//7673 7599//7676
f 7909//8014 5117//5144 5118//5147 7908//8013
f 5118//5147 5119//5146 7597//7674 7598//7673
f 5020//5030 5021//5029 7529//7603 7531//7606
f 5021//5029 5022//5028 7526//7601 7527//7600
f 5022//5028 4993//4994 5005//5010 7526//7601
f 5005//5010 5006//5009 7523//7598 7526//7601
f 4999//5004 5000//5003 7520//7595 7521//7594
f 7498//7571 7492//7567 7493//7566 7519//7593
f 5042//5052 5046//5058 7497//7572 7515//7588
f 7510//7584 5041//5053 5042//5052 7515//7588
f 7497//7572 7498//7571 7514//7589 7515//7588
f 5119//5146 5120//7483 7410//7482 7414//7488
f 7911//8015 7910//8016 7404//7474 7405//7477
f 5115//5142 4812//5135 7911//8015 7405//7477
f 7913//8017 7912//8018 7910//8016 7911//8015
f 4812//5135 5110//5140 7913//8017 7911//8015
f 7915//8019 7914//8020 7912//8018 7913//8017
f 5110//5140 7916//8021 7915//8019 7913//8017
f 7918//8022 7917//8023 7915//8019 7916//8021
f 7920//8024 7919//8025 7918//8022 7916//8021
f 5110//5140 5111//5139 7920//8024 7916//8021
f 7922//8026 7921//8027 7918//8022 7919//8025
f 6627//6697 7923//8028 7921//8027 7922//8026
f 7926//8029 7925//8030 7924//8031 7923//8028
f 6627//6697 6628//6696 7926//8029 7923//8028
f 7924//8031 7927//8032 7921//8027 7923//8028
f 7924//8031 7929//8033 7928//8034 7927//8032
f 7917//8023 7918//8022 7921//8027 7927//8032
f 7928//8034 7930//8035 7917//8023 7927//8032
f 7928//8034 7932//8036 7931//8037 7930//8035
f 7914//8020 7915//8019 7917//8023 7930//8035
f 7931//8037 7933//8038 7914//8020 7930//8035
f 7931//8037 7935//8039 7934//8040 7933//8038
f 7936//8041 7912//8018 7914//8020 7933//8038
f 7934//8040 7937//8042 7936//8041 7933//8038
f 7934//8040 7939//8043 7938//8044 7937//8042
f 7941//8045 7940//8046 7936//8041 7937//8042
f 7938//8044 7942//8047 7941//8045 7937//8042
f 7938//8044 7944//8048 7943//8049 7942//8047
f 7946//8050 7945//8051 7941//8045 7942//8047
f 7943//8049 7947//8052 7946//8050 7942//8047
f 7943//8049 7949//8053 7948//8054 7947//8052
f 7395//7465 7396//7468 7946//8050 7947//8052
f 7948//8054 7394//7466 7395//7465 7947//8052
f 7952//8055 7951//8056 7950//8057 7949//8053
f 7943//8049 7944//8048 7952//8055 7949//8053
f 7950//8057 7953//8058 7948//8054 7949//8053
f 7950//8057 7955//8059 7954//8060 7953//8058
f 7956//8061 7394//7466 7948//8054 7953//8058
f 7954//8060 7957//8062 7956//8061 7953//8058
f 7954//8060 7959//8063 7958//8064 7957//8062
f 7960//8065 7391//7463 7956//8061 7957//8062
f 7958//8064 7961//8066 7960//8065 7957//8062
f 7958//8064 7963//8067 7962//8068 7961//8066
f 7385//7455 7386//7458 7960//8065 7961//8066
f 7962//8068 7384//7456 7385//7455 7961//8066
f 7966//8069 7965//8070 7964//8071 7963//8067
f 7958//8064 7959//8063 7966//8069 7963//8067
f 7964//8071 7967//8072 7962//8068 7963//8067
f 7964//8071 7969//8073 7968//8074 7967//8072
f 7970//8075 7384//7456 7962//8068 7967//8072
f 7968//8074 7971//8076 7970//8075 7967//8072
f 7968//8074 7973//8077 7972//8078 7971//8076
f 7974//8079 7381//7453 7970//8075 7971//8076
f 7972//8078 7975//8080 7974//8079 7971//8076
f 7972//8078 7977//8081 7976//8082 7975//8080
f 7978//8083 7378//7450 7974//8079 7975//8080
f 7976//8082 7979//8084 7978//8083 7975//8080
f 7976//8082 7981//8085 7980//8086 7979//8084
f 7982//8087 7375//7447 7978//8083 7979//8084
f 7980//8086 7983//8088 7982//8087 7979//8084
f 7980//8086 7985//8089 7984//8090 7983//8088
f 7986//8091 7372//7444 7982//8087 7983//8088
f 7984//8090 7987//8092 7986//8091 7983//8088
f 7984//8090 7989//8093 7988//8094 7987//8092
f 7990//8095 7369//7441 7986//8091 7987//8092
f 7988//8094 7991//8096 7990//8095 7987//8092
f 7988//8094 7993//8097 7992//8098 7991//8096
f 7994//8099 7366//7438 7990//8095 7991//8096
f 7992//8098 7995//8100 7994//8099 7991//8096
f 7992//8098 7997//8101 7996//8102 7995//8100
f 7360//7430 7361//7433 7994//8099 7995//8100
f 7996//8102 7359//7431 7360//7430 7995//8100
f 8000//8103 7999//8104 7998//8105 7997//8101
f 7992//8098 7993//8097 8000//8103 7997//8101
f 7998//8105 8001//8106 7996//8102 7997//8101
f 7998//8105 8003//8107 8002//8108 8001//8106
f 8004//8109 7359//7431 7996//8102 8001//8106
f 8002//8108 8005//8110 8004//8109 8001//8106
f 8002//8108 8007//8111 8006//8112 8005//8110
f 8008//8113 7356//7428 8004//8109 8005//8110
f 8006//8112 8009//8114 8008//8113 8005//8110
f 8006//8112 8011//8115 8010//8116 8009//8114
f 7350//7420 7351//7423 8008//8113 8009//8114
f 8010//8116 7349//7421 7350//7420 8009//8114
f 8014//8117 8013//8118 8012//8119 8011//8115
f 8006//8112 8007//8111 8014//8117 8011//8115
f 8012//8119 8015//8120 8010//8116 8011//8115
f 8012//8119 8017//8121 8016//8122 8015//8120
f 8018//8123 7349//7421 8010//8116 8015//8120
f 8016//8122 8019//8124 8018//8123 8015//8120
f 8016//8122 8021//8125 8020//8126 8019//8124
f 8022//8127 7346//7418 8018//8123 8019//8124
f 8020//8126 8023//8128 8022//8127 8019//8124
f 8020//8126 8025//8129 8024//8130 8023//8128
f 8026//8131 7343//7415 8022//8127 8023//8128
f 8024//8130 8027//8132 8026//8131 8023//8128
f 8024//8130 8029//8133 8028//8134 8027//8132
f 8030//8135 7340//7412 8026//8131 8027//8132
f 8028//8134 8031//8136 8030//8135 8027//8132
f 8028//8134 8033//8137 8032//8138 8031//8136
f 8034//8139 7337//7409 8030//8135 8031//8136
f 8032//8138 8035//8140 8034//8139 8031//8136
f 8032//8138 8037//8141 8036//8142 8035//8140
f 8038//8143 7334//7406 8034//8139 8035//8140
f 8036//8142 8039//8144 8038//8143 8035//8140
f 8036//8142 8041//8145 8040//8146 8039//8144
f 7329//7401 7330//7400 8038//8143 8039//8144
f 8040//8146 8042//8147 7329//7401 8039//8144
f 8040//8146 8044//8148 8043//8149 8042//8147
f 7326//7398 7327//7397 7329//7401 8042//8147
f 8043//8149 8045//8150 7326//7398 8042//8147
f 8043//8149 8047//8151 8046//8152 8045//8150
f 7321//7393 7323//7395 7326//7398 8045//8150
f 8046//8152 7320//7391 7321//7393 8045//8150
f 8048//8153 7306//7376 7307//7379 8047//8151
f 8043//8149 8044//8148 8048//8153 8047//8151
f 7307//7379 7309//7381 8046//8152 8047//8151
f 8049//8154 7305//7377 7306//7376 8048//8153
f 8044//8148 8050//8155 8049//8154 8048//8153
f 8052//8156 8051//8157 8049//8154 8050//8155
f 8041//8145 8053//8158 8052//8156 8050//8155
f 8044//8148 8040//8146 8041//8145 8050//8155
f 8055//8159 8054//8160 8052//8156 8053//8158
f 8037//8141 8056//8161 8055//8159 8053//8158
f 8041//8145 8036//8142 8037//8141 8053//8158
f 8058//8162 8057//8163 8055//8159 8056//8161
f 8033//8137 8059//8164 8058//8162 8056//8161
f 8037//8141 8032//8138 8033//8137 8056//8161
f 8061//8165 8060//8166 8058//8162 8059//8164
f 8029//8133 8062//8167 8061//8165 8059//8164
f 8033//8137 8028//8134 8029//8133 8059//8164
f 8064//8168 8063//8169 8061//8165 8062//8167
f 8025//8129 8065//8170 8064//8168 8062//8167
f 8029//8133 8024//8130 8025//8129 8062//8167
f 8067//8171 8066//8172 8064//8168 8065//8170
f 8021//8125 8068//8173 8067//8171 8065//8170
f 8025//8129 8020//8126 8021//8125 8065//8170
f 8070//8174 8069//8175 8067//8171 8068//8173
f 8017//8121 8071//8176 8070//8174 8068//8173
f 8021//8125 8016//8122 8017//8121 8068//8173
f 8073//8177 8072//8178 8070//8174 8071//8176
f 8013//8118 8074//8179 8073//8177 8071//8176
f 8017//8121 8012//8119 8013//8118 8071//8176
f 8076//8180 8075//8181 8073//8177 8074//8179
f 8078//8182 8077//8183 8076//8180 8074//8179
f 8013//8118 8014//8117 8078//8182 8074//8179
f 8080//8184 8079//8185 8077//8183 8078//8182
f 8014//8117 8007//8111 8080//8184 8078//8182
f 8003//8107 8081//8186 8079//8185 8080//8184
f 8007//8111 8002//8108 8003//8107 8080//8184
f 8083//8187 8082//8188 8079//8185 8081//8186
f 7999//8104 8084//8189 8083//8187 8081//8186
f 8003//8107 7998//8105 7999//8104 8081//8186
f 8086//8190 8085//8191 8083//8187 8084//8189
f 8088//8192 8087//8193 8086//8190 8084//8189
f 7999//8104 8000//8103 8088//8192 8084//8189
f 8090//8194 8089//8195 8087//8193 8088//8192
f 8000//8103 7993//8097 8090//8194 8088//8192
f 7989//8093 8091//8196 8089//8195 8090//8194
f 7993//8097 7988//8094 7989//8093 8090//8194
f 8093//8197 8092//8198 8089//8195 8091//8196
f 7985//8089 8094//8199 8093//8197 8091//8196
f 7989//8093 7984//8090 7985//8089 8091//8196
f 8095//8200 5036//5043 8093//8197 8094//8199
f 7981//8085 8096//8201 8095//8200 8094//8199
f 7985//8089 7980//8086 7981//8085 8094//8199
f 8098//8202 8097//8203 8095//8200 8096//8201
f 7977//8081 8099//8204 8098//8202 8096//8201
f 7981//8085 7976//8082 7977//8081 8096//8201
f 8101//8205 8100//8206 8098//8202 8099//8204
f 7973//8077 8102//8207 8101//8205 8099//8204
f 7977//8081 7972//8078 7973//8077 8099//8204
f 8104//8208 8103//8209 8101//8205 8102//8207
f 7969//8073 8105//8210 8104//8208 8102//8207
f 7973//8077 7968//8074 7969//8073 8102//8207
f 8107//8211 8106//8212 8104//8208 8105//8210
f 7965//8070 8108//8213 8107//8211 8105//8210
f 7969//8073 7964//8071 7965//8070 8105//8210
f 8110//8214 8109//8215 8107//8211 8108//8213
f 8112//8216 8111//8217 8110//8214 8108//8213
f 7965//8070 7966//8069 8112//8216 8108//8213
f 8114//8218 8113//8219 8111//8217 8112//8216
f 7966//8069 7959//8063 8114//8218 8112//8216
f 7955//8059 8115//8220 8113//8219 8114//8218
f 7959//8063 7954//8060 7955//8059 8114//8218
f 8117//8221 8116//8222 8113//8219 8115//8220
f 7951//8056 8118//8223 8117//8221 8115//8220
f 7955//8059 7950//8057 7951//8056 8115//8220
f 8120//8224 8119//8225 8117//8221 8118//8223
f 8122//8226 8121//8227 8120//8224 8118//8223
f 7951//8056 7952//8055 8122//8226 8118//8223
f 8124//8228 8123//8229 8121//8227 8122//8226
f 7952//8055 7944//8048 8124//8228 8122//8226
f 7939//8043 8125//8230 8123//8229 8124//8228
f 7944//8048 7938//8044 7939//8043 8124//8228
f 8127//8231 8126//8232 8123//8229 8125//8230
f 7935//8039 8128//8233 8127//8231 8125//8230
f 7939//8043 7934//8040 7935//8039 8125//8230
f 8130//8234 8129//8235 8127//8231 8128//8233
f 7932//8036 8131//8236 8130//8234 8128//8233
f 7935//8039 7931//8037 7932//8036 8128//8233
f 8133//8237 8132//8238 8130//8234 8131//8236
f 7929//8033 8134//8239 8133//8237 8131//8236
f 7932//8036 7928//8034 7929//8033 8131//8236
f 8136//8240 8135//8241 8133//8237 8134//8239
f 7925//8030 8137//8242 8136//8240 8134//8239
f 7929//8033 7924//8031 7925//8030 8134//8239
f 8139//8243 8138//8244 8136//8240 8137//8242
f 8141//8245 8140//8246 8139//8243 8137//8242
f 7925//8030 7926//8029 8141//8245 8137//8242
f 6630//6699 8142//8247 8140//8246 8141//8245
f 7926//8029 6628//6696 6630//6699 8141//8245
f 8144//8248 8143//8249 8140//8246 8142//8247
f 6633//6702 8145//8250 8144//8248 8142//8247
f 6630//6699 6631//6698 6633//6702 8142//8247
f 8147//8251 8146//8252 8144//8248 8145//8250
f 6636//6705 8148//8253 8147//8251 8145//8250
f 6633//6702 6634//6701 6636//6705 8145//8250
f 8150//8254 8149//8255 8147//8251 8148//8253
f 6639//6708 8151//8256 8150//8254 8148//8253
f 6636//6705 6637//6704 6639//6708 8148//8253
f 3550//3613 3549//3612 8150//8254 8151//8256
f 6642//6711 3551//3614 3550//3613 8151//8256
f 6639//6708 6640//6707 6642//6711 8151//8256
f 6642//6711 6643//6710 2025//1061 3551//3614
f 8153//8257 8152//8258 3552//3616 3553//3615
f 2028//2056 6645//6714 8153//8257 3553//3615
f 8154//8259 6768//6837 8152//8258 8153//8257
f 6645//6714 6647//6716 8154//8259 8153//8257
f 6763//6832 6764//6831 6768//6837 8154//8259
f 6647//6716 6649//6718 6763//6832 8154//8259
f 6768//6837 6769//6836 6773//6842 8152//8258
f 6773//6842 3557//3620 3552//3616 8152//8258
f 6773//6842 6774//6841 2163//2190 3557//3620
f 8156//8260 8155//8261 3558//3622 3559//3621
f 2169//2195 6779//6848 8156//8260 3559//3621
f 8157//8262 7136//7207 8155//8261 8156//8260
f 6779//6848 6781//6850 8157//8262 8156//8260
f 7133//7204 7134//7203 7136//7207 8157//8262
f 6781//6850 8158//8263 7133//7204 8157//8262
f 8159//8264 7131//7202 7133//7204 8158//8263
f 6784//6853 8160//8265 8159//8264 8158//8263
f 6781//6850 6782//6849 6784//6853 8158//8263
f 8162//8266 8161//8267 8159//8264 8160//8265
f 6787//6856 8163//8268 8162//8266 8160//8265
f 6784//6853 6785//6852 6787//6856 8160//8265
f 8165//8269 8164//8270 8162//8266 8163//8268
f 6790//6859 8166//8271 8165//8269 8163//8268
f 6787//6856 6788//6855 6790//6859 8163//8268
f 8168//8272 8167//8273 8165//8269 8166//8271
f 6793//6862 8169//8274 8168//8272 8166//8271
f 6790//6859 6791//6858 6793//6862 8166//8271
f 8171//8275 8170//8276 8168//8272 8169//8274
f 6796//6865 8172//8277 8171//8275 8169//8274
f 6793//6862 6794//6861 6796//6865 8169//8274
f 8174//8278 8173//8279 8171//8275 8172//8277
f 6799//6868 8175//8280 8174//8278 8172//8277
f 6796//6865 6797//6864 6799//6868 8172//8277
f 8177//8281 8176//8282 8174//8278 8175//8280
f 6802//6871 8178//8283 8177//8281 8175//8280
f 6799//6868 6800//6867 6802//6871 8175//8280
f 8180//8284 8179//8285 8177//8281 8178//8283
f 6805//6874 8181//8286 8180//8284 8178//8283
f 6802//6871 6803//6870 6805//6874 8178//8283
f 8183//8287 8182//8288 8180//8284 8181//8286
f 6808//6877 8184//8289 8183//8287 8181//8286
f 6805//6874 6806//6873 6808//6877 8181//8286
f 8186//8290 8185//8291 8183//8287 8184//8289
f 6811//6880 8187//8292 8186//8290 8184//8289
f 6808//6877 6809//6876 6811//6880 8184//8289
f 8189//8293 8188//8294 8186//8290 8187//8292
f 6814//6883 8190//8295 8189//8293 8187//8292
f 6811//6880 6812//6879 6814//6883 8187//8292
f 8192//8296 8191//8297 8189//8293 8190//8295
f 6817//6886 8193//8298 8192//8296 8190//8295
f 6814//6883 6815//6882 6817//6886 8190//8295
f 8195//8299 8194//8300 8192//8296 8193//8298
f 8197//8301 8196//8302 8195//8299 8193//8298
f 6817//6886 6818//6885 8197//8301 8193//8298
f 8199//8303 8198//8304 8196//8302 8197//8301
f 6818//6885 6819//6888 8199//8303 8197//8301
f 6824//6893 8200//8305 8198//8304 8199//8303
f 6819//6888 6821//6890 6824//6893 8199//8303
f 5074//5097 5075//5096 8198//8304 8200//8305
f 6827//6896 5078//5099 5074//5097 8200//8305
f 6824//6893 6825//6892 6827//6896 8200//8305
f 5075//5096 8201//8306 8196//8302 8198//8304
f 8204//8307 8203//8308 8202//8309 8201//8306
f 5075//5096 5076//5095 8204//8307 8201//8306
f 8202//8309 8195//8299 8196//8302 8201//8306
f 8206//8310 8205//8311 8203//8308 8204//8307
f 5076//5095 5072//5091 8206//8310 8204//8307
f 8208//8312 8207//8313 8205//8311 8206//8310
f 5072//5091 5069//5089 8208//8312 8206//8310
f 5064//5081 5065//5084 8207//8313 8208//8312
f 5069//5089 5068//5086 5064//5081 8208//8312
f 5065//5084 8210//8314 8209//8315 8207//8313
f 8209//8315 8211//8316 8205//8311 8207//8313
f 8209//8315 8213//8317 8212//8318 8211//8316
f 8214//8319 8203//8308 8205//8311 8211//8316
f 8212//8318 8215//8320 8214//8319 8211//8316
f 8212//8318 8217//8321 8216//8322 8215//8320
f 8219//8323 8218//8324 8214//8319 8215//8320
f 8216//8322 8220//8325 8219//8323 8215//8320
f 8216//8322 8222//8326 8221//8327 8220//8325
f 8224//8328 8223//8329 8219//8323 8220//8325
f 8221//8327 8225//8330 8224//8328 8220//8325
f 8221//8327 8227//8331 8226//8332 8225//8330
f 8229//8333 8228//8334 8224//8328 8225//8330
f 8226//8332 8230//8335 8229//8333 8225//8330
f 8226//8332 8232//8336 8231//8337 8230//8335
f 8234//8338 8233//8339 8229//8333 8230//8335
f 8231//8337 8235//8340 8234//8338 8230//8335
f 8231//8337 8237//8341 8236//8342 8235//8340
f 8239//8343 8238//8344 8234//8338 8235//8340
f 8236//8342 8240//8345 8239//8343 8235//8340
f 8236//8342 8242//8346 8241//8347 8240//8345
f 8244//8348 8243//8349 8239//8343 8240//8345
f 8241//8347 8245//8350 8244//8348 8240//8345
f 8241//8347 8247//8351 8246//8352 8245//8350
f 8249//8353 8248//8354 8244//8348 8245//8350
f 8246//8352 8250//8355 8249//8353 8245//8350
f 8246//8352 8252//8356 8251//8357 8250//8355
f 8254//8358 8253//8359 8249//8353 8250//8355
f 8251//8357 8255//8360 8254//8358 8250//8355
f 8251//8357 8257//8361 8256//8362 8255//8360
f 8259//8363 8258//8364 8254//8358 8255//8360
f 8256//8362 8260//8365 8259//8363 8255//8360
f 8256//8362 8262//8366 8261//8367 8260//8365
f 8264//8368 8263//8369 8259//8363 8260//8365
f 8261//8367 8265//8370 8264//8368 8260//8365
f 8261//8367 7119//7190 7125//7196 8265//8370
f 8267//8371 8266//8372 8264//8368 8265//8370
f 7125//7196 7126//7195 8267//8371 8265//8370
f 8268//8373 8164//8270 8266//8372 8267//8371
f 7126//7195 7127//7198 8268//8373 8267//8371
f 8161//8267 8162//8266 8164//8270 8268//8373
f 7127//7198 7129//7200 8161//8267 8268//8373
f 8167//8273 8263//8369 8264//8368 8266//8372
f 8164//8270 8165//8269 8167//8273 8266//8372
f 8170//8276 8258//8364 8259//8363 8263//8369
f 8167//8273 8168//8272 8170//8276 8263//8369
f 8269//8374 7115//7186 7117//7188 8262//8366
f 8256//8362 8257//8361 8269//8374 8262//8366
f 7117//7188 7119//7190 8261//8367 8262//8366
f 7110//7181 7111//7180 7115//7186 8269//8374
f 8257//8361 8270//8375 7110//7181 8269//8374
f 7105//7176 7106//7175 7110//7181 8270//8375
f 8252//8356 8271//8376 7105//7176 8270//8375
f 8257//8361 8251//8357 8252//8356 8270//8375
f 7100//7171 7101//7170 7105//7176 8271//8376
f 8247//8351 8272//8377 7100//7171 8271//8376
f 8252//8356 8246//8352 8247//8351 8271//8376
f 7095//7166 7096//7165 7100//7171 8272//8377
f 8242//8346 8273//8378 7095//7166 8272//8377
f 8247//8351 8241//8347 8242//8346 8272//8377
f 7090//7161 7091//7160 7095//7166 8273//8378
f 8237//8341 8274//8379 7090//7161 8273//8378
f 8242//8346 8236//8342 8237//8341 8273//8378
f 7085//7156 7086//7155 7090//7161 8274//8379
f 8232//8336 8275//8380 7085//7156 8274//8379
f 8237//8341 8231//8337 8232//8336 8274//8379
f 7080//7151 7081//7150 7085//7156 8275//8380
f 8227//8331 8276//8381 7080//7151 8275//8380
f 8232//8336 8226//8332 8227//8331 8275//8380
f 7075//7146 7076//7145 7080//7151 8276//8381
f 8222//8326 8277//8382 7075//7146 8276//8381
f 8227//8331 8221//8327 8222//8326 8276//8381
f 7070//7141 7071//7140 7075//7146 8277//8382
f 8217//8321 8278//8383 7070//7141 8277//8382
f 8222//8326 8216//8322 8217//8321 8277//8382
f 7065//7136 7066//7135 7070//7141 8278//8383
f 8213//8317 8279//8384 7065//7136 8278//8383
f 8217//8321 8212//8318 8213//8317 8278//8383
f 7060//7131 7061//7130 7065//7136 8279//8384
f 8210//8314 8280//8385 7060//7131 8279//8384
f 8213//8317 8209//8315 8210//8314 8279//8384
f 7056//7127 7057//7126 7060//7131 8280//8385
f 4800//5080 4802//5079 7056//7127 8280//8385
f 8210//8314 5065//5084 4800//5080 8280//8385
f 8173//8279 8253//8359 8254//8358 8258//8364
f 8170//8276 8171//8275 8173//8279 8258//8364
f 8176//8282 8248//8354 8249//8353 8253//8359
f 8173//8279 8174//8278 8176//8282 8253//8359
f 8179//8285 8243//8349 8244//8348 8248//8354
f 8176//8282 8177//8281 8179//8285 8248//8354
f 8182//8288 8238//8344 8239//8343 8243//8349
f 8179//8285 8180//8284 8182//8288 8243//8349
f 8185//8291 8233//8339 8234//8338 8238//8344
f 8182//8288 8183//8287 8185//8291 8238//8344
f 8188//8294 8228//8334 8229//8333 8233//8339
f 8185//8291 8186//8290 8188//8294 8233//8339
f 8191//8297 8223//8329 8224//8328 8228//8334
f 8188//8294 8189//8293 8191//8297 8228//8334
f 8194//8300 8218//8324 8219//8323 8223//8329
f 8191//8297 8192//8296 8194//8300 8223//8329
f 8202//8309 8203//8308 8214//8319 8218//8324
f 8194//8300 8195//8299 8202//8309 8218//8324
f 7129//7200 7131//7202 8159//8264 8161//8267
f 7136//7207 7137//7206 7140//7211 8155//8261
f 7140//7211 3686//3749 3558//3622 8155//8261
f 7140//7211 7141//7210 2536//2564 3686//3749
f 8282//8386 8281//8387 3687//3751 3688//3750
f 2542//2570 7146//7217 8282//8386 3688//3750
f 8284//8388 8283//8389 8281//8387 8282//8386
f 7146//7217 7148//7219 8284//8388 8282//8386
f 8286//8390 8285//8391 8283//8389 8284//8388
f 7148//7219 8287//8392 8286//8390 8284//8388
f 8289//8393 8288//8394 8286//8390 8287//8392
f 7151//7222 7155//7227 8289//8393 8287//8392
f 7148//7219 7149//7218 7151//7222 8287//8392
f 8291//8395 8290//8396 8288//8394 8289//8393
f 7155//7227 7156//7226 8291//8395 8289//8393
f 8293//8397 8292//8398 8290//8396 8291//8395
f 7156//7226 7158//7229 8293//8397 8291//8395
f 8295//8399 8294//8400 8292//8398 8293//8397
f 7158//7229 8296//8401 8295//8399 8293//8397
f 8298//8402 8297//8403 8295//8399 8296//8401
f 7161//7232 8299//8404 8298//8402 8296//8401
f 7158//7229 7159//7228 7161//7232 8296//8401
f 8301//8405 8300//8406 8298//8402 8299//8404
f 8303//8407 8302//8408 8301//8405 8299//8404
f 7161//7232 7162//7231 8303//8407 8299//8404
f 8305//8409 8304//8410 8302//8408 8303//8407
f 7162//7231 7163//7234 8305//8409 8303//8407
f 8307//8411 8306//8412 8304//8410 8305//8409
f 7163//7234 7165//7236 8307//8411 8305//8409
f 8309//8413 8308//8414 8306//8412 8307//8411
f 7165//7236 7167//7238 8309//8413 8307//8411
f 8311//8415 8310//8416 8308//8414 8309//8413
f 7167//7238 8312//8417 8311//8415 8309//8413
f 8314//8418 8313//8419 8311//8415 8312//8417
f 7170//7241 8315//8420 8314//8418 8312//8417
f 7167//7238 7168//7237 7170//7241 8312//8417
f 8317//8421 8316//8422 8314//8418 8315//8420
f 7173//7244 8318//8423 8317//8421 8315//8420
f 7170//7241 7171//7240 7173//7244 8315//8420
f 8320//8424 8319//8425 8317//8421 8318//8423
f 8322//8426 8321//8427 8320//8424 8318//8423
f 7173//7244 7174//7243 8322//8426 8318//8423
f 8324//8428 8323//8429 8321//8427 8322//8426
f 7174//7243 7175//7246 8324//8428 8322//8426
f 8326//8430 8325//8431 8323//8429 8324//8428
f 7175//7246 7177//7248 8326//8430 8324//8428
f 8328//8432 8327//8433 8325//8431 8326//8430
f 7177//7248 7179//7250 8328//8432 8326//8430
f 8330//8434 8329//8435 8327//8433 8328//8432
f 7179//7250 8331//8436 8330//8434 8328//8432
f 7179//7250 7180//7249 7183//7254 8331//8436
f 8333//8437 8332//8438 8330//8434 8331//8436
f 7183//7254 8334//8439 8333//8437 8331//8436
f 7183//7254 7184//7253 7186//7257 8334//8439
f 8336//8440 8335//8441 8333//8437 8334//8439
f 7186//7257 8337//8442 8336//8440 8334//8439
f 7186//7257 7187//7256 7190//7261 8337//8442
f 8339//8443 8338//8444 8336//8440 8337//8442
f 7190//7261 8340//8445 8339//8443 8337//8442
f 7190//7261 7191//7260 7195//7266 8340//8445
f 8342//8446 8341//8447 8339//8443 8340//8445
f 7195//7266 8343//8448 8342//8446 8340//8445
f 7195//7266 7196//7265 7199//7270 8343//8448
f 8345//8449 8344//8450 8342//8446 8343//8448
f 7199//7270 8346//8451 8345//8449 8343//8448
f 7199//7270 7200//7269 7204//7275 8346//8451
f 8348//8452 8347//8453 8345//8449 8346//8451
f 7204//7275 7285//7357 8348//8452 8346//8451
f 7288//7360 8349//8454 8347//8453 8348//8452
f 7285//7357 7286//7356 7288//7360 8348//8452
f 8351//8455 8350//8456 8347//8453 8349//8454
f 7291//7363 8352//8457 8351//8455 8349//8454
f 7288//7360 7289//7359 7291//7363 8349//8454
f 8354//8458 8353//8459 8351//8455 8352//8457
f 8356//8460 8355//8461 8354//8458 8352//8457
f 7291//7363 7292//7362 8356//8460 8352//8457
f 8358//8462 8357//8463 8355//8461 8356//8460
f 7292//7362 7293//7365 8358//8462 8356//8460
f 7298//7370 8359//8464 8357//8463 8358//8462
f 7293//7365 7295//7367 7298//7370 8358//8462
f 8361//8465 8360//8466 8357//8463 8359//8464
f 7302//7374 8362//8467 8361//8465 8359//8464
f 7298//7370 7299//7369 7302//7374 8359//8464
f 8051//8157 8363//8468 8361//8465 8362//8467
f 7305//7377 8049//8154 8051//8157 8362//8467
f 7302//7374 7303//7373 7305//7377 8362//8467
f 8364//8469 8360//8466 8361//8465 8363//8468
f 8054//8160 8365//8470 8364//8469 8363//8468
f 8051//8157 8052//8156 8054//8160 8363//8468
f 8367//8471 8366//8472 8364//8469 8365//8470
f 8057//8163 8368//8473 8367//8471 8365//8470
f 8054//8160 8055//8159 8057//8163 8365//8470
f 8370//8474 8369//8475 8367//8471 8368//8473
f 8060//8166 8371//8476 8370//8474 8368//8473
f 8057//8163 8058//8162 8060//8166 8368//8473
f 8373//8477 8372//8478 8370//8474 8371//8476
f 8063//8169 8374//8479 8373//8477 8371//8476
f 8060//8166 8061//8165 8063//8169 8371//8476
f 8376//8480 8375//8481 8373//8477 8374//8479
f 8066//8172 8377//8482 8376//8480 8374//8479
f 8063//8169 8064//8168 8066//8172 8374//8479
f 8379//8483 8378//8484 8376//8480 8377//8482
f 8069//8175 8380//8485 8379//8483 8377//8482
f 8066//8172 8067//8171 8069//8175 8377//8482
f 8382//8486 8381//8487 8379//8483 8380//8485
f 8072//8178 8383//8488 8382//8486 8380//8485
f 8069//8175 8070//8174 8072//8178 8380//8485
f 8385//8489 8384//8490 8382//8486 8383//8488
f 8075//8181 8386//8491 8385//8489 8383//8488
f 8072//8178 8073//8177 8075//8181 8383//8488
f 8388//8492 8387//8493 8385//8489 8386//8491
f 8390//8494 8389//8495 8388//8492 8386//8491
f 8075//8181 8076//8180 8390//8494 8386//8491
f 8392//8496 8391//8497 8389//8495 8390//8494
f 8076//8180 8077//8183 8392//8496 8390//8494
f 8082//8188 8393//8498 8391//8497 8392//8496
f 8077//8183 8079//8185 8082//8188 8392//8496
f 8395//8499 8394//8500 8391//8497 8393//8498
f 8085//8191 8396//8501 8395//8499 8393//8498
f 8082//8188 8083//8187 8085//8191 8393//8498
f 8398//8502 8397//8503 8395//8499 8396//8501
f 8400//8504 8399//8505 8398//8502 8396//8501
f 8085//8191 8086//8190 8400//8504 8396//8501
f 8402//8506 8401//8507 8399//8505 8400//8504
f 8086//8190 8087//8193 8402//8506 8400//8504
f 8092//8198 5037//5047 8401//8507 8402//8506
f 8087//8193 8089//8195 8092//8198 8402//8506
f 8404//8508 8403//8509 8399//8505 8401//8507
f 5037//5047 5028//5037 8404//8508 8401//8507
f 8406//8510 8405//8511 8403//8509 8404//8508
f 5028//5037 5023//5033 8406//8510 8404//8508
f 8408//8512 8407//8513 8405//8511 8406//8510
f 5023//5033 5024//5032 8408//8512 8406//8510
f 8410//8514 8409//8515 8407//8513 8408//8512
f 5024//5032 8411//8516 8410//8514 8408//8512
f 8413//8517 8412//8518 8410//8514 8411//8516
f 8414//8519 4998//5002 8413//8517 8411//8516
f 5024//5032 5025//5031 8414//8519 8411//8516
f 8415//8520 4996//5000 4998//5002 8414//8519
f 5025//5031 5026//5036 8415//8520 8414//8519
f 8416//8521 4995//4998 4996//5000 8415//8520
f 5026//5036 8417//8522 8416//8521 8415//8520
f 8419//8523 8418//8524 8416//8521 8417//8522
f 5034//5045 5035//5044 8419//8523 8417//8522
f 5026//5036 5027//5035 5034//5045 8417//8522
f 8421//8525 8420//8526 8418//8524 8419//8523
f 5035//5044 8097//8203 8421//8525 8419//8523
f 8100//8206 8422//8527 8420//8526 8421//8525
f 8097//8203 8098//8202 8100//8206 8421//8525
f 8424//8528 8423//8529 8420//8526 8422//8527
f 8103//8209 8425//8530 8424//8528 8422//8527
f 8100//8206 8101//8205 8103//8209 8422//8527
f 8427//8531 8426//8532 8424//8528 8425//8530
f 8106//8212 8428//8533 8427//8531 8425//8530
f 8103//8209 8104//8208 8106//8212 8425//8530
f 8430//8534 8429//8535 8427//8531 8428//8533
f 8109//8215 8431//8536 8430//8534 8428//8533
f 8106//8212 8107//8211 8109//8215 8428//8533
f 8433//8537 8432//8538 8430//8534 8431//8536
f 8435//8539 8434//8540 8433//8537 8431//8536
f 8109//8215 8110//8214 8435//8539 8431//8536
f 8437//8541 8436//8542 8434//8540 8435//8539
f 8110//8214 8111//8217 8437//8541 8435//8539
f 8116//8222 8438//8543 8436//8542 8437//8541
f 8111//8217 8113//8219 8116//8222 8437//8541
f 8440//8544 8439//8545 8436//8542 8438//8543
f 8119//8225 8441//8546 8440//8544 8438//8543
f 8116//8222 8117//8221 8119//8225 8438//8543
f 8443//8547 8442//8548 8440//8544 8441//8546
f 8445//8549 8444//8550 8443//8547 8441//8546
f 8119//8225 8120//8224 8445//8549 8441//8546
f 8447//8551 8446//8552 8444//8550 8445//8549
f 8120//8224 8121//8227 8447//8551 8445//8549
f 8126//8232 8448//8553 8446//8552 8447//8551
f 8121//8227 8123//8229 8126//8232 8447//8551
f 8450//8554 8449//8555 8446//8552 8448//8553
f 8129//8235 8451//8556 8450//8554 8448//8553
f 8126//8232 8127//8231 8129//8235 8448//8553
f 8453//8557 8452//8558 8450//8554 8451//8556
f 8132//8238 8454//8559 8453//8557 8451//8556
f 8129//8235 8130//8234 8132//8238 8451//8556
f 8456//8560 8455//8561 8453//8557 8454//8559
f 8135//8241 8457//8562 8456//8560 8454//8559
f 8132//8238 8133//8237 8135//8241 8454//8559
f 8459//8563 8458//8564 8456//8560 8457//8562
f 8138//8244 8460//8565 8459//8563 8457//8562
f 8135//8241 8136//8240 8138//8244 8457//8562
f 8462//8566 8461//8567 8459//8563 8460//8565
f 8464//8568 8463//8569 8462//8566 8460//8565
f 8138//8244 8139//8243 8464//8568 8460//8565
f 8143//8249 8465//8570 8463//8569 8464//8568
f 8139//8243 8140//8246 8143//8249 8464//8568
f 8467//8571 8466//8572 8463//8569 8465//8570
f 8146//8252 8468//8573 8467//8571 8465//8570
f 8143//8249 8144//8248 8146//8252 8465//8570
f 3878//3941 3877//3940 8467//8571 8468//8573
f 8149//8255 3879//3942 3878//3941 8468//8573
f 8146//8252 8147//8251 8149//8255 8468//8573
f 8149//8255 8150//8254 3549//3612 3879//3942
f 8470//8574 8469//8575 3880//3944 3881//3943
f 3687//3751 8281//8387 8470//8574 3881//3943
f 8472//8576 8471//8577 8469//8575 8470//8574
f 8281//8387 8283//8389 8472//8576 8470//8574
f 8474//8578 8473//8579 8471//8577 8472//8576
f 8283//8389 8285//8391 8474//8578 8472//8576
f 8476//8580 8475//8581 8473//8579 8474//8578
f 8285//8391 8477//8582 8476//8580 8474//8578
f 8479//8583 8478//8584 8476//8580 8477//8582
f 8288//8394 8290//8396 8479//8583 8477//8582
f 8285//8391 8286//8390 8288//8394 8477//8582
f 8481//8585 8480//8586 8478//8584 8479//8583
f 8290//8396 8292//8398 8481//8585 8479//8583
f 8483//8587 8482//8588 8480//8586 8481//8585
f 8292//8398 8294//8400 8483//8587 8481//8585
f 8485//8589 8484//8590 8482//8588 8483//8587
f 8294//8400 8486//8591 8485//8589 8483//8587
f 4878//4851 8487//8592 8485//8589 8486//8591
f 8297//8403 4877//4852 4878//4851 8486//8591
f 8294//8400 8295//8399 8297//8403 8486//8591
f 8490//8593 8489//8594 8488//8595 8487//8592
f 4878//4851 4754//4850 8490//8593 8487//8592
f 8488//8595 8484//8590 8485//8589 8487//8592
f 3905//3968 3904//3967 8489//8594 8490//8593
f 4754//4850 145//83 3905//3968 8490//8593
f 8492//8596 8491//8597 3906//3970 3907//3969
f 144//84 4874//4849 8492//8596 3907//3969
f 8494//8598 8493//8599 8491//8597 8492//8596
f 4874//4849 4875//4848 8494//8598 8492//8596
f 8496//8600 8495//8601 8493//8599 8494//8598
f 4875//4848 8497//8602 8496//8600 8494//8598
f 8499//8603 8498//8604 8496//8600 8497//8602
f 8501//8605 8500//8606 8499//8603 8497//8602
f 4875//4848 4876//4847 8501//8605 8497//8602
f 8300//8406 8301//8405 8500//8606 8501//8605
f 4876//4847 4877//4852 8300//8406 8501//8605
f 8503//8607 8502//8608 8499//8603 8500//8606
f 8301//8405 8302//8408 8503//8607 8500//8606
f 8505//8609 8504//8610 8502//8608 8503//8607
f 8302//8408 8304//8410 8505//8609 8503//8607
f 8507//8611 8506//8612 8504//8610 8505//8609
f 8304//8410 8306//8412 8507//8611 8505//8609
f 8509//8613 8508//8614 8506//8612 8507//8611
f 8306//8412 8308//8414 8509//8613 8507//8611
f 8511//8615 8510//8616 8508//8614 8509//8613
f 8308//8414 8310//8416 8511//8615 8509//8613
f 8513//8617 8512//8618 8510//8616 8511//8615
f 8310//8416 8514//8619 8513//8617 8511//8615
f 8516//8620 8515//8621 8513//8617 8514//8619
f 8313//8419 8517//8622 8516//8620 8514//8619
f 8310//8416 8311//8415 8313//8419 8514//8619
f 8519//8623 8518//8624 8516//8620 8517//8622
f 8316//8422 8520//8625 8519//8623 8517//8622
f 8313//8419 8314//8418 8316//8422 8517//8622
f 8522//8626 8521//8627 8519//8623 8520//8625
f 8319//8425 8523//8628 8522//8626 8520//8625
f 8316//8422 8317//8421 8319//8425 8520//8625
f 8525//8629 8524//8630 8522//8626 8523//8628
f 8527//8631 8526//8632 8525//8629 8523//8628
f 8319//8425 8320//8424 8527//8631 8523//8628
f 8529//8633 8528//8634 8526//8632 8527//8631
f 8320//8424 8321//8427 8529//8633 8527//8631
f 8531//8635 8530//8636 8528//8634 8529//8633
f 8321//8427 8323//8429 8531//8635 8529//8633
f 8533//8637 8532//8638 8530//8636 8531//8635
f 8323//8429 8325//8431 8533//8637 8531//8635
f 8535//8639 8534//8640 8532//8638 8533//8637
f 8325//8431 8327//8433 8535//8639 8533//8637
f 8537//8641 8536//8642 8534//8640 8535//8639
f 8327//8433 8329//8435 8537//8641 8535//8639
f 8539//8643 8538//8644 8536//8642 8537//8641
f 8329//8435 8540//8645 8539//8643 8537//8641
f 8329//8435 8330//8434 8332//8438 8540//8645
f 8542//8646 8541//8647 8539//8643 8540//8645
f 8332//8438 8543//8648 8542//8646 8540//8645
f 8332//8438 8333//8437 8335//8441 8543//8648
f 8545//8649 8544//8650 8542//8646 8543//8648
f 8335//8441 8546//8651 8545//8649 8543//8648
f 8335//8441 8336//8440 8338//8444 8546//8651
f 8548//8652 8547//8653 8545//8649 8546//8651
f 8338//8444 8549//8654 8548//8652 8546//8651
f 8338//8444 8339//8443 8341//8447 8549//8654
f 8551//8655 8550//8656 8548//8652 8549//8654
f 8341//8447 8552//8657 8551//8655 8549//8654
f 8341//8447 8342//8446 8344//8450 8552//8657
f 8554//8658 8553//8659 8551//8655 8552//8657
f 8344//8450 8350//8456 8554//8658 8552//8657
f 8353//8459 8555//8660 8553//8659 8554//8658
f 8350//8456 8351//8455 8353//8459 8554//8658
f 8557//8661 8556//8662 8553//8659 8555//8660
f 8559//8663 8558//8664 8557//8661 8555//8660
f 8353//8459 8354//8458 8559//8663 8555//8660
f 8560//8665 8366//8472 8558//8664 8559//8663
f 8354//8458 8355//8461 8560//8665 8559//8663
f 8360//8466 8364//8469 8366//8472 8560//8665
f 8355//8461 8357//8463 8360//8466 8560//8665
f 8369//8475 8561//8666 8557//8661 8558//8664
f 8366//8472 8367//8471 8369//8475 8558//8664
f 8562//8667 8556//8662 8557//8661 8561//8666
f 8372//8478 8563//8668 8562//8667 8561//8666
f 8369//8475 8370//8474 8372//8478 8561//8666
f 8565//8669 8564//8670 8562//8667 8563//8668
f 8375//8481 8566//8671 8565//8669 8563//8668
f 8372//8478 8373//8477 8375//8481 8563//8668
f 8568//8672 8567//8673 8565//8669 8566//8671
f 8378//8484 8569//8674 8568//8672 8566//8671
f 8375//8481 8376//8480 8378//8484 8566//8671
f 8571//8675 8570//8676 8568//8672 8569//8674
f 8381//8487 8572//8677 8571//8675 8569//8674
f 8378//8484 8379//8483 8381//8487 8569//8674
f 8574//8678 8573//8679 8571//8675 8572//8677
f 8384//8490 8575//8680 8574//8678 8572//8677
f 8381//8487 8382//8486 8384//8490 8572//8677
f 8577//8681 8576//8682 8574//8678 8575//8680
f 8387//8493 8578//8683 8577//8681 8575//8680
f 8384//8490 8385//8489 8387//8493 8575//8680
f 8580//8684 8579//8685 8577//8681 8578//8683
f 8582//8686 8581//8687 8580//8684 8578//8683
f 8387//8493 8388//8492 8582//8686 8578//8683
f 8584//8688 8583//8689 8581//8687 8582//8686
f 8388//8492 8389//8495 8584//8688 8582//8686
f 8394//8500 8585//8690 8583//8689 8584//8688
f 8389//8495 8391//8497 8394//8500 8584//8688
f 8587//8691 8586//8692 8583//8689 8585//8690
f 8397//8503 8588//8693 8587//8691 8585//8690
f 8394//8500 8395//8499 8397//8503 8585//8690
f 8590//8694 8589//8695 8587//8691 8588//8693
f 8592//8696 8591//8697 8590//8694 8588//8693
f 8397//8503 8398//8502 8592//8696 8588//8693
f 8403//8509 8405//8511 8591//8697 8592//8696
f 8398//8502 8399//8505 8403//8509 8592//8696
f 8594//8698 8593//8699 8590//8694 8591//8697
f 8405//8511 8407//8513 8594//8698 8591//8697
f 8596//8700 8595//8701 8593//8699 8594//8698
f 8407//8513 8409//8515 8596//8700 8594//8698
f 8598//8702 8597//8703 8595//8701 8596//8700
f 8409//8515 8599//8704 8598//8702 8596//8700
f 8601//8705 8600//8706 8598//8702 8599//8704
f 8412//8518 8602//8707 8601//8705 8599//8704
f 8409//8515 8410//8514 8412//8518 8599//8704
f 8604//8708 8603//8709 8601//8705 8602//8707
f 8606//8710 8605//8711 8604//8708 8602//8707
f 8412//8518 8413//8517 8606//8710 8602//8707
f 4997//5001 4991//4992 8605//8711 8606//8710
f 8413//8517 4998//5002 4997//5001 8606//8710
f 8608//8712 8607//8713 8604//8708 8605//8711
f 4991//4992 4985//4988 8608//8712 8605//8711
f 8610//8714 8609//8715 8607//8713 8608//8712
f 4985//4988 4986//4987 8610//8714 8608//8712
f 8612//8716 8611//8717 8609//8715 8610//8714
f 4986//4987 8613//8718 8612//8716 8610//8714
f 8615//8719 8614//8720 8612//8716 8613//8718
f 8617//8721 8616//8722 8615//8719 8613//8718
f 4986//4987 4987//4986 8617//8721 8613//8718
f 8619//8723 8618//8724 8616//8722 8617//8721
f 4987//4986 4988//4991 8619//8723 8617//8721
f 8621//8725 8620//8726 8618//8724 8619//8723
f 4988//4991 8622//8727 8621//8725 8619//8723
f 8624//8728 8623//8729 8621//8725 8622//8727
f 8625//8730 8426//8532 8624//8728 8622//8727
f 4988//4991 4989//4990 8625//8730 8622//8727
f 8423//8529 8424//8528 8426//8532 8625//8730
f 4989//4990 4994//4999 8423//8529 8625//8730
f 8429//8535 8626//8731 8623//8729 8624//8728
f 8426//8532 8427//8531 8429//8535 8624//8728
f 8628//8732 8627//8733 8623//8729 8626//8731
f 8432//8538 8629//8734 8628//8732 8626//8731
f 8429//8535 8430//8534 8432//8538 8626//8731
f 8631//8735 8630//8736 8628//8732 8629//8734
f 8633//8737 8632//8738 8631//8735 8629//8734
f 8432//8538 8433//8537 8633//8737 8629//8734
f 8635//8739 8634//8740 8632//8738 8633//8737
f 8433//8537 8434//8540 8635//8739 8633//8737
f 8439//8545 8636//8741 8634//8740 8635//8739
f 8434//8540 8436//8542 8439//8545 8635//8739
f 8638//8742 8637//8743 8634//8740 8636//8741
f 8442//8548 8639//8744 8638//8742 8636//8741
f 8439//8545 8440//8544 8442//8548 8636//8741
f 8641//8745 8640//8746 8638//8742 8639//8744
f 8643//8747 8642//8748 8641//8745 8639//8744
f 8442//8548 8443//8547 8643//8747 8639//8744
f 8645//8749 8644//8750 8642//8748 8643//8747
f 8443//8547 8444//8550 8645//8749 8643//8747
f 8449//8555 8646//8751 8644//8750 8645//8749
f 8444//8550 8446//8552 8449//8555 8645//8749
f 8648//8752 8647//8753 8644//8750 8646//8751
f 8452//8558 8649//8754 8648//8752 8646//8751
f 8449//8555 8450//8554 8452//8558 8646//8751
f 8651//8755 8650//8756 8648//8752 8649//8754
f 8455//8561 8652//8757 8651//8755 8649//8754
f 8452//8558 8453//8557 8455//8561 8649//8754
f 8654//8758 8653//8759 8651//8755 8652//8757
f 8458//8564 8655//8760 8654//8758 8652//8757
f 8455//8561 8456//8560 8458//8564 8652//8757
f 4866//4842 4867//4841 8654//8758 8655//8760
f 8461//8567 4868//4843 4866//4842 8655//8760
f 8458//8564 8459//8563 8461//8567 8655//8760
f 4867//4841 8656//8761 8653//8759 8654//8758
f 4745//4138 4744//1063 8657//8762 8656//8761
f 4867//4841 4741//70 4745//4138 8656//8761
f 8657//8762 8658//8763 8653//8759 8656//8761
f 8657//8762 8660//8764 8659//8765 8658//8763
f 8650//8756 8651//8755 8653//8759 8658//8763
f 8659//8765 8661//8766 8650//8756 8658//8763
f 8659//8765 8663//8767 8662//8768 8661//8766
f 8647//8753 8648//8752 8650//8756 8661//8766
f 8662//8768 8664//8769 8647//8753 8661//8766
f 8662//8768 8666//8770 8665//8771 8664//8769
f 8642//8748 8644//8750 8647//8753 8664//8769
f 8665//8771 8641//8745 8642//8748 8664//8769
f 8669//8772 8668//8773 8667//8774 8666//8770
f 8662//8768 8663//8767 8669//8772 8666//8770
f 8667//8774 8670//8775 8665//8771 8666//8770
f 8667//8774 8672//8776 8671//8777 8670//8775
f 8640//8746 8641//8745 8665//8771 8670//8775
f 8671//8777 8673//8778 8640//8746 8670//8775
f 8671//8777 8675//8779 8674//8780 8673//8778
f 8637//8743 8638//8742 8640//8746 8673//8778
f 8674//8780 8676//8781 8637//8743 8673//8778
f 8674//8780 8678//8782 8677//8783 8676//8781
f 8632//8738 8634//8740 8637//8743 8676//8781
f 8677//8783 8631//8735 8632//8738 8676//8781
f 8681//8784 8680//8785 8679//8786 8678//8782
f 8674//8780 8675//8779 8681//8784 8678//8782
f 8679//8786 8682//8787 8677//8783 8678//8782
f 8679//8786 8684//8788 8683//8789 8682//8787
f 8630//8736 8631//8735 8677//8783 8682//8787
f 8683//8789 8685//8790 8630//8736 8682//8787
f 8683//8789 8687//8791 8686//8792 8685//8790
f 8627//8733 8628//8732 8630//8736 8685//8790
f 8686//8792 8620//8726 8627//8733 8685//8790
f 8690//8793 8689//8794 8688//8795 8687//8791
f 8683//8789 8684//8788 8690//8793 8687//8791
f 8688//8795 8691//8796 8686//8792 8687//8791
f 8688//8795 8693//8797 8692//8798 8691//8796
f 8618//8724 8620//8726 8686//8792 8691//8796
f 8692//8798 8616//8722 8618//8724 8691//8796
f 8696//8799 8695//8800 8694//8801 8693//8797
f 8688//8795 8689//8794 8696//8799 8693//8797
f 8694//8801 8697//8802 8692//8798 8693//8797
f 8694//8801 8699//8803 8698//8804 8697//8802
f 8615//8719 8616//8722 8692//8798 8697//8802
f 8698//8804 8614//8720 8615//8719 8697//8802
f 8702//8805 8701//8806 8700//8807 8699//8803
f 8694//8801 8695//8800 8702//8805 8699//8803
f 8700//8807 8703//8808 8698//8804 8699//8803
f 8700//8807 8705//8809 8704//8810 8703//8808
f 8706//8811 8614//8720 8698//8804 8703//8808
f 8704//8810 8707//8812 8706//8811 8703//8808
f 8704//8810 8709//8813 8708//8814 8707//8812
f 8710//8815 8611//8717 8706//8811 8707//8812
f 8708//8814 8711//8816 8710//8815 8707//8812
f 8708//8814 8713//8817 8712//8818 8711//8816
f 8715//8819 8714//8820 8710//8815 8711//8816
f 8712//8818 8716//8821 8715//8819 8711//8816
f 8712//8818 8718//8822 8717//8823 8716//8821
f 8720//8824 8719//8825 8715//8819 8716//8821
f 8717//8823 8721//8826 8720//8824 8716//8821
f 8717//8823 8723//8827 8722//8828 8721//8826
f 8725//8829 8724//8830 8720//8824 8721//8826
f 8722//8828 8726//8831 8725//8829 8721//8826
f 8722//8828 8728//8832 8727//8833 8726//8831
f 8730//8834 8729//8835 8725//8829 8726//8831
f 8727//8833 8731//8836 8730//8834 8726//8831
f 8727//8833 8733//8837 8732//8838 8731//8836
f 8735//8839 8734//8840 8730//8834 8731//8836
f 8732//8838 8736//8841 8735//8839 8731//8836
f 8732//8838 8738//8842 8737//8843 8736//8841
f 8740//8844 8739//8845 8735//8839 8736//8841
f 8737//8843 8741//8846 8740//8844 8736//8841
f 8737//8843 8743//8847 8742//8848 8741//8846
f 8745//8849 8744//8850 8740//8844 8741//8846
f 8742//8848 8746//8851 8745//8849 8741//8846
f 8742//8848 8528//8634 8530//8636 8746//8851
f 8748//8852 8747//8853 8745//8849 8746//8851
f 8530//8636 8532//8638 8748//8852 8746//8851
f 8750//8854 8749//8855 8747//8853 8748//8852
f 8532//8638 8534//8640 8750//8854 8748//8852
f 8751//8856 8579//8685 8749//8855 8750//8854
f 8534//8640 8536//8642 8751//8856 8750//8854
f 8576//8682 8577//8681 8579//8685 8751//8856
f 8536//8642 8538//8644 8576//8682 8751//8856
f 8753//8857 8752//8858 8747//8853 8749//8855
f 8579//8685 8580//8684 8753//8857 8749//8855
f 8755//8859 8754//8860 8752//8858 8753//8857
f 8580//8684 8581//8687 8755//8859 8753//8857
f 8586//8692 8756//8861 8754//8860 8755//8859
f 8581//8687 8583//8689 8586//8692 8755//8859
f 8758//8862 8757//8863 8754//8860 8756//8861
f 8589//8695 8759//8864 8758//8862 8756//8861
f 8586//8692 8587//8691 8589//8695 8756//8861
f 8761//8865 8760//8866 8758//8862 8759//8864
f 8593//8699 8595//8701 8761//8865 8759//8864
f 8589//8695 8590//8694 8593//8699 8759//8864
f 8762//8867 8734//8840 8760//8866 8761//8865
f 8595//8701 8597//8703 8762//8867 8761//8865
f 8729//8835 8730//8834 8734//8840 8762//8867
f 8597//8703 8763//8868 8729//8835 8762//8867
f 8724//8830 8725//8829 8729//8835 8763//8868
f 8600//8706 8764//8869 8724//8830 8763//8868
f 8597//8703 8598//8702 8600//8706 8763//8868
f 8719//8825 8720//8824 8724//8830 8764//8869
f 8603//8709 8765//8870 8719//8825 8764//8869
f 8600//8706 8601//8705 8603//8709 8764//8869
f 8714//8820 8715//8819 8719//8825 8765//8870
f 8607//8713 8609//8715 8714//8820 8765//8870
f 8603//8709 8604//8708 8607//8713 8765//8870
f 8734//8840 8735//8839 8739//8845 8760//8866
f 8739//8845 8757//8863 8758//8862 8760//8866
f 8739//8845 8740//8844 8744//8850 8757//8863
f 8744//8850 8752//8858 8754//8860 8757//8863
f 8744//8850 8745//8849 8747//8853 8752//8858
f 8766//8871 8525//8629 8526//8632 8743//8847
f 8737//8843 8738//8842 8766//8871 8743//8847
f 8526//8632 8528//8634 8742//8848 8743//8847
f 8767//8872 8524//8630 8525//8629 8766//8871
f 8738//8842 8768//8873 8767//8872 8766//8871
f 8770//8874 8769//8875 8767//8872 8768//8873
f 8733//8837 8771//8876 8770//8874 8768//8873
f 8738//8842 8732//8838 8733//8837 8768//8873
f 8773//8877 8772//8878 8770//8874 8771//8876
f 8728//8832 8774//8879 8773//8877 8771//8876
f 8733//8837 8727//8833 8728//8832 8771//8876
f 8776//8880 8775//8881 8773//8877 8774//8879
f 8723//8827 8777//8882 8776//8880 8774//8879
f 8728//8832 8722//8828 8723//8827 8774//8879
f 8779//8883 8778//8884 8776//8880 8777//8882
f 8718//8822 8780//8885 8779//8883 8777//8882
f 8723//8827 8717//8823 8718//8822 8777//8882
f 8782//8886 8781//8887 8779//8883 8780//8885
f 8713//8817 8783//8888 8782//8886 8780//8885
f 8718//8822 8712//8818 8713//8817 8780//8885
f 8785//8889 8784//8890 8782//8886 8783//8888
f 8709//8813 8786//8891 8785//8889 8783//8888
f 8713//8817 8708//8814 8709//8813 8783//8888
f 8788//8892 8787//8893 8785//8889 8786//8891
f 8705//8809 8789//8894 8788//8892 8786//8891
f 8709//8813 8704//8810 8705//8809 8786//8891
f 8791//8895 8790//8896 8788//8892 8789//8894
f 8701//8806 8792//8897 8791//8895 8789//8894
f 8705//8809 8700//8807 8701//8806 8789//8894
f 8794//8898 8793//8899 8791//8895 8792//8897
f 8796//8900 8795//8901 8794//8898 8792//8897
f 8701//8806 8702//8805 8796//8900 8792//8897
f 8798//8902 8797//8903 8795//8901 8796//8900
f 8702//8805 8695//8800 8798//8902 8796//8900
f 8800//8904 8799//8905 8797//8903 8798//8902
f 8695//8800 8696//8799 8800//8904 8798//8902
f 8802//8906 8801//8907 8799//8905 8800//8904
f 8696//8799 8689//8794 8802//8906 8800//8904
f 8804//8908 8803//8909 8801//8907 8802//8906
f 8689//8794 8690//8793 8804//8908 8802//8906
f 8806//8910 8805//8911 8803//8909 8804//8908
f 8690//8793 8684//8788 8806//8910 8804//8908
f 8680//8785 8807//8912 8805//8911 8806//8910
f 8684//8788 8679//8786 8680//8785 8806//8910
f 8809//8913 8808//8914 8805//8911 8807//8912
f 8811//8915 8810//8916 8809//8913 8807//8912
f 8680//8785 8681//8784 8811//8915 8807//8912
f 8813//8917 8812//8918 8810//8916 8811//8915
f 8681//8784 8675//8779 8813//8917 8811//8915
f 8672//8776 8814//8919 8812//8918 8813//8917
f 8675//8779 8671//8777 8672//8776 8813//8917
f 8816//8920 8815//8921 8812//8918 8814//8919
f 8668//8773 8817//8922 8816//8920 8814//8919
f 8672//8776 8667//8774 8668//8773 8814//8919
f 4236//4300 4235//4299 8816//8920 8817//8922
f 8818//8923 4237//4301 4236//4300 8817//8922
f 8668//8773 8669//8772 8818//8923 8817//8922
f 8819//8924 4239//4303 4237//4301 8818//8923
f 8669//8772 8663//8767 8819//8924 8818//8923
f 8660//8764 4746//4305 4239//4303 8819//8924
f 8663//8767 8659//8765 8660//8764 8819//8924
f 8660//8764 8657//8762 4744//1063 4746//4305
f 8821//8925 8820//8926 4241//4307 4242//4306
f 3906//3970 8491//8597 8821//8925 4242//4306
f 8823//8927 8822//8928 8820//8926 8821//8925
f 8491//8597 8493//8599 8823//8927 8821//8925
f 8825//8929 8824//8930 8822//8928 8823//8927
f 8493//8599 8495//8601 8825//8929 8823//8927
f 8827//8931 8826//8932 8824//8930 8825//8929
f 8495//8601 8828//8933 8827//8931 8825//8929
f 8830//8934 8829//8935 8827//8931 8828//8933
f 8498//8604 8831//8936 8830//8934 8828//8933
f 8495//8601 8496//8600 8498//8604 8828//8933
f 8833//8937 8832//8938 8830//8934 8831//8936
f 8502//8608 8504//8610 8833//8937 8831//8936
f 8498//8604 8499//8603 8502//8608 8831//8936
f 8835//8939 8834//8940 8832//8938 8833//8937
f 8504//8610 8506//8612 8835//8939 8833//8937
f 8837//8941 8836//8942 8834//8940 8835//8939
f 8506//8612 8508//8614 8837//8941 8835//8939
f 8839//8943 8838//8944 8836//8942 8837//8941
f 8508//8614 8510//8616 8839//8943 8837//8941
f 8841//8945 8840//8946 8838//8944 8839//8943
f 8510//8616 8512//8618 8841//8945 8839//8943
f 8843//8947 8842//8948 8840//8946 8841//8945
f 8512//8618 8844//8949 8843//8947 8841//8945
f 8846//8950 8845//8951 8843//8947 8844//8949
f 8515//8621 8847//8952 8846//8950 8844//8949
f 8512//8618 8513//8617 8515//8621 8844//8949
f 8849//8953 8848//8954 8846//8950 8847//8952
f 8518//8624 8850//8955 8849//8953 8847//8952
f 8515//8621 8516//8620 8518//8624 8847//8952
f 8852//8956 8851//8957 8849//8953 8850//8955
f 8521//8627 8853//8958 8852//8956 8850//8955
f 8518//8624 8519//8623 8521//8627 8850//8955
f 8769//8875 8854//8959 8852//8956 8853//8958
f 8524//8630 8767//8872 8769//8875 8853//8958
f 8521//8627 8522//8626 8524//8630 8853//8958
f 8855//8960 8851//8957 8852//8956 8854//8959
f 8772//8878 8856//8961 8855//8960 8854//8959
f 8769//8875 8770//8874 8772//8878 8854//8959
f 8858//8962 8857//8963 8855//8960 8856//8961
f 8775//8881 8859//8964 8858//8962 8856//8961
f 8772//8878 8773//8877 8775//8881 8856//8961
f 8861//8965 8860//8966 8858//8962 8859//8964
f 8778//8884 8862//8967 8861//8965 8859//8964
f 8775//8881 8776//8880 8778//8884 8859//8964
f 8864//8968 8863//8969 8861//8965 8862//8967
f 8781//8887 8865//8970 8864//8968 8862//8967
f 8778//8884 8779//8883 8781//8887 8862//8967
f 8867//8971 8866//8972 8864//8968 8865//8970
f 8784//8890 8868//8973 8867//8971 8865//8970
f 8781//8887 8782//8886 8784//8890 8865//8970
f 8870//8974 8869//8975 8867//8971 8868//8973
f 8787//8893 8871//8976 8870//8974 8868//8973
f 8784//8890 8785//8889 8787//8893 8868//8973
f 8873//8977 8872//8978 8870//8974 8871//8976
f 8790//8896 8874//8979 8873//8977 8871//8976
f 8787//8893 8788//8892 8790//8896 8871//8976
f 8876//8980 8875//8981 8873//8977 8874//8979
f 8793//8899 8877//8982 8876//8980 8874//8979
f 8790//8896 8791//8895 8793//8899 8874//8979
f 4854//4829 4852//4828 8876//8980 8877//8982
f 8878//8983 4860//4834 4854//4829 8877//8982
f 8793//8899 8794//8898 8878//8983 8877//8982
f 8879//8984 4859//4835 4860//4834 8878//8983
f 8794//8898 8795//8901 8879//8984 8878//8983
f 8881//8985 8880//8986 4859//4835 8879//8984
f 8795//8901 8797//8903 8881//8985 8879//8984
f 8883//8987 8882//8988 8880//8986 8881//8985
f 8797//8903 8799//8905 8883//8987 8881//8985
f 8885//8989 8884//8990 8882//8988 8883//8987
f 8799//8905 8801//8907 8885//8989 8883//8987
f 8887//8991 8886//8992 8884//8990 8885//8989
f 8801//8907 8803//8909 8887//8991 8885//8989
f 8808//8914 8888//8993 8886//8992 8887//8991
f 8803//8909 8805//8911 8808//8914 8887//8991
f 4313//4378 4312//4377 8886//8992 8888//8993
f 8889//8994 4314//4379 4313//4378 8888//8993
f 8808//8914 8809//8913 8889//8994 8888//8993
f 8890//8995 4316//4381 4314//4379 8889//8994
f 8809//8913 8810//8916 8890//8995 8889//8994
f 8815//8921 4318//4383 4316//4381 8890//8995
f 8810//8916 8812//8918 8815//8921 8890//8995
f 8815//8921 8816//8920 4235//4299 4318//4383
f 8892//8996 8891//8997 4319//4385 4320//4384
f 4241//4307 8820//8926 8892//8996 4320//4384
f 8894//8998 8893//8999 8891//8997 8892//8996
f 8820//8926 8822//8928 8894//8998 8892//8996
f 8896//9000 8895//9001 8893//8999 8894//8998
f 8822//8928 8824//8930 8896//9000 8894//8998
f 8898//9002 8897//9003 8895//9001 8896//9000
f 8824//8930 8826//8932 8898//9002 8896//9000
f 8900//9004 8899//9005 8897//9003 8898//9002
f 8826//8932 8901//9006 8900//9004 8898//9002
f 8903//9007 8902//9008 8900//9004 8901//9006
f 8829//8935 8904//9009 8903//9007 8901//9006
f 8826//8932 8827//8931 8829//8935 8901//9006
f 8906//9010 8905//9011 8903//9007 8904//9009
f 8832//8938 8834//8940 8906//9010 8904//9009
f 8829//8935 8830//8934 8832//8938 8904//9009
f 8908//9012 8907//9013 8905//9011 8906//9010
f 8834//8940 8836//8942 8908//9012 8906//9010
f 8910//9014 8909//9015 8907//9013 8908//9012
f 8836//8942 8838//8944 8910//9014 8908//9012
f 8912//9016 8911//9017 8909//9015 8910//9014
f 8838//8944 8840//8946 8912//9016 8910//9014
f 8914//9018 8913//9019 8911//9017 8912//9016
f 8840//8946 8842//8948 8914//9018 8912//9016
f 8916//9020 8915//9021 8913//9019 8914//9018
f 8842//8948 8917//9022 8916//9020 8914//9018
f 8919//9023 8918//9024 8916//9020 8917//9022
f 8845//8951 8920//9025 8919//9023 8917//9022
f 8842//8948 8843//8947 8845//8951 8917//9022
f 8922//9026 8921//9027 8919//9023 8920//9025
f 8848//8954 8923//9028 8922//9026 8920//9025
f 8845//8951 8846//8950 8848//8954 8920//9025
f 8857//8963 8924//9029 8922//9026 8923//9028
f 8851//8957 8855//8960 8857//8963 8923//9028
f 8848//8954 8849//8953 8851//8957 8923//9028
f 8925//9030 8921//9027 8922//9026 8924//9029
f 8860//8966 8926//9031 8925//9030 8924//9029
f 8857//8963 8858//8962 8860//8966 8924//9029
f 8928//9032 8927//9033 8925//9030 8926//9031
f 8863//8969 8929//9034 8928//9032 8926//9031
f 8860//8966 8861//8965 8863//8969 8926//9031
f 8931//9035 8930//9036 8928//9032 8929//9034
f 8866//8972 8932//9037 8931//9035 8929//9034
f 8863//8969 8864//8968 8866//8972 8929//9034
f 8934//9038 8933//9039 8931//9035 8932//9037
f 8869//8975 8935//9040 8934//9038 8932//9037
f 8866//8972 8867//8971 8869//8975 8932//9037
f 8937//9041 8936//9042 8934//9038 8935//9040
f 8872//8978 8938//9043 8937//9041 8935//9040
f 8869//8975 8870//8974 8872//8978 8935//9040
f 8940//9044 8939//9045 8937//9041 8938//9043
f 8875//8981 4853//4827 8940//9044 8938//9043
f 8872//8978 8873//8977 8875//8981 8938//9043
f 4747//4437 4371//4436 8939//9045 8940//9044
f 4853//4827 4732//42 4747//4437 8940//9044
f 8941//9046 4904//4883 4372//4439 4373//4438
f 4319//4385 8891//8997 8941//9046 4373//4438
f 8942//9047 4903//4884 4904//4883 8941//9046
f 8891//8997 8893//8999 8942//9047 8941//9046
f 8943//9048 4907//4885 4903//4884 8942//9047
f 8893//8999 8895//9001 8943//9048 8942//9047
f 8945//9049 8944//9050 4907//4885 8943//9048
f 8895//9001 8897//9003 8945//9049 8943//9048
f 8947//9051 8946//9052 8944//9050 8945//9049
f 8897//9003 8899//9005 8947//9051 8945//9049
f 8949//9053 8948//9054 8946//9052 8947//9051
f 8899//9005 8950//9055 8949//9053 8947//9051
f 8952//9056 8951//9057 8949//9053 8950//9055
f 8902//9008 8953//9058 8952//9056 8950//9055
f 8899//9005 8900//9004 8902//9008 8950//9055
f 8955//9059 8954//9060 8952//9056 8953//9058
f 8905//9011 8907//9013 8955//9059 8953//9058
f 8902//9008 8903//9007 8905//9011 8953//9058
f 8957//9061 8956//9062 8954//9060 8955//9059
f 8907//9013 8909//9015 8957//9061 8955//9059
f 8959//9063 8958//9064 8956//9062 8957//9061
f 8909//9015 8911//9017 8959//9063 8957//9061
f 8961//9065 8960//9066 8958//9064 8959//9063
f 8911//9017 8913//9019 8961//9065 8959//9063
f 8963//9067 8962//9068 8960//9066 8961//9065
f 8913//9019 8915//9021 8963//9067 8961//9065
f 8965//9069 8964//9070 8962//9068 8963//9067
f 8915//9021 8966//9071 8965//9069 8963//9067
f 8968//9072 8967//9073 8965//9069 8966//9071
f 8918//9024 8969//9074 8968//9072 8966//9071
f 8915//9021 8916//9020 8918//9024 8966//9071
f 8927//9033 8970//9075 8968//9072 8969//9074
f 8921//9027 8925//9030 8927//9033 8969//9074
f 8918//9024 8919//9023 8921//9027 8969//9074
f 8971//9076 8967//9073 8968//9072 8970//9075
f 8930//9036 8972//9077 8971//9076 8970//9075
f 8927//9033 8928//9032 8930//9036 8970//9075
f 8974//9078 8973//9079 8971//9076 8972//9077
f 8933//9039 8975//9080 8974//9078 8972//9077
f 8930//9036 8931//9035 8933//9039 8972//9077
f 8977//9081 8976//9082 8974//9078 8975//9080
f 8936//9042 8978//9083 8977//9081 8975//9080
f 8933//9039 8934//9038 8936//9042 8975//9080
f 4413//4479 4412//4478 8977//9081 8978//9083
f 8939//9045 4371//4436 4413//4479 8978//9083
f 8936//9042 8937//9041 8939//9045 8978//9083
f 8979//9084 8976//9082 4414//4481 4415//4480
f 11//35 4849//4826 8979//9084 4415//4480
f 8973//9079 8974//9078 8976//9082 8979//9084
f 4849//4826 8980//9085 8973//9079 8979//9084
f 4849//4826 4850//4825 8964//9070 8980//9085
f 8967//9073 8971//9076 8973//9079 8980//9085
f 8964//9070 8965//9069 8967//9073 8980//9085
f 8976//9082 8977//9081 4412//4478 4414//4481
f 8982//9086 8981//9087 4418//4485 4748//4484
f 4748//4484 103//23 4841//4817 8982//9086
f 8984//9088 8983//9089 8981//9087 8982//9086
f 4841//4817 8985//9090 8984//9088 8982//9086
f 4841//4817 4842//4816 8986//9091 8985//9090
f 8988//9092 8987//9093 8984//9088 8985//9090
f 8986//9091 8989//9094 8988//9092 8985//9090
f 8986//9091 8991//9095 8990//9096 8989//9094
f 8956//9062 8958//9064 8988//9092 8989//9094
f 8990//9096 8954//9060 8956//9062 8989//9094
f 4843//4818 8993//9097 8992//9098 8991//9095
f 8986//9091 4842//4816 4843//4818 8991//9095
f 8992//9098 8951//9057 8990//9096 8991//9095
f 8996//9099 8995//9100 8994//9101 8993//9097
f 4843//4818 4838//4812 8996//9099 8993//9097
f 8994//9101 8948//9054 8992//9098 8993//9097
f 4829//4803 4830//4802 8995//9100 8996//9099
f 4838//4812 4836//4811 4829//4803 8996//9099
f 4830//4802 4831//4805 8997//9102 8995//9100
f 8997//9102 8998//9103 8994//9101 8995//9100
f 8997//9102 9000//9104 8999//9105 8998//9103
f 8946//9052 8948//9054 8994//9101 8998//9103
f 8999//9105 8944//9050 8946//9052 8998//9103
f 4835//4809 9001//9106 4908//4887 9000//9104
f 8997//9102 4831//4805 4835//4809 9000//9104
f 4908//4887 4906//4886 8999//9105 9000//9104
f 4833//4807 4920//4901 9002//9107 9001//9106
f 4835//4809 4832//4808 4833//4807 9001//9106
f 9002//9107 4902//4878 4908//4887 9001//9106
f 9003//9108 4901//4879 4902//4878 9002//9107
f 4920//4901 4921//4902 9003//9108 9002//9107
f 4909//4890 4910//4889 4901//4879 9003//9108
f 4921//4902 4913//4892 4909//4890 9003//9108
f 4906//4886 4907//4885 8944//9050 8999//9105
f 8948//9054 8949//9053 8951//9057 8992//9098
f 8951//9057 8952//9056 8954//9060 8990//9096
f 8958//9064 8960//9066 8987//9093 8988//9092
f 9004//9109 8983//9089 8984//9088 8987//9093
f 8960//9066 8962//9068 9004//9109 8987//9093
f 4850//4825 4851//4824 8983//9089 9004//9109
f 8962//9068 8964//9070 4850//4825 9004//9109
f 4851//4824 9005//9110 8981//9087 8983//9089
f 4904//4883 4905//4882 4444//4511 4372//4439
f 4905//4882 9006//9111 4445//4512 4444//4511
f 9007//9112 4447//4514 4445//4512 9006//9111
f 4900//4880 9008//9113 9007//9112 9006//9111
f 4905//4882 4760//4881 4900//4880 9006//9111
f 9010//9114 9009//9115 9007//9112 9008//9113
f 4910//4889 4911//4888 9010//9114 9008//9113
f 4900//4880 4901//4879 4910//4889 9008//9113
f 9012//9116 9011//9117 9009//9115 9010//9114
f 4911//4888 4914//4894 9012//9116 9010//9114
f 9014//9118 9013//9119 9011//9117 9012//9116
f 4914//4894 4922//4903 9014//9118 9012//9116
f 9015//9120 4848//9121 9013//9119 9014//9118
f 4922//4903 4847//4823 9015//9120 9014//9118
f 4457//4526 4749//4525 4848//9121 9015//9120
f 4847//4823 4730//34 4457//4526 9015//9120
f 9009//9115 9011//9117 4459//4528 4458//4527
f 4447//4514 9007//9112 9009//9115 4458//4527
f 9011//9117 9013//9119 4750//4529 4459//4528
f 9013//9119 4848//9121 4751//4530 4750//4529
f 8884//8990 8886//8992 4312//4377 4462//4531
f 4460//4532 8882//8988 8884//8990 4462//4531
f 8880//8986 8882//8988 4460//4532 4461//4533
f 125//54 4859//4835 8880//8986 4461//4533
f 4852//4828 4853//4827 8875//8981 8876//8980
f 9016//9122 8466//8572 4463//1245 4464//4534
f 135//71 4868//4843 9016//9122 4464//4534
f 8462//8566 8463//8569 8466//8572 9016//9122
f 4868//4843 8461//8567 8462//8566 9016//9122
f 8466//8572 8467//8571 3877//3940 4463//1245
f 8609//8715 8611//8717 8710//8815 8714//8820
f 8611//8717 8612//8716 8614//8720 8706//8811
f 8620//8726 8621//8725 8623//8729 8627//8733
f 8538//8644 8573//8679 8574//8678 8576//8682
f 8538//8644 8539//8643 8541//8647 8573//8679
f 8541//8647 8570//8676 8571//8675 8573//8679
f 8541//8647 8542//8646 8544//8650 8570//8676
f 8544//8650 8567//8673 8568//8672 8570//8676
f 8544//8650 8545//8649 8547//8653 8567//8673
f 8547//8653 8564//8670 8565//8669 8567//8673
f 8547//8653 8548//8652 8550//8656 8564//8670
f 8550//8656 8556//8662 8562//8667 8564//8670
f 8550//8656 8551//8655 8553//8659 8556//8662
f 9018//9123 9017//9124 4466//4537 4467//4536
f 3880//3944 8469//8575 9018//9123 4467//4536
f 9020//9125 9019//9126 9017//9124 9018//9123
f 8469//8575 8471//8577 9020//9125 9018//9123
f 9022//9127 9021//9128 9019//9126 9020//9125
f 8471//8577 8473//8579 9022//9127 9020//9125
f 9024//9129 9023//9130 9021//9128 9022//9127
f 8473//8579 8475//8581 9024//9129 9022//9127
f 9026//9131 9025//9132 9023//9130 9024//9129
f 8475//8581 9027//9133 9026//9131 9024//9129
f 9029//9134 9028//9135 9026//9131 9027//9133
f 8478//8584 8480//8586 9029//9134 9027//9133
f 8475//8581 8476//8580 8478//8584 9027//9133
f 9031//9136 9030//9137 9028//9135 9029//9134
f 8480//8586 8482//8588 9031//9136 9029//9134
f 9033//9138 9032//9139 9030//9137 9031//9136
f 8482//8588 8484//8590 9033//9138 9031//9136
f 9035//9140 9034//9141 9032//9139 9033//9138
f 8484//8590 8488//8595 9035//9140 9033//9138
f 9037//9142 9036//9143 9034//9141 9035//9140
f 8488//8595 8489//8594 9037//9142 9035//9140
f 4490//4560 4489//4559 9036//9143 9037//9142
f 8489//8594 3904//3967 4490//4560 9037//9142
f 9039//9144 9038//9145 4491//4562 4492//4561
f 4466//4537 9017//9124 9039//9144 4492//4561
f 9041//9146 9040//9147 9038//9145 9039//9144
f 9017//9124 9019//9126 9041//9146 9039//9144
f 9043//9148 9042//9149 9040//9147 9041//9146
f 9019//9126 9021//9128 9043//9148 9041//9146
f 9045//9150 9044//9151 9042//9149 9043//9148
f 9021//9128 9023//9130 9045//9150 9043//9148
f 9047//9152 9046//9153 9044//9151 9045//9150
f 9023//9130 9025//9132 9047//9152 9045//9150
f 9049//9154 9048//9155 9046//9153 9047//9152
f 9025//9132 9050//9156 9049//9154 9047//9152
f 9052//9157 9051//9158 9049//9154 9050//9156
f 9028//9135 9030//9137 9052//9157 9050//9156
f 9025//9132 9026//9131 9028//9135 9050//9156
f 9054//9159 9053//9160 9051//9158 9052//9157
f 9030//9137 9032//9139 9054//9159 9052//9157
f 9056//9161 9055//9162 9053//9160 9054//9159
f 9032//9139 9034//9141 9056//9161 9054//9159
f 9058//9163 9057//9164 9055//9162 9056//9161
f 9034//9141 9036//9143 9058//9163 9056//9161
f 4515//4585 4514//4584 9057//9164 9058//9163
f 9036//9143 4489//4559 4515//4585 9058//9163
f 9060//9165 9059//9166 4517//4587 4518//4586
f 4519//4591 9061//9167 9060//9165 4518//4586
f 9063//9168 9062//9169 9060//9165 9061//9167
f 9065//9170 9064//9171 9063//9168 9061//9167
f 4519//4591 4527//4596 9065//9170 9061//9167
f 4491//4562 9038//9145 9065//9170 4527//4596
f 9038//9145 9040//9147 9064//9171 9065//9170
f 4938//4923 4939//4922 9063//9168 9064//9171
f 9040//9147 9042//9149 4938//4923 9064//9171
f 4939//4922 4927//4909 9062//9169 9063//9168
f 4927//4909 4928//4908 9066//9172 9062//9169
f 9066//9172 9059//9166 9060//9165 9062//9169
f 4928//4908 4932//4915 9067//9173 9066//9172
f 9067//9173 9068//9174 9059//9166 9066//9172
f 9067//9173 9070//9175 9069//9176 9068//9174
f 4516//4602 4517//4587 9059//9166 9068//9174
f 9069//9176 4533//4603 4516//4602 9068//9174
f 9069//9176 9071//9177 4534//4604 4533//4603
f 9073//9178 9072//9179 4537//4607 4536//4606
f 4534//4604 9071//9177 9073//9178 4536//4606
f 9075//9180 9074//9181 9072//9179 9073//9178
f 9071//9177 9076//9182 9075//9180 9073//9178
f 9078//9183 9077//9184 9075//9180 9076//9182
f 9070//9175 9079//9185 9078//9183 9076//9182
f 9071//9177 9069//9176 9070//9175 9076//9182
f 9081//9186 9080//9187 9078//9183 9079//9185
f 4932//4915 4929//4914 9081//9186 9079//9185
f 9070//9175 9067//9173 4932//4915 9079//9185
f 9083//9188 9082//9189 9080//9187 9081//9186
f 4929//4914 4930//4913 9083//9188 9081//9186
f 9085//9190 9084//9191 9082//9189 9083//9188
f 4930//4913 9086//9192 9085//9190 9083//9188
f 9088//9193 9087//9194 9085//9190 9086//9192
f 9090//9195 9089//9196 9088//9193 9086//9192
f 4930//4913 4931//4912 9090//9195 9086//9192
f 9092//9197 9091//9198 9089//9196 9090//9195
f 4931//4912 4933//4918 9092//9197 9090//9195
f 9094//9199 9093//9200 9091//9198 9092//9197
f 4933//4918 4935//4921 9094//9199 9092//9197
f 9096//9201 9095//9202 9093//9200 9094//9199
f 4935//4921 9048//9155 9096//9201 9094//9199
f 9051//9158 9053//9160 9095//9202 9096//9201
f 9048//9155 9049//9154 9051//9158 9096//9201
f 9098//9203 9097//9204 9093//9200 9095//9202
f 9053//9160 9055//9162 9098//9203 9095//9202
f 9100//9205 9099//9206 9097//9204 9098//9203
f 9055//9162 9057//9164 9100//9205 9098//9203
f 4568//4638 4567//4637 9099//9206 9100//9205
f 9057//9164 4514//4584 4568//4638 9100//9205
f 9102//9207 9101//9208 4569//4640 4570//4639
f 4537//4607 9072//9179 9102//9207 4570//4639
f 9104//9209 9103//9210 9101//9208 9102//9207
f 9072//9179 9074//9181 9104//9209 9102//9207
f 9106//9211 9105//9212 9103//9210 9104//9209
f 9074//9181 9107//9213 9106//9211 9104//9209
f 9109//9214 9108//9215 9106//9211 9107//9213
f 9077//9184 9110//9216 9109//9214 9107//9213
f 9074//9181 9075//9180 9077//9184 9107//9213
f 9112//9217 9111//9218 9109//9214 9110//9216
f 9080//9187 9082//9189 9112//9217 9110//9216
f 9077//9184 9078//9183 9080//9187 9110//9216
f 9114//9219 9113//9220 9111//9218 9112//9217
f 9082//9189 9084//9191 9114//9219 9112//9217
f 9116//9221 9115//9222 9113//9220 9114//9219
f 9084//9191 9117//9223 9116//9221 9114//9219
f 9119//9224 9118//9225 9116//9221 9117//9223
f 9087//9194 9120//9226 9119//9224 9117//9223
f 9084//9191 9085//9190 9087//9194 9117//9223
f 9122//9227 9121//9228 9119//9224 9120//9226
f 9123//9229 4840//4813 9122//9227 9120//9226
f 9087//9194 9088//9193 9123//9229 9120//9226
f 9124//9230 4759//4814 4840//4813 9123//9229
f 9088//9193 9089//9196 9124//9230 9123//9229
f 9125//9231 4839//4815 4759//4814 9124//9230
f 9089//9196 9091//9198 9125//9231 9124//9230
f 9097//9204 9099//9206 4839//4815 9125//9231
f 9091//9198 9093//9200 9097//9204 9125//9231
f 4597//4667 4596//4666 9121//9228 9122//9227
f 4840//4813 6//18 4597//4667 9122//9227
f 4598//4669 9126//9232 9121//9228 4596//4666
f 4598//4669 4601//1962 9127//9233 9126//9232
f 9118//9225 9119//9224 9121//9228 9126//9232
f 9127//9233 9128//9234 9118//9225 9126//9232
f 9127//9233 9130//9235 9129//9236 9128//9234
f 9115//9222 9116//9221 9118//9225 9128//9234
f 9129//9236 9131//9237 9115//9222 9128//9234
f 9129//9236 9133//9238 9132//9239 9131//9237
f 9134//9240 9113//9220 9115//9222 9131//9237
f 9132//9239 9135//9241 9134//9240 9131//9237
f 9132//9239 9137//9242 9136//9243 9135//9241
f 9139//9244 9138//9245 9134//9240 9135//9241
f 9136//9243 9140//9246 9139//9244 9135//9241
f 9136//9243 9142//9247 9141//9248 9140//9246
f 9144//9249 9143//9250 9139//9244 9140//9246
f 9141//9248 9145//9251 9144//9249 9140//9246
f 9141//9248 9147//9252 9146//9253 9145//9251
f 9149//9254 9148//9255 9144//9249 9145//9251
f 9146//9253 9150//9256 9149//9254 9145//9251
f 9146//9253 9152//9257 9151//9258 9150//9256
f 9154//9259 9153//9260 9149//9254 9150//9256
f 9151//9258 9155//9261 9154//9259 9150//9256
f 9151//9258 9157//9262 9156//9263 9155//9261
f 9159//9264 9158//9265 9154//9259 9155//9261
f 9156//9263 9160//9266 9159//9264 9155//9261
f 9156//9263 9162//9267 9161//9268 9160//9266
f 4638//4707 4637//4706 9159//9264 9160//9266
f 9161//9268 4639//4708 4638//4707 9160//9266
f 9161//9268 9163//9269 4640//4709 4639//4708
f 9164//9270 4952//4942 4643//4712 4642//4711
f 4640//4709 9163//9269 9164//9270 4642//4711
f 9165//9271 4949//4936 4952//4942 9164//9270
f 9163//9269 9166//9272 9165//9271 9164//9270
f 9168//9273 9167//9274 9165//9271 9166//9272
f 9162//9267 9169//9275 9168//9273 9166//9272
f 9163//9269 9161//9268 9162//9267 9166//9272
f 9171//9276 9170//9277 9168//9273 9169//9275
f 9157//9262 9172//9278 9171//9276 9169//9275
f 9162//9267 9156//9263 9157//9262 9169//9275
f 9174//9279 9173//9280 9171//9276 9172//9278
f 9152//9257 9175//9281 9174//9279 9172//9278
f 9157//9262 9151//9258 9152//9257 9172//9278
f 9177//9282 9176//9283 9174//9279 9175//9281
f 9147//9252 9178//9284 9177//9282 9175//9281
f 9152//9257 9146//9253 9147//9252 9175//9281
f 9180//9285 9179//9286 9177//9282 9178//9284
f 9142//9247 9181//9287 9180//9285 9178//9284
f 9147//9252 9141//9248 9142//9247 9178//9284
f 9183//9288 9182//9289 9180//9285 9181//9287
f 9137//9242 9184//9290 9183//9288 9181//9287
f 9142//9247 9136//9243 9137//9242 9181//9287
f 9186//9291 9185//9292 9183//9288 9184//9290
f 9133//9238 9187//9293 9186//9291 9184//9290
f 9137//9242 9132//9239 9133//9238 9184//9290
f 4669//4738 4668//4737 9186//9291 9187//9293
f 9130//9235 4670//4739 4669//4738 9187//9293
f 9133//9238 9129//9236 9130//9235 9187//9293
f 9130//9235 9127//9233 4601//1962 4670//4739
f 9189//9294 9188//9295 4671//4741 4672//4740
f 4569//4640 9101//9208 9189//9294 4672//4740
f 9190//9296 9153//9260 9188//9295 9189//9294
f 9101//9208 9103//9210 9190//9296 9189//9294
f 9148//9255 9149//9254 9153//9260 9190//9296
f 9103//9210 9105//9212 9148//9255 9190//9296
f 9153//9260 9154//9259 9158//9265 9188//9295
f 9158//9265 4676//4745 4671//4741 9188//9295
f 9158//9265 9159//9264 4637//4706 4676//4745
f 4951//4940 9191//9297 4678//4747 4679//4746
f 4681//4749 4950//4941 4951//4940 4679//4746
f 4643//4712 4952//4942 4950//4941 4681//4749
f 9192//9298 4677//4750 4678//4747 9191//9297
f 9193//9299 4960//4951 9192//9298 9191//9297
f 4951//4940 4947//4938 9193//9299 9191//9297
f 9194//9300 4959//4952 4960//4951 9193//9299
f 4947//4938 4948//4937 9194//9300 9193//9299
f 9195//9301 4962//4955 4959//4952 9194//9300
f 4948//4937 9167//9274 9195//9301 9194//9300
f 9170//9277 9196//9302 4962//4955 9195//9301
f 9167//9274 9168//9273 9170//9277 9195//9301
f 9197//9303 4961//4954 4962//4955 9196//9302
f 9173//9280 9198//9304 9197//9303 9196//9302
f 9170//9277 9171//9276 9173//9280 9196//9302
f 9199//9305 4956//4949 9197//9303 9198//9304
f 9176//9283 9200//9306 9199//9305 9198//9304
f 9173//9280 9174//9279 9176//9283 9198//9304
f 9202//9307 9201//9308 9199//9305 9200//9306
f 9179//9286 9203//9309 9202//9307 9200//9306
f 9176//9283 9177//9282 9179//9286 9200//9306
f 9205//9310 9204//9311 9202//9307 9203//9309
f 9182//9289 9206//9312 9205//9310 9203//9309
f 9179//9286 9180//9285 9182//9289 9203//9309
f 4698//4767 4697//4766 9205//9310 9206//9312
f 9185//9292 4699//4768 4698//4767 9206//9312
f 9182//9289 9183//9288 9185//9292 9206//9312
f 9185//9292 9186//9291 4668//4737 4699//4768
f 9207//9313 9204//9311 4700//4770 4701//4769
f 225//184 4953//4945 9207//9313 4701//4769
f 9201//9308 9202//9307 9204//9311 9207//9313
f 4953//4945 4954//4944 9201//9308 9207//9313
f 9204//9311 9205//9310 4697//4766 4700//4770
f 4954//4944 4956//4949 9199//9305 9201//9308
f 4956//4949 4957//4948 4961//4954 9197//9303
f 4955//4947 230//186 4677//4750 9192//9298
f 4960//4951 4958//4950 4955//4947 9192//9298
f 4948//4937 4949//4936 9165//9271 9167//9274
f 9105//9212 9143//9250 9144//9249 9148//9255
f 9108//9215 9138//9245 9139//9244 9143//9250
f 9105//9212 9106//9211 9108//9215 9143//9250
f 9111//9218 9113//9220 9134//9240 9138//9245
f 9108//9215 9109//9214 9111//9218 9138//9245
f 6//18 4839//4815 9099//9206 4567//4637
f 4935//4921 4936//4920 9046//9153 9048//9155
f 4936//4920 4937//4924 9044//9151 9046//9153
f 4937//4924 4938//4923 9042//9149 9044//9151
f 4994//4999 8418//8524 8420//8526 8423//8529
f 4994//4999 4995//4998 8416//8521 8418//8524
f 8344//8450 8345//8449 8347//8453 8350//8456
f 4877//4852 8297//8403 8298//8402 8300//8406
f 5035//5044 5036//5043 8095//8200 8097//8203
f 5036//5043 5037//5047 8092//8198 8093//8197
f 7309//7381 7311//7383 7320//7391 8046//8152
f 7330//7400 7331//7403 7334//7406 8038//8143
f 7334//7406 7335//7405 7337//7409 8034//8139
f 7337//7409 7338//7408 7340//7412 8030//8135
f 7340//7412 7341//7411 7343//7415 8026//8131
f 7343//7415 7344//7414 7346//7418 8022//8127
f 7346//7418 7347//7417 7349//7421 8018//8123
f 7351//7423 7353//7425 7356//7428 8008//8113
f 7356//7428 7357//7427 7359//7431 8004//8109
f 7361//7433 7363//7435 7366//7438 7994//8099
f 7366//7438 7367//7437 7369//7441 7990//8095
f 7369//7441 7370//7440 7372//7444 7986//8091
f 7372//7444 7373//7443 7375//7447 7982//8087
f 7375//7447 7376//7446 7378//7450 7978//8083
f 7378//7450 7379//7449 7381//7453 7974//8079
f 7381//7453 7382//7452 7384//7456 7970//8075
f 7386//7458 7388//7460 7391//7463 7960//8065
f 7391//7463 7392//7462 7394//7466 7956//8061
f 7396//7468 7398//7470 7945//8051 7946//8050
f 7403//7475 7940//8046 7941//8045 7945//8051
f 7398//7470 7400//7472 7403//7475 7945//8051
f 7910//8016 7912//8018 7936//8041 7940//8046
f 7403//7475 7404//7474 7910//8016 7940//8046
f 5007//5012 4981//4982 4982//4981 7314//7385
f 7204//7275 7205//7274 7207//7278 7285//7357
f 7215//7286 7216//7285 7218//7289 7279//7350
f 4963//4956 4964//4961 4968//4960 7278//7348
f 7274//7345 4967//4957 4963//4956 7278//7348
f 7218//7289 7219//7288 7221//7292 7275//7346
f 7221//7292 7222//7291 7224//7295 7272//7343
f 4972//4968 4966//4958 4967//4957 7271//7342
f 7224//7295 7225//7294 7227//7298 7269//7340
f 7230//7301 7264//7336 7265//7335 7267//7339
f 7227//7298 7228//7297 7230//7301 7267//7339
f 7233//7304 7261//7333 7262//7332 7264//7336
f 7230//7301 7231//7300 7233//7304 7264//7336
f 7236//7307 7256//7328 7257//7327 7261//7333
f 7233//7304 7234//7303 7236//7307 7261//7333
f 9210//9314 9209//9315 9208//9316 7260//7330
f 7254//7326 7255//7325 9210//9314 7260//7330
f 9208//9316 4983//4984 7259//7331 7260//7330
f 5017//5024 5014//5023 9209//9315 9210//9314
f 7255//7325 5030//5038 5017//5024 9210//9314
f 5014//5023 5015//5022 9211//9317 9209//9315
f 7239//7310 7243//7313 7252//7323 7256//7328
f 7236//7307 7237//7306 7239//7310 7256//7328
f 7250//7322 7251//7321 5030//5038 7255//7325
f 5040//5050 5029//5039 5030//5038 7251//7321
f 7247//7318 7248//7317 5040//5050 7251//7321
f 7209//7280 7210//7279 7212//7283 7215//7286
f 4942//4928 4770//4931 4945//4935 7203//7272
f 7198//7268 4941//4929 4942//4928 7203//7272
f 4919//4900 4916//4898 4940//4926 7194//7263
f 7189//7259 4925//4906 4919//4900 7194//7263
f 4940//4926 4941//4929 7193//7264 7194//7263
f 4898//4875 4899//4877 4923//4904 7182//7252
f 7119//7190 7120//7189 7122//7193 7125//7196
f 4946//4934 4771//4930 4943//4933 7113//7184
f 7059//7129 5058//5072 5053//5067 7064//7133
f 4802//5079 5061//5078 7054//7125 7056//7127
f 5061//5078 5066//5085 7052//7122 7054//7125
f 5066//5085 5062//5083 7047//7118 7048//7117
f 5067//5087 7042//7113 7043//7112 7047//7118
f 5062//5083 5063//5082 5067//5087 7047//7118
f 5070//5088 5073//5094 7038//7108 7042//7113
f 5067//5087 5068//5086 5070//5088 7042//7113
f 5073//5094 4805//5093 5079//5102 7034//7104
f 6929//6998 6930//7001 7002//7073 7003//7072
f 6935//7006 6997//7068 6998//7067 7002//7073
f 6930//7001 6932//7003 6935//7006 7002//7073
f 6938//7009 6940//7011 6993//7063 6997//7068
f 6935//7006 6936//7005 6938//7009 6997//7068
f 6940//7011 6941//7010 6943//7014 6989//7059
f 5080//5101 4804//5098 5077//5100 6910//6981
f 5078//5099 6827//6896 6828//6895 6908//6979
f 6848//6919 6850//6921 6854//6925 6885//6955
f 6854//6925 6855//6924 6857//6928 6881//6951
f 6859//6930 6861//6932 6864//6934 6869//6940
f 6613//6682 6614//6681 6616//6685 6868//6938
f 6649//6718 6651//6720 6759//6827 6763//6832
f 6669//6738 6671//6740 6674//6743 6734//6802
f 6674//6743 6675//6742 6677//6746 6730//6798
f 6683//6752 6685//6754 6688//6757 6714//6782
f 6688//6757 6689//6756 6691//6760 6710//6778
f 6691//6760 6692//6759 6694//6763 6706//6774
f 5084//5108 5085//5107 6608//6676 6610//6679
f 5085//5107 5081//5105 6605//6674 6606//6673
f 6359//6427 6361//6430 6369//6437 6371//6440
f 4858//4833 124//52 1631//1663 6274//6342
f 6244//6312 6246//6314 6254//6321 6256//6324
f 4865//4840 4739//66 4742//1537 6157//6224
f 5996//6063 5998//6065 6097//6163 6101//6168
f 5998//6065 5999//6064 6001//6068 6093//6159
f 6001//6068 6002//6067 6004//6071 6089//6155
f 6004//6071 6005//6070 6007//6074 6085//6151
f 6007//6074 6008//6073 6010//6077 6081//6147
f 6010//6077 6011//6076 6013//6080 6077//6143
f 6013//6080 6014//6079 6016//6083 6073//6139
f 5973//6040 5974//6039 1302//1333 1305//1422
f 5430//5496 5431//5495 5433//5499 5437//5503
f 4873//4846 5327//5388 5328//5387 5330//5391
f 5168//5218 5164//5217 5259//5315 5260//5318
f 5164//5217 5165//5216 5258//5316 5259//5315
f 5160//5210 5161//5209 5236//5290 5237//5289
f 4824//5204 4870//9318 4707//4776 440//460
f 4870//9318 9212//9319 4708//4778 4707//4776
f 4869//5203 5155//5202 9213//9320 9212//9319
f 9213//9321 4711//52 4708//4778 9212//9319
f 9213//9321 5154//5200 436//447 4711//52
f 5155//5202 5153//5194 5154//5197 9213//9320
f 5152//5195 5153//5194 5155//5202 5156//5201
f 5145//5180 5133//5168 5130//5165 9214//9322
f 5130//5165 5131//5164 5144//5178 9214//9322
f 5135//5169 5125//5153 5126//5152 5146//5181
f 5129//5162 5130//5165 5133//5168 5134//5167
f 9219//9323 5086//5111 6853//6922 5099//5125
f 4806//5106 5086//5111 9219//9323 5099//9324
f 5089//5122 5083//5103 4806//5106 5099//9324
f 4804//5098 4805//5093 4803//5090 5071//5092
f 4787//5020 9216//9325 9215//9326 5016//5021
f 9218//9327 9217//9327 9215//9326 9216//9325
f 4914//4894 4912//4893 4846//4822 4922//4903
f 4844//4820 4845//4819 4913//4892 4921//4902
f 4845//4819 4846//4822 4912//4893 4913//4892
f 4837//4810 4828//4804 4829//4803 4836//4811
f 4717//4789 89//4788 4828//4804 4837//4810
f 4828//4804 89//4788 1//1
f 4832//4808 3//6 2//7
f 4838//4812 8//22 7//16
f 107//28 4844//4820 9//135
f 4751//4530 4848//9121 4749//4525
f 4869//5203 9212//9319 4870//9318 4824//5204
f 4926//4910 4767//4925 4934//4919 4765//4911
f 4965//4962 4964//4961 4963//4956 4776//4959
f 4966//4958 4778//4967 4965//4962 4776//4959
f 4973//4974 4974//4973 4782//4985 4781//4976
f 5004//5007 5018//5027 5033//7781 5003//5008
f 5121//7479 5120//7483 5119//5146 5114//5143
f 5141//5177 5143//7987 5140//5174 4817//5173
f 5176//5229 5175//5233 5174//5237 5173//5230
f 5145//5180 9214//9322 5144//5178 4818//5179
f 6862//6931 6863//6933 6864//6934 6861//6932
f 9//135 4834//4806 2//7
f 4837//4810 4//12 4717//4789
f 4766//4917 4768//4916 4934//4919 4767//4925
f 4990//4993 4784//4997 5005//5010 4993//4994
f 5076//5095 4804//5098 5071//5092 5072//5091
f 9216//9325 4787//5020 5012//5019
f 5049//5059 4795//5062 5050//7316
f 7246//7319 7245//7314 7244//7315
f 7589//7666 6626//6693 6627//6697
f 4418//4485 9005//9110 4752//4790
f 4418//4485 8981//9087 9005//9110
f 9005//9110 4851//4824 4753//4791 4752//4790
f 4851//4824 11//35 4753//4791
f 4810//5124 4809//5123 5089//5122 5099//9324
f 288//257 4704//4773 2711//2740 289//258
f 4982//4981 9209//9315 7314//7385
f 5012//5019 9209//9315 9211//9317
f 4982//4981 4781//4976 4782//4985 9209//9315
f 4782//4985 4983//4984 9208//9316 9209//9315
f 7244//7315 7242//7312 5048//5060 5049//5059
f 7242//7312 5054//5069 5052//5064 5048//5060
f 5054//5069 5051//5065 5052//5064
f 7582//7660 7583//7659 5117//5144 7909//8014
f 7588//7664 7584//7663 7582//7660 7909//8014
f 9220//9328 9221//9329 7588//7664 7909//8014
f 7588//7664 9221//9329 7776//7864 7771//7856
f 7591//7669 7776//7864 9221//9329 9220//9328
f 7591//7669 9220//9328 7909//8014 7590//7670
f 9219//9323 5099//9330 4810//9331 4807//9332
f 4894//4872 4881//4859 4762//4896
f 4881//4859 4882//4858 4762//4896
f 4722//4800 9223//9333 9222//9334 4721//4797
f 9225//9335 9224//9335 9222//9334 9223//9333
f 9227//9333 9226//9335 9225//9335 9223//9333
f 4722//4800 4729//4800 9227//9333 9223//9333
f 9209//9315 5012//5019 5013//5018 7314//7385
